  0
SECTION
  2
HEADER
  9
$ANGBASE
  50
0.0
  9
$ANGDIR
  70
1
  9
$MEASUREMENT
  70
1
  0
ENDSEC
  0
SECTION
  2
TABLES
  0
TABLE
  2
LTYPE
  70
4
  0
LTYPE
  5
40F
  2
CONTINUOUS
  70
0
  3
Solid line
  72
65
  73
0
  40
0.0
  0
LTYPE
  5
410
  2
DASHDOT
 70
0
  3
Dash Dot ____ _ ____ _
 72
65
 73
4
 40
2.0
 49
1.25
 49
-0.25
 49
0.25
 49
-0.25
  0
LTYPE
  5
411
  2
DASHED
 70
0
  3
Dashed __ __ __ __ __
 72
65
 73
2
 40
0.75
 49
0.5
 49
-0.25
  0
LTYPE
  5
43B
  2
DOTTED
 70
0
  3
Dotted .  .  .  .
 72
65
 73
2
 40
0.2
 49
0.0
 49
-0.2
  0
ENDTAB
  0
TABLE
  2
STYLE
  70
4
  0
STYLE
  2
KICAD
  70
0
  40
0
  41
1
  42
1
  50
0
  71
0
  3
isocp.shx
  0
STYLE
  2
KICADB
  70
0
  40
0
  41
1
  42
1
  50
0
  71
0
  3
isocp.shx
  0
STYLE
  2
KICADI
  70
0
  40
0
  41
1
  42
1
  50
15
  71
0
  3
isocp.shx
  0
STYLE
  2
KICADBI
  70
0
  40
0
  41
1
  42
1
  50
15
  71
0
  3
isocp.shx
  0
ENDTAB
  0
TABLE
  2
LAYER
  70
1
  0
LAYER
  2
BLACK
  70
0
  62
7
  6
CONTINUOUS
  0
ENDTAB
  0
ENDSEC
  0
SECTION
  2
ENTITIES
0
LINE
8
BLACK
6
CONTINUOUS
10
207.594506999999993
20
-74.0048149999999936
11
207.5980169999999987
21
-74.0048149999999936
0
LINE
8
BLACK
6
CONTINUOUS
10
207.5980169999999987
20
-74.0048149999999936
11
207.790284999999983
21
-74.043059999999997
0
LINE
8
BLACK
6
CONTINUOUS
10
207.790284999999983
20
-74.043059999999997
11
207.9713969999999961
21
-74.1180789999999945
0
LINE
8
BLACK
6
CONTINUOUS
10
207.9713969999999961
20
-74.1180789999999945
11
208.1343929999999887
21
-74.2269900000000007
0
LINE
8
BLACK
6
CONTINUOUS
10
208.1343929999999887
20
-74.2269900000000007
11
208.2730099999999993
21
-74.3656069999999971
0
LINE
8
BLACK
6
CONTINUOUS
10
208.2730099999999993
20
-74.3656069999999971
11
208.3819209999999771
21
-74.5286029999999897
0
LINE
8
BLACK
6
CONTINUOUS
10
208.3819209999999771
20
-74.5286029999999897
11
208.456940000000003
21
-74.7097150000000028
0
LINE
8
BLACK
6
CONTINUOUS
10
208.456940000000003
20
-74.7097150000000028
11
208.4951849999999922
21
-74.9019830000000013
0
LINE
8
BLACK
6
CONTINUOUS
10
208.4951849999999922
20
-74.9019830000000013
11
208.5
21
-75.
0
LINE
8
BLACK
6
CONTINUOUS
10
208.5
20
-75.
11
208.5
21
-81.5857859999999988
0
LINE
8
BLACK
6
CONTINUOUS
10
208.5
20
-81.5857859999999988
11
209.4571069999999793
21
-82.5428929999999923
0
LINE
8
BLACK
6
CONTINUOUS
10
209.4571069999999793
20
-82.5428929999999923
11
209.5230109999999968
21
-82.6156059999999997
0
LINE
8
BLACK
6
CONTINUOUS
10
209.5230109999999968
20
-82.6156059999999997
11
209.5974339999999927
21
-82.7269900000000007
0
LINE
8
BLACK
6
CONTINUOUS
10
209.5974339999999927
20
-82.7269900000000007
11
209.6319209999999771
21
-82.7786029999999897
0
LINE
8
BLACK
6
CONTINUOUS
10
209.6319209999999771
20
-82.7786029999999897
11
209.706940000000003
21
-82.9597150000000028
0
LINE
8
BLACK
6
CONTINUOUS
10
209.706940000000003
20
-82.9597150000000028
11
209.7451849999999922
21
-83.1519830000000013
0
LINE
8
BLACK
6
CONTINUOUS
10
209.7451849999999922
20
-83.1519830000000013
11
209.75
21
-83.25
0
LINE
8
BLACK
6
CONTINUOUS
10
209.75
20
-83.25
11
209.75
21
-86.5
0
LINE
8
BLACK
6
CONTINUOUS
10
209.75
20
-86.5
11
209.7451849999999922
21
-86.5980169999999987
0
LINE
8
BLACK
6
CONTINUOUS
10
209.7451849999999922
20
-86.5980169999999987
11
209.706940000000003
21
-86.7902849999999972
0
LINE
8
BLACK
6
CONTINUOUS
10
209.706940000000003
20
-86.7902849999999972
11
209.6319209999999771
21
-86.9713969999999961
0
LINE
8
BLACK
6
CONTINUOUS
10
209.6319209999999771
20
-86.9713969999999961
11
209.5230099999999993
21
-87.1343930000000029
0
LINE
8
BLACK
6
CONTINUOUS
10
209.5230099999999993
20
-87.1343930000000029
11
209.3843929999999887
21
-87.2730099999999993
0
LINE
8
BLACK
6
CONTINUOUS
10
209.3843929999999887
20
-87.2730099999999993
11
209.2213969999999961
21
-87.3819209999999913
0
LINE
8
BLACK
6
CONTINUOUS
10
209.2213969999999961
20
-87.3819209999999913
11
209.040284999999983
21
-87.456940000000003
0
LINE
8
BLACK
6
CONTINUOUS
10
209.040284999999983
20
-87.456940000000003
11
208.8480169999999987
21
-87.4951849999999922
0
LINE
8
BLACK
6
CONTINUOUS
10
208.8480169999999987
20
-87.4951849999999922
11
208.75
21
-87.5
0
LINE
8
BLACK
6
CONTINUOUS
10
208.75
20
-87.5
11
204.
21
-87.5
0
LINE
8
BLACK
6
CONTINUOUS
10
204.
20
-87.5
11
203.9019830000000013
21
-87.4951849999999922
0
LINE
8
BLACK
6
CONTINUOUS
10
203.9019830000000013
20
-87.4951849999999922
11
203.7097149999999885
21
-87.456940000000003
0
LINE
8
BLACK
6
CONTINUOUS
10
203.7097149999999885
20
-87.456940000000003
11
203.5286030000000039
21
-87.3819209999999913
0
LINE
8
BLACK
6
CONTINUOUS
10
203.5286030000000039
20
-87.3819209999999913
11
203.4819870000000037
21
-87.3507729999999896
0
LINE
8
BLACK
6
CONTINUOUS
10
203.4819870000000037
20
-87.3507729999999896
11
203.3656059999999854
21
-87.2730109999999968
0
LINE
8
BLACK
6
CONTINUOUS
10
203.3656059999999854
20
-87.2730109999999968
11
203.2928929999999923
21
-87.2071069999999935
0
LINE
8
BLACK
6
CONTINUOUS
10
203.2928929999999923
20
-87.2071069999999935
11
202.9957859999999812
21
-86.9099999999999966
0
LINE
8
BLACK
6
CONTINUOUS
10
202.9957859999999812
20
-86.9099999999999966
11
201.3100000000000023
21
-86.9099999999999966
0
LINE
8
BLACK
6
CONTINUOUS
10
201.3100000000000023
20
-86.9099999999999966
11
201.3100000000000023
21
-88.1899999999999977
0
LINE
8
BLACK
6
CONTINUOUS
10
201.3100000000000023
20
-88.1899999999999977
11
201.3051849999999945
21
-88.2880169999999964
0
LINE
8
BLACK
6
CONTINUOUS
10
201.3051849999999945
20
-88.2880169999999964
11
201.2669399999999769
21
-88.480284999999995
0
LINE
8
BLACK
6
CONTINUOUS
10
201.2669399999999769
20
-88.480284999999995
11
201.1919209999999794
21
-88.6613969999999938
0
LINE
8
BLACK
6
CONTINUOUS
10
201.1919209999999794
20
-88.6613969999999938
11
201.1374649999999917
21
-88.7428949999999901
0
LINE
8
BLACK
6
CONTINUOUS
10
201.1374649999999917
20
-88.7428949999999901
11
201.0830100000000016
21
-88.8243939999999981
0
LINE
8
BLACK
6
CONTINUOUS
10
201.0830100000000016
20
-88.8243939999999981
11
201.0171069999999816
21
-88.8971069999999912
0
LINE
8
BLACK
6
CONTINUOUS
10
201.0171069999999816
20
-88.8971069999999912
11
198.2071069999999793
21
-91.7071069999999935
0
LINE
8
BLACK
6
CONTINUOUS
10
198.2071069999999793
20
-91.7071069999999935
11
198.1343939999999861
21
-91.7730109999999968
0
LINE
8
BLACK
6
CONTINUOUS
10
198.1343939999999861
20
-91.7730109999999968
11
198.0180119999999988
21
-91.8507729999999896
0
LINE
8
BLACK
6
CONTINUOUS
10
198.0180119999999988
20
-91.8507729999999896
11
197.9713969999999961
21
-91.8819209999999913
0
LINE
8
BLACK
6
CONTINUOUS
10
197.9713969999999961
20
-91.8819209999999913
11
197.790284999999983
21
-91.9569399999999888
0
LINE
8
BLACK
6
CONTINUOUS
10
197.790284999999983
20
-91.9569399999999888
11
197.5980169999999987
21
-91.9951849999999922
0
LINE
8
BLACK
6
CONTINUOUS
10
197.5980169999999987
20
-91.9951849999999922
11
197.5
21
-92.
0
LINE
8
BLACK
6
CONTINUOUS
10
197.5
20
-92.
11
172.5
21
-92.
0
LINE
8
BLACK
6
CONTINUOUS
10
172.5
20
-92.
11
172.4019830000000013
21
-91.9951849999999922
0
LINE
8
BLACK
6
CONTINUOUS
10
172.4019830000000013
20
-91.9951849999999922
11
172.2097149999999885
21
-91.9569399999999888
0
LINE
8
BLACK
6
CONTINUOUS
10
172.2097149999999885
20
-91.9569399999999888
11
172.0286030000000039
21
-91.8819209999999913
0
LINE
8
BLACK
6
CONTINUOUS
10
172.0286030000000039
20
-91.8819209999999913
11
171.8656059999999854
21
-91.7730099999999993
0
LINE
8
BLACK
6
CONTINUOUS
10
171.8656059999999854
20
-91.7730099999999993
11
171.7928929999999923
21
-91.7071069999999935
0
LINE
8
BLACK
6
CONTINUOUS
10
171.7928929999999923
20
-91.7071069999999935
11
170.2928929999999923
21
-90.2071069999999935
0
LINE
8
BLACK
6
CONTINUOUS
10
170.2928929999999923
20
-90.2071069999999935
11
170.2269890000000032
21
-90.1343940000000003
0
LINE
8
BLACK
6
CONTINUOUS
10
170.2269890000000032
20
-90.1343940000000003
11
170.1371910000000014
21
-90.
0
LINE
8
BLACK
6
CONTINUOUS
10
170.1371910000000014
20
-90.
11
170.1180789999999945
21
-89.9713969999999961
0
LINE
8
BLACK
6
CONTINUOUS
10
170.1180789999999945
20
-89.9713969999999961
11
170.043059999999997
21
-89.7902849999999972
0
LINE
8
BLACK
6
CONTINUOUS
10
170.043059999999997
20
-89.7902849999999972
11
170.0048149999999794
21
-89.5980169999999987
0
LINE
8
BLACK
6
CONTINUOUS
10
170.0048149999999794
20
-89.5980169999999987
11
170.
21
-89.5
0
LINE
8
BLACK
6
CONTINUOUS
10
170.
20
-89.5
11
170.
21
-84.4942139999999995
0
LINE
8
BLACK
6
CONTINUOUS
10
170.
20
-84.4942139999999995
11
169.2787600000000054
21
-83.7729739999999907
0
LINE
8
BLACK
6
CONTINUOUS
10
169.2787600000000054
20
-83.7729739999999907
11
169.1681930000000023
21
-83.7554619999999943
0
LINE
8
BLACK
6
CONTINUOUS
10
169.1681930000000023
20
-83.7554619999999943
11
168.9816459999999836
21
-83.6948489999999907
0
LINE
8
BLACK
6
CONTINUOUS
10
168.9816459999999836
20
-83.6948489999999907
11
168.8068769999999859
21
-83.6058000000000021
0
LINE
8
BLACK
6
CONTINUOUS
10
168.8068769999999859
20
-83.6058000000000021
11
168.6481899999999996
21
-83.4905069999999938
0
LINE
8
BLACK
6
CONTINUOUS
10
168.6481899999999996
20
-83.4905069999999938
11
168.509492999999992
21
-83.3518100000000004
0
LINE
8
BLACK
6
CONTINUOUS
10
168.509492999999992
20
-83.3518100000000004
11
168.3941999999999837
21
-83.1931229999999999
0
LINE
8
BLACK
6
CONTINUOUS
10
168.3941999999999837
20
-83.1931229999999999
11
168.3051509999999951
21
-83.0183540000000022
0
LINE
8
BLACK
6
CONTINUOUS
10
168.3051509999999951
20
-83.0183540000000022
11
168.2445380000000057
21
-82.8318069999999977
0
LINE
8
BLACK
6
CONTINUOUS
10
168.2445380000000057
20
-82.8318069999999977
11
168.2138530000000003
21
-82.6380740000000031
0
LINE
8
BLACK
6
CONTINUOUS
10
168.2138530000000003
20
-82.6380740000000031
11
168.2138530000000003
21
-82.4419259999999952
0
LINE
8
BLACK
6
CONTINUOUS
10
168.2138530000000003
20
-82.4419259999999952
11
168.2445380000000057
21
-82.2481930000000006
0
LINE
8
BLACK
6
CONTINUOUS
10
168.2445380000000057
20
-82.2481930000000006
11
168.3051509999999951
21
-82.0616459999999961
0
LINE
8
BLACK
6
CONTINUOUS
10
168.3051509999999951
20
-82.0616459999999961
11
168.3941999999999837
21
-81.8868769999999984
0
LINE
8
BLACK
6
CONTINUOUS
10
168.3941999999999837
20
-81.8868769999999984
11
168.509492999999992
21
-81.7281899999999979
0
LINE
8
BLACK
6
CONTINUOUS
10
168.509492999999992
20
-81.7281899999999979
11
168.6481899999999996
21
-81.5894929999999903
0
LINE
8
BLACK
6
CONTINUOUS
10
168.6481899999999996
20
-81.5894929999999903
11
168.8068769999999859
21
-81.4741999999999962
0
LINE
8
BLACK
6
CONTINUOUS
10
168.8068769999999859
20
-81.4741999999999962
11
168.9816459999999836
21
-81.3851509999999934
0
LINE
8
BLACK
6
CONTINUOUS
10
168.9816459999999836
20
-81.3851509999999934
11
169.1681930000000023
21
-81.3245379999999898
0
LINE
8
BLACK
6
CONTINUOUS
10
169.1681930000000023
20
-81.3245379999999898
11
169.3619259999999827
21
-81.2938529999999986
0
LINE
8
BLACK
6
CONTINUOUS
10
169.3619259999999827
20
-81.2938529999999986
11
169.5580740000000048
21
-81.2938529999999986
0
LINE
8
BLACK
6
CONTINUOUS
10
169.5580740000000048
20
-81.2938529999999986
11
169.7518069999999852
21
-81.3245379999999898
0
LINE
8
BLACK
6
CONTINUOUS
10
169.7518069999999852
20
-81.3245379999999898
11
169.9383540000000039
21
-81.3851509999999934
0
LINE
8
BLACK
6
CONTINUOUS
10
169.9383540000000039
20
-81.3851509999999934
11
170.1131230000000016
21
-81.4741999999999962
0
LINE
8
BLACK
6
CONTINUOUS
10
170.1131230000000016
20
-81.4741999999999962
11
170.2718099999999879
21
-81.5894929999999903
0
LINE
8
BLACK
6
CONTINUOUS
10
170.2718099999999879
20
-81.5894929999999903
11
170.4105069999999955
21
-81.7281899999999979
0
LINE
8
BLACK
6
CONTINUOUS
10
170.4105069999999955
20
-81.7281899999999979
11
170.5258000000000038
21
-81.8868769999999984
0
LINE
8
BLACK
6
CONTINUOUS
10
170.5258000000000038
20
-81.8868769999999984
11
170.6148489999999924
21
-82.0616459999999961
0
LINE
8
BLACK
6
CONTINUOUS
10
170.6148489999999924
20
-82.0616459999999961
11
170.6754619999999818
21
-82.2481930000000006
0
LINE
8
BLACK
6
CONTINUOUS
10
170.6754619999999818
20
-82.2481930000000006
11
170.6929739999999924
21
-82.3587599999999895
0
LINE
8
BLACK
6
CONTINUOUS
10
170.6929739999999924
20
-82.3587599999999895
11
171.7071069999999793
21
-83.3728929999999906
0
LINE
8
BLACK
6
CONTINUOUS
10
171.7071069999999793
20
-83.3728929999999906
11
171.7730109999999968
21
-83.4456069999999954
0
LINE
8
BLACK
6
CONTINUOUS
10
171.7730109999999968
20
-83.4456069999999954
11
171.838296999999983
21
-83.5433159999999901
0
LINE
8
BLACK
6
CONTINUOUS
10
171.838296999999983
20
-83.5433159999999901
11
171.8819210000000055
21
-83.6086030000000022
0
LINE
8
BLACK
6
CONTINUOUS
10
171.8819210000000055
20
-83.6086030000000022
11
171.956940000000003
21
-83.7897150000000011
0
LINE
8
BLACK
6
CONTINUOUS
10
171.956940000000003
20
-83.7897150000000011
11
171.9951849999999922
21
-83.9819829999999996
0
LINE
8
BLACK
6
CONTINUOUS
10
171.9951849999999922
20
-83.9819829999999996
11
172.
21
-84.0799999999999983
0
LINE
8
BLACK
6
CONTINUOUS
10
172.
20
-84.0799999999999983
11
172.
21
-89.0857859999999988
0
LINE
8
BLACK
6
CONTINUOUS
10
172.
20
-89.0857859999999988
11
172.914213999999987
21
-90.
0
LINE
8
BLACK
6
CONTINUOUS
10
172.914213999999987
20
-90.
11
197.0857859999999846
21
-90.
0
LINE
8
BLACK
6
CONTINUOUS
10
197.0857859999999846
20
-90.
11
199.3100000000000023
21
-87.7757859999999965
0
LINE
8
BLACK
6
CONTINUOUS
10
199.3100000000000023
20
-87.7757859999999965
11
199.3100000000000023
21
-85.9099999999999966
0
LINE
8
BLACK
6
CONTINUOUS
10
199.3100000000000023
20
-85.9099999999999966
11
199.3148149999999816
21
-85.8119829999999979
0
LINE
8
BLACK
6
CONTINUOUS
10
199.3148149999999816
20
-85.8119829999999979
11
199.3530599999999993
21
-85.6197149999999993
0
LINE
8
BLACK
6
CONTINUOUS
10
199.3530599999999993
20
-85.6197149999999993
11
199.4280789999999968
21
-85.4386030000000005
0
LINE
8
BLACK
6
CONTINUOUS
10
199.4280789999999968
20
-85.4386030000000005
11
199.536990000000003
21
-85.2756069999999937
0
LINE
8
BLACK
6
CONTINUOUS
10
199.536990000000003
20
-85.2756069999999937
11
199.6756069999999852
21
-85.1369899999999973
0
LINE
8
BLACK
6
CONTINUOUS
10
199.6756069999999852
20
-85.1369899999999973
11
199.8386029999999778
21
-85.0280789999999911
0
LINE
8
BLACK
6
CONTINUOUS
10
199.8386029999999778
20
-85.0280789999999911
11
200.0197149999999908
21
-84.9530599999999936
0
LINE
8
BLACK
6
CONTINUOUS
10
200.0197149999999908
20
-84.9530599999999936
11
200.2119830000000036
21
-84.9148149999999902
0
LINE
8
BLACK
6
CONTINUOUS
10
200.2119830000000036
20
-84.9148149999999902
11
200.3100000000000023
21
-84.9099999999999966
0
LINE
8
BLACK
6
CONTINUOUS
10
200.3100000000000023
20
-84.9099999999999966
11
203.4099999999999966
21
-84.9099999999999966
0
LINE
8
BLACK
6
CONTINUOUS
10
203.4099999999999966
20
-84.9099999999999966
11
203.5080169999999953
21
-84.9148149999999902
0
LINE
8
BLACK
6
CONTINUOUS
10
203.5080169999999953
20
-84.9148149999999902
11
203.7002849999999796
21
-84.9530599999999936
0
LINE
8
BLACK
6
CONTINUOUS
10
203.7002849999999796
20
-84.9530599999999936
11
203.8813969999999927
21
-85.0280789999999911
0
LINE
8
BLACK
6
CONTINUOUS
10
203.8813969999999927
20
-85.0280789999999911
11
203.8946579999999926
21
-85.0369400000000013
0
LINE
8
BLACK
6
CONTINUOUS
10
203.8946579999999926
20
-85.0369400000000013
11
204.0443939999999827
21
-85.1369889999999998
0
LINE
8
BLACK
6
CONTINUOUS
10
204.0443939999999827
20
-85.1369889999999998
11
204.1171070000000043
21
-85.2028930000000031
0
LINE
8
BLACK
6
CONTINUOUS
10
204.1171070000000043
20
-85.2028930000000031
11
204.414213999999987
21
-85.5
0
LINE
8
BLACK
6
CONTINUOUS
10
204.414213999999987
20
-85.5
11
207.75
21
-85.5
0
LINE
8
BLACK
6
CONTINUOUS
10
207.75
20
-85.5
11
207.75
21
-83.6642140000000012
0
LINE
8
BLACK
6
CONTINUOUS
10
207.75
20
-83.6642140000000012
11
206.7928929999999923
21
-82.7071069999999935
0
LINE
8
BLACK
6
CONTINUOUS
10
206.7928929999999923
20
-82.7071069999999935
11
206.7269890000000032
21
-82.6343940000000003
0
LINE
8
BLACK
6
CONTINUOUS
10
206.7269890000000032
20
-82.6343940000000003
11
206.6292259999999885
21
-82.488078999999999
0
LINE
8
BLACK
6
CONTINUOUS
10
206.6292259999999885
20
-82.488078999999999
11
206.6180789999999945
21
-82.4713969999999961
0
LINE
8
BLACK
6
CONTINUOUS
10
206.6180789999999945
20
-82.4713969999999961
11
206.543059999999997
21
-82.2902849999999972
0
LINE
8
BLACK
6
CONTINUOUS
10
206.543059999999997
20
-82.2902849999999972
11
206.5048149999999794
21
-82.0980169999999987
0
LINE
8
BLACK
6
CONTINUOUS
10
206.5048149999999794
20
-82.0980169999999987
11
206.5
21
-82.
0
LINE
8
BLACK
6
CONTINUOUS
10
206.5
20
-82.
11
206.5
21
-75.
0
LINE
8
BLACK
6
CONTINUOUS
10
206.5
20
-75.
11
206.5048149999999794
21
-74.9019830000000013
0
LINE
8
BLACK
6
CONTINUOUS
10
206.5048149999999794
20
-74.9019830000000013
11
206.543059999999997
21
-74.7097150000000028
0
LINE
8
BLACK
6
CONTINUOUS
10
206.543059999999997
20
-74.7097150000000028
11
206.6180789999999945
21
-74.5286029999999897
0
LINE
8
BLACK
6
CONTINUOUS
10
206.6180789999999945
20
-74.5286029999999897
11
206.7269900000000007
21
-74.3656069999999971
0
LINE
8
BLACK
6
CONTINUOUS
10
206.7269900000000007
20
-74.3656069999999971
11
206.8656069999999829
21
-74.2269900000000007
0
LINE
8
BLACK
6
CONTINUOUS
10
206.8656069999999829
20
-74.2269900000000007
11
207.0286030000000039
21
-74.1180789999999945
0
LINE
8
BLACK
6
CONTINUOUS
10
207.0286030000000039
20
-74.1180789999999945
11
207.2097149999999885
21
-74.043059999999997
0
LINE
8
BLACK
6
CONTINUOUS
10
207.2097149999999885
20
-74.043059999999997
11
207.4019830000000013
21
-74.0048149999999936
0
LINE
8
BLACK
6
CONTINUOUS
10
207.4019830000000013
20
-74.0048149999999936
11
207.4054929999999786
21
-74.0048149999999936
0
LINE
8
BLACK
6
CONTINUOUS
10
207.4054929999999786
20
-74.0048149999999936
11
207.4066389999999842
21
-74.0045870000000008
0
LINE
8
BLACK
6
CONTINUOUS
10
207.4066389999999842
20
-74.0045870000000008
11
207.5933609999999874
21
-74.0045870000000008
0
LINE
8
BLACK
6
CONTINUOUS
10
207.5933609999999874
20
-74.0045870000000008
11
207.594506999999993
21
-74.0048149999999936
0
LINE
8
BLACK
6
CONTINUOUS
10
177.6677139999999895
20
-85.1922950000000014
11
177.8035479999999779
21
-85.2485590000000002
0
LINE
8
BLACK
6
CONTINUOUS
10
177.8035479999999779
20
-85.2485590000000002
11
177.9257949999999937
21
-85.3302419999999984
0
LINE
8
BLACK
6
CONTINUOUS
10
177.9257949999999937
20
-85.3302419999999984
11
178.0297579999999869
21
-85.4342049999999915
0
LINE
8
BLACK
6
CONTINUOUS
10
178.0297579999999869
20
-85.4342049999999915
11
178.111440999999985
21
-85.5564519999999931
0
LINE
8
BLACK
6
CONTINUOUS
10
178.111440999999985
20
-85.5564519999999931
11
178.1677049999999838
21
-85.6922859999999957
0
LINE
8
BLACK
6
CONTINUOUS
10
178.1677049999999838
20
-85.6922859999999957
11
178.1963889999999822
21
-85.8364869999999911
0
LINE
8
BLACK
6
CONTINUOUS
10
178.1963889999999822
20
-85.8364869999999911
11
178.1963889999999822
21
-85.9835130000000021
0
LINE
8
BLACK
6
CONTINUOUS
10
178.1963889999999822
20
-85.9835130000000021
11
178.1677049999999838
21
-86.1277139999999974
0
LINE
8
BLACK
6
CONTINUOUS
10
178.1677049999999838
20
-86.1277139999999974
11
178.111440999999985
21
-86.2635480000000001
0
LINE
8
BLACK
6
CONTINUOUS
10
178.111440999999985
20
-86.2635480000000001
11
178.0297579999999869
21
-86.3857950000000017
0
LINE
8
BLACK
6
CONTINUOUS
10
178.0297579999999869
20
-86.3857950000000017
11
177.9257949999999937
21
-86.4897579999999948
0
LINE
8
BLACK
6
CONTINUOUS
10
177.9257949999999937
20
-86.4897579999999948
11
177.8035479999999779
21
-86.571440999999993
0
LINE
8
BLACK
6
CONTINUOUS
10
177.8035479999999779
20
-86.571440999999993
11
177.6677139999999895
21
-86.6277049999999917
0
LINE
8
BLACK
6
CONTINUOUS
10
177.6677139999999895
20
-86.6277049999999917
11
177.5235129999999799
21
-86.6563889999999901
0
LINE
8
BLACK
6
CONTINUOUS
10
177.5235129999999799
20
-86.6563889999999901
11
177.3764869999999974
21
-86.6563889999999901
0
LINE
8
BLACK
6
CONTINUOUS
10
177.3764869999999974
20
-86.6563889999999901
11
177.2322859999999878
21
-86.6277049999999917
0
LINE
8
BLACK
6
CONTINUOUS
10
177.2322859999999878
20
-86.6277049999999917
11
177.0964519999999993
21
-86.571440999999993
0
LINE
8
BLACK
6
CONTINUOUS
10
177.0964519999999993
20
-86.571440999999993
11
176.9742049999999836
21
-86.4897579999999948
0
LINE
8
BLACK
6
CONTINUOUS
10
176.9742049999999836
20
-86.4897579999999948
11
176.8702419999999904
21
-86.3857950000000017
0
LINE
8
BLACK
6
CONTINUOUS
10
176.8702419999999904
20
-86.3857950000000017
11
176.7885589999999922
21
-86.2635480000000001
0
LINE
8
BLACK
6
CONTINUOUS
10
176.7885589999999922
20
-86.2635480000000001
11
176.7322949999999935
21
-86.1277139999999974
0
LINE
8
BLACK
6
CONTINUOUS
10
176.7322949999999935
20
-86.1277139999999974
11
176.7036109999999951
21
-85.9835130000000021
0
LINE
8
BLACK
6
CONTINUOUS
10
176.7036109999999951
20
-85.9835130000000021
11
176.7036109999999951
21
-85.8364869999999911
0
LINE
8
BLACK
6
CONTINUOUS
10
176.7036109999999951
20
-85.8364869999999911
11
176.7322949999999935
21
-85.6922859999999957
0
LINE
8
BLACK
6
CONTINUOUS
10
176.7322949999999935
20
-85.6922859999999957
11
176.7885589999999922
21
-85.5564519999999931
0
LINE
8
BLACK
6
CONTINUOUS
10
176.7885589999999922
20
-85.5564519999999931
11
176.8702419999999904
21
-85.4342049999999915
0
LINE
8
BLACK
6
CONTINUOUS
10
176.8702419999999904
20
-85.4342049999999915
11
176.9742049999999836
21
-85.3302419999999984
0
LINE
8
BLACK
6
CONTINUOUS
10
176.9742049999999836
20
-85.3302419999999984
11
177.0964519999999993
21
-85.2485590000000002
0
LINE
8
BLACK
6
CONTINUOUS
10
177.0964519999999993
20
-85.2485590000000002
11
177.2322859999999878
21
-85.1922950000000014
0
LINE
8
BLACK
6
CONTINUOUS
10
177.2322859999999878
20
-85.1922950000000014
11
177.3764869999999974
21
-85.1636110000000031
0
LINE
8
BLACK
6
CONTINUOUS
10
177.3764869999999974
20
-85.1636110000000031
11
177.5235129999999799
21
-85.1636110000000031
0
LINE
8
BLACK
6
CONTINUOUS
10
177.5235129999999799
20
-85.1636110000000031
11
177.6677139999999895
21
-85.1922950000000014
0
LINE
8
BLACK
6
CONTINUOUS
10
177.6677139999999895
20
-80.1122950000000031
11
177.8035479999999779
21
-80.1685590000000019
0
LINE
8
BLACK
6
CONTINUOUS
10
177.8035479999999779
20
-80.1685590000000019
11
177.9257949999999937
21
-80.2502420000000001
0
LINE
8
BLACK
6
CONTINUOUS
10
177.9257949999999937
20
-80.2502420000000001
11
178.0297579999999869
21
-80.3542049999999932
0
LINE
8
BLACK
6
CONTINUOUS
10
178.0297579999999869
20
-80.3542049999999932
11
178.111440999999985
21
-80.4764519999999948
0
LINE
8
BLACK
6
CONTINUOUS
10
178.111440999999985
20
-80.4764519999999948
11
178.1677049999999838
21
-80.6122859999999974
0
LINE
8
BLACK
6
CONTINUOUS
10
178.1677049999999838
20
-80.6122859999999974
11
178.1963889999999822
21
-80.7564869999999928
0
LINE
8
BLACK
6
CONTINUOUS
10
178.1963889999999822
20
-80.7564869999999928
11
178.1963889999999822
21
-80.9035129999999896
0
LINE
8
BLACK
6
CONTINUOUS
10
178.1963889999999822
20
-80.9035129999999896
11
178.1677049999999838
21
-81.0477139999999991
0
LINE
8
BLACK
6
CONTINUOUS
10
178.1677049999999838
20
-81.0477139999999991
11
178.111440999999985
21
-81.1835480000000018
0
LINE
8
BLACK
6
CONTINUOUS
10
178.111440999999985
20
-81.1835480000000018
11
178.0297579999999869
21
-81.3057950000000034
0
LINE
8
BLACK
6
CONTINUOUS
10
178.0297579999999869
20
-81.3057950000000034
11
177.9257949999999937
21
-81.4097579999999965
0
LINE
8
BLACK
6
CONTINUOUS
10
177.9257949999999937
20
-81.4097579999999965
11
177.8035479999999779
21
-81.4914409999999947
0
LINE
8
BLACK
6
CONTINUOUS
10
177.8035479999999779
20
-81.4914409999999947
11
177.6677139999999895
21
-81.5477049999999934
0
LINE
8
BLACK
6
CONTINUOUS
10
177.6677139999999895
20
-81.5477049999999934
11
177.5235129999999799
21
-81.5763889999999918
0
LINE
8
BLACK
6
CONTINUOUS
10
177.5235129999999799
20
-81.5763889999999918
11
177.3764869999999974
21
-81.5763889999999918
0
LINE
8
BLACK
6
CONTINUOUS
10
177.3764869999999974
20
-81.5763889999999918
11
177.2322859999999878
21
-81.5477049999999934
0
LINE
8
BLACK
6
CONTINUOUS
10
177.2322859999999878
20
-81.5477049999999934
11
177.0964519999999993
21
-81.4914409999999947
0
LINE
8
BLACK
6
CONTINUOUS
10
177.0964519999999993
20
-81.4914409999999947
11
176.9742049999999836
21
-81.4097579999999965
0
LINE
8
BLACK
6
CONTINUOUS
10
176.9742049999999836
20
-81.4097579999999965
11
176.8702419999999904
21
-81.3057950000000034
0
LINE
8
BLACK
6
CONTINUOUS
10
176.8702419999999904
20
-81.3057950000000034
11
176.7885589999999922
21
-81.1835480000000018
0
LINE
8
BLACK
6
CONTINUOUS
10
176.7885589999999922
20
-81.1835480000000018
11
176.7322949999999935
21
-81.0477139999999991
0
LINE
8
BLACK
6
CONTINUOUS
10
176.7322949999999935
20
-81.0477139999999991
11
176.7036109999999951
21
-80.9035129999999896
0
LINE
8
BLACK
6
CONTINUOUS
10
176.7036109999999951
20
-80.9035129999999896
11
176.7036109999999951
21
-80.7564869999999928
0
LINE
8
BLACK
6
CONTINUOUS
10
176.7036109999999951
20
-80.7564869999999928
11
176.7322949999999935
21
-80.6122859999999974
0
LINE
8
BLACK
6
CONTINUOUS
10
176.7322949999999935
20
-80.6122859999999974
11
176.7885589999999922
21
-80.4764519999999948
0
LINE
8
BLACK
6
CONTINUOUS
10
176.7885589999999922
20
-80.4764519999999948
11
176.8702419999999904
21
-80.3542049999999932
0
LINE
8
BLACK
6
CONTINUOUS
10
176.8702419999999904
20
-80.3542049999999932
11
176.9742049999999836
21
-80.2502420000000001
0
LINE
8
BLACK
6
CONTINUOUS
10
176.9742049999999836
20
-80.2502420000000001
11
177.0964519999999993
21
-80.1685590000000019
0
LINE
8
BLACK
6
CONTINUOUS
10
177.0964519999999993
20
-80.1685590000000019
11
177.2322859999999878
21
-80.1122950000000031
0
LINE
8
BLACK
6
CONTINUOUS
10
177.2322859999999878
20
-80.1122950000000031
11
177.3764869999999974
21
-80.0836109999999906
0
LINE
8
BLACK
6
CONTINUOUS
10
177.3764869999999974
20
-80.0836109999999906
11
177.5235129999999799
21
-80.0836109999999906
0
LINE
8
BLACK
6
CONTINUOUS
10
177.5235129999999799
20
-80.0836109999999906
11
177.6677139999999895
21
-80.1122950000000031
0
LINE
8
BLACK
6
CONTINUOUS
10
200.5277140000000031
20
-80.1122950000000031
11
200.6635479999999916
21
-80.1685590000000019
0
LINE
8
BLACK
6
CONTINUOUS
10
200.6635479999999916
20
-80.1685590000000019
11
200.7857949999999789
21
-80.2502420000000001
0
LINE
8
BLACK
6
CONTINUOUS
10
200.7857949999999789
20
-80.2502420000000001
11
200.8897580000000005
21
-80.3542049999999932
0
LINE
8
BLACK
6
CONTINUOUS
10
200.8897580000000005
20
-80.3542049999999932
11
200.9714409999999987
21
-80.4764519999999948
0
LINE
8
BLACK
6
CONTINUOUS
10
200.9714409999999987
20
-80.4764519999999948
11
201.0277049999999974
21
-80.6122859999999974
0
LINE
8
BLACK
6
CONTINUOUS
10
201.0277049999999974
20
-80.6122859999999974
11
201.0563889999999958
21
-80.7564869999999928
0
LINE
8
BLACK
6
CONTINUOUS
10
201.0563889999999958
20
-80.7564869999999928
11
201.0563889999999958
21
-80.9035129999999896
0
LINE
8
BLACK
6
CONTINUOUS
10
201.0563889999999958
20
-80.9035129999999896
11
201.0277049999999974
21
-81.0477139999999991
0
LINE
8
BLACK
6
CONTINUOUS
10
201.0277049999999974
20
-81.0477139999999991
11
200.9714409999999987
21
-81.1835480000000018
0
LINE
8
BLACK
6
CONTINUOUS
10
200.9714409999999987
20
-81.1835480000000018
11
200.8897580000000005
21
-81.3057950000000034
0
LINE
8
BLACK
6
CONTINUOUS
10
200.8897580000000005
20
-81.3057950000000034
11
200.7857949999999789
21
-81.4097579999999965
0
LINE
8
BLACK
6
CONTINUOUS
10
200.7857949999999789
20
-81.4097579999999965
11
200.6635479999999916
21
-81.4914409999999947
0
LINE
8
BLACK
6
CONTINUOUS
10
200.6635479999999916
20
-81.4914409999999947
11
200.5277140000000031
21
-81.5477049999999934
0
LINE
8
BLACK
6
CONTINUOUS
10
200.5277140000000031
20
-81.5477049999999934
11
200.3835129999999936
21
-81.5763889999999918
0
LINE
8
BLACK
6
CONTINUOUS
10
200.3835129999999936
20
-81.5763889999999918
11
200.2364869999999826
21
-81.5763889999999918
0
LINE
8
BLACK
6
CONTINUOUS
10
200.2364869999999826
20
-81.5763889999999918
11
200.0922860000000014
21
-81.5477049999999934
0
LINE
8
BLACK
6
CONTINUOUS
10
200.0922860000000014
20
-81.5477049999999934
11
199.9564519999999845
21
-81.4914409999999947
0
LINE
8
BLACK
6
CONTINUOUS
10
199.9564519999999845
20
-81.4914409999999947
11
199.8342049999999972
21
-81.4097579999999965
0
LINE
8
BLACK
6
CONTINUOUS
10
199.8342049999999972
20
-81.4097579999999965
11
199.7302420000000041
21
-81.3057950000000034
0
LINE
8
BLACK
6
CONTINUOUS
10
199.7302420000000041
20
-81.3057950000000034
11
199.6485589999999775
21
-81.1835480000000018
0
LINE
8
BLACK
6
CONTINUOUS
10
199.6485589999999775
20
-81.1835480000000018
11
199.5922949999999787
21
-81.0477139999999991
0
LINE
8
BLACK
6
CONTINUOUS
10
199.5922949999999787
20
-81.0477139999999991
11
199.5636109999999803
21
-80.9035129999999896
0
LINE
8
BLACK
6
CONTINUOUS
10
199.5636109999999803
20
-80.9035129999999896
11
199.5636109999999803
21
-80.7564869999999928
0
LINE
8
BLACK
6
CONTINUOUS
10
199.5636109999999803
20
-80.7564869999999928
11
199.5922949999999787
21
-80.6122859999999974
0
LINE
8
BLACK
6
CONTINUOUS
10
199.5922949999999787
20
-80.6122859999999974
11
199.6485589999999775
21
-80.4764519999999948
0
LINE
8
BLACK
6
CONTINUOUS
10
199.6485589999999775
20
-80.4764519999999948
11
199.7302420000000041
21
-80.3542049999999932
0
LINE
8
BLACK
6
CONTINUOUS
10
199.7302420000000041
20
-80.3542049999999932
11
199.8342049999999972
21
-80.2502420000000001
0
LINE
8
BLACK
6
CONTINUOUS
10
199.8342049999999972
20
-80.2502420000000001
11
199.9564519999999845
21
-80.1685590000000019
0
LINE
8
BLACK
6
CONTINUOUS
10
199.9564519999999845
20
-80.1685590000000019
11
200.0922860000000014
21
-80.1122950000000031
0
LINE
8
BLACK
6
CONTINUOUS
10
200.0922860000000014
20
-80.1122950000000031
11
200.2364869999999826
21
-80.0836109999999906
0
LINE
8
BLACK
6
CONTINUOUS
10
200.2364869999999826
20
-80.0836109999999906
11
200.3835129999999936
21
-80.0836109999999906
0
LINE
8
BLACK
6
CONTINUOUS
10
200.3835129999999936
20
-80.0836109999999906
11
200.5277140000000031
21
-80.1122950000000031
0
LINE
8
BLACK
6
CONTINUOUS
10
209.290284999999983
20
-52.043059999999997
11
209.4713969999999961
21
-52.1180789999999945
0
LINE
8
BLACK
6
CONTINUOUS
10
209.4713969999999961
20
-52.1180789999999945
11
209.6343929999999887
21
-52.2269900000000007
0
LINE
8
BLACK
6
CONTINUOUS
10
209.6343929999999887
20
-52.2269900000000007
11
209.7730099999999993
21
-52.3656069999999971
0
LINE
8
BLACK
6
CONTINUOUS
10
209.7730099999999993
20
-52.3656069999999971
11
209.8819209999999771
21
-52.5286029999999968
0
LINE
8
BLACK
6
CONTINUOUS
10
209.8819209999999771
20
-52.5286029999999968
11
209.956940000000003
21
-52.7097149999999957
0
LINE
8
BLACK
6
CONTINUOUS
10
209.956940000000003
20
-52.7097149999999957
11
209.9951849999999922
21
-52.9019829999999942
0
LINE
8
BLACK
6
CONTINUOUS
10
209.9951849999999922
20
-52.9019829999999942
11
210.
21
-53.
0
LINE
8
BLACK
6
CONTINUOUS
10
210.
20
-53.
11
210.
21
-56.
0
LINE
8
BLACK
6
CONTINUOUS
10
210.
20
-56.
11
212.5999999999999943
21
-56.
0
LINE
8
BLACK
6
CONTINUOUS
10
212.5999999999999943
20
-56.
11
212.698016999999993
21
-56.0048150000000007
0
LINE
8
BLACK
6
CONTINUOUS
10
212.698016999999993
20
-56.0048150000000007
11
212.8902849999999773
21
-56.043059999999997
0
LINE
8
BLACK
6
CONTINUOUS
10
212.8902849999999773
20
-56.043059999999997
11
213.0713969999999904
21
-56.1180789999999945
0
LINE
8
BLACK
6
CONTINUOUS
10
213.0713969999999904
20
-56.1180789999999945
11
213.0875779999999793
21
-56.1288909999999959
0
LINE
8
BLACK
6
CONTINUOUS
10
213.0875779999999793
20
-56.1288909999999959
11
213.2343939999999805
21
-56.2269889999999961
0
LINE
8
BLACK
6
CONTINUOUS
10
213.2343939999999805
20
-56.2269889999999961
11
213.307107000000002
21
-56.2928929999999994
0
LINE
8
BLACK
6
CONTINUOUS
10
213.307107000000002
20
-56.2928929999999994
11
214.0071059999999932
21
-56.9928929999999951
0
LINE
8
BLACK
6
CONTINUOUS
10
214.0071059999999932
20
-56.9928929999999951
11
214.0730099999999823
21
-57.0656059999999954
0
LINE
8
BLACK
6
CONTINUOUS
10
214.0730099999999823
20
-57.0656059999999954
11
214.1482670000000041
21
-57.1782359999999983
0
LINE
8
BLACK
6
CONTINUOUS
10
214.1482670000000041
20
-57.1782359999999983
11
214.1819209999999885
21
-57.2286029999999997
0
LINE
8
BLACK
6
CONTINUOUS
10
214.1819209999999885
20
-57.2286029999999997
11
214.256939999999986
21
-57.4097149999999985
0
LINE
8
BLACK
6
CONTINUOUS
10
214.256939999999986
20
-57.4097149999999985
11
214.2951850000000036
21
-57.601982999999997
0
LINE
8
BLACK
6
CONTINUOUS
10
214.2951850000000036
20
-57.601982999999997
11
214.2999999999999829
21
-57.6999999999999957
0
LINE
8
BLACK
6
CONTINUOUS
10
214.2999999999999829
20
-57.6999999999999957
11
214.2999999999999829
21
-62.
0
LINE
8
BLACK
6
CONTINUOUS
10
214.2999999999999829
20
-62.
11
215.5
21
-62.
0
LINE
8
BLACK
6
CONTINUOUS
10
215.5
20
-62.
11
215.5980169999999987
21
-62.0048150000000007
0
LINE
8
BLACK
6
CONTINUOUS
10
215.5980169999999987
20
-62.0048150000000007
11
215.790284999999983
21
-62.043059999999997
0
LINE
8
BLACK
6
CONTINUOUS
10
215.790284999999983
20
-62.043059999999997
11
215.9713969999999961
21
-62.1180789999999945
0
LINE
8
BLACK
6
CONTINUOUS
10
215.9713969999999961
20
-62.1180789999999945
11
216.0180119999999988
21
-62.1492259999999987
0
LINE
8
BLACK
6
CONTINUOUS
10
216.0180119999999988
20
-62.1492259999999987
11
216.1343939999999861
21
-62.2269889999999961
0
LINE
8
BLACK
6
CONTINUOUS
10
216.1343939999999861
20
-62.2269889999999961
11
216.2071069999999793
21
-62.2928929999999994
0
LINE
8
BLACK
6
CONTINUOUS
10
216.2071069999999793
20
-62.2928929999999994
11
217.2071069999999793
21
-63.2928939999999969
0
LINE
8
BLACK
6
CONTINUOUS
10
217.2071069999999793
20
-63.2928939999999969
11
217.2730109999999968
21
-63.3656069999999971
0
LINE
8
BLACK
6
CONTINUOUS
10
217.2730109999999968
20
-63.3656069999999971
11
217.381922000000003
21
-63.5286039999999943
0
LINE
8
BLACK
6
CONTINUOUS
10
217.381922000000003
20
-63.5286039999999943
11
217.4569410000000005
21
-63.7097160000000002
0
LINE
8
BLACK
6
CONTINUOUS
10
217.4569410000000005
20
-63.7097160000000002
11
217.4848449999999787
21
-63.8499999999999943
0
LINE
8
BLACK
6
CONTINUOUS
10
217.4848449999999787
20
-63.8499999999999943
11
217.4951849999999922
21
-63.9019829999999942
0
LINE
8
BLACK
6
CONTINUOUS
10
217.4951849999999922
20
-63.9019829999999942
11
217.5
21
-64.
0
LINE
8
BLACK
6
CONTINUOUS
10
217.5
20
-64.
11
217.5
21
-67.5
0
LINE
8
BLACK
6
CONTINUOUS
10
217.5
20
-67.5
11
217.4951849999999922
21
-67.5980169999999987
0
LINE
8
BLACK
6
CONTINUOUS
10
217.4951849999999922
20
-67.5980169999999987
11
217.4569410000000005
21
-67.7902839999999998
0
LINE
8
BLACK
6
CONTINUOUS
10
217.4569410000000005
20
-67.7902839999999998
11
217.381922000000003
21
-67.9713959999999986
0
LINE
8
BLACK
6
CONTINUOUS
10
217.381922000000003
20
-67.9713959999999986
11
217.2730109999999968
21
-68.1343930000000029
0
LINE
8
BLACK
6
CONTINUOUS
10
217.2730109999999968
20
-68.1343930000000029
11
217.2071069999999793
21
-68.207105999999996
0
LINE
8
BLACK
6
CONTINUOUS
10
217.2071069999999793
20
-68.207105999999996
11
216.5
21
-68.9142130000000037
0
LINE
8
BLACK
6
CONTINUOUS
10
216.5
20
-68.9142130000000037
11
216.5
21
-69.5
0
LINE
8
BLACK
6
CONTINUOUS
10
216.5
20
-69.5
11
216.4951849999999922
21
-69.5980169999999987
0
LINE
8
BLACK
6
CONTINUOUS
10
216.4951849999999922
20
-69.5980169999999987
11
216.456940000000003
21
-69.7902849999999972
0
LINE
8
BLACK
6
CONTINUOUS
10
216.456940000000003
20
-69.7902849999999972
11
216.3819209999999771
21
-69.9713969999999961
0
LINE
8
BLACK
6
CONTINUOUS
10
216.3819209999999771
20
-69.9713969999999961
11
216.3570899999999995
21
-70.0085589999999911
0
LINE
8
BLACK
6
CONTINUOUS
10
216.3570899999999995
20
-70.0085589999999911
11
216.2730109999999968
21
-70.1343940000000003
0
LINE
8
BLACK
6
CONTINUOUS
10
216.2730109999999968
20
-70.1343940000000003
11
216.2071069999999793
21
-70.2071069999999935
0
LINE
8
BLACK
6
CONTINUOUS
10
216.2071069999999793
20
-70.2071069999999935
11
213.7459829999999954
21
-72.6682299999999941
0
LINE
8
BLACK
6
CONTINUOUS
10
213.7459829999999954
20
-72.6682299999999941
11
213.75
21
-72.75
0
LINE
8
BLACK
6
CONTINUOUS
10
213.75
20
-72.75
11
213.75
21
-80.5
0
LINE
8
BLACK
6
CONTINUOUS
10
213.75
20
-80.5
11
213.7451849999999922
21
-80.5980169999999987
0
LINE
8
BLACK
6
CONTINUOUS
10
213.7451849999999922
20
-80.5980169999999987
11
213.706940000000003
21
-80.7902849999999972
0
LINE
8
BLACK
6
CONTINUOUS
10
213.706940000000003
20
-80.7902849999999972
11
213.6319209999999771
21
-80.9713969999999961
0
LINE
8
BLACK
6
CONTINUOUS
10
213.6319209999999771
20
-80.9713969999999961
11
213.5230099999999993
21
-81.1343930000000029
0
LINE
8
BLACK
6
CONTINUOUS
10
213.5230099999999993
20
-81.1343930000000029
11
213.3843929999999887
21
-81.2730099999999993
0
LINE
8
BLACK
6
CONTINUOUS
10
213.3843929999999887
20
-81.2730099999999993
11
213.2213969999999961
21
-81.3819209999999913
0
LINE
8
BLACK
6
CONTINUOUS
10
213.2213969999999961
20
-81.3819209999999913
11
213.040284999999983
21
-81.456940000000003
0
LINE
8
BLACK
6
CONTINUOUS
10
213.040284999999983
20
-81.456940000000003
11
212.8480169999999987
21
-81.4951849999999922
0
LINE
8
BLACK
6
CONTINUOUS
10
212.8480169999999987
20
-81.4951849999999922
11
212.6519830000000013
21
-81.4951849999999922
0
LINE
8
BLACK
6
CONTINUOUS
10
212.6519830000000013
20
-81.4951849999999922
11
212.4597149999999885
21
-81.456940000000003
0
LINE
8
BLACK
6
CONTINUOUS
10
212.4597149999999885
20
-81.456940000000003
11
212.2786030000000039
21
-81.3819209999999913
0
LINE
8
BLACK
6
CONTINUOUS
10
212.2786030000000039
20
-81.3819209999999913
11
212.1156069999999829
21
-81.2730099999999993
0
LINE
8
BLACK
6
CONTINUOUS
10
212.1156069999999829
20
-81.2730099999999993
11
211.9769900000000007
21
-81.1343930000000029
0
LINE
8
BLACK
6
CONTINUOUS
10
211.9769900000000007
20
-81.1343930000000029
11
211.8680789999999945
21
-80.9713969999999961
0
LINE
8
BLACK
6
CONTINUOUS
10
211.8680789999999945
20
-80.9713969999999961
11
211.793059999999997
21
-80.7902849999999972
0
LINE
8
BLACK
6
CONTINUOUS
10
211.793059999999997
20
-80.7902849999999972
11
211.7548149999999794
21
-80.5980169999999987
0
LINE
8
BLACK
6
CONTINUOUS
10
211.7548149999999794
20
-80.5980169999999987
11
211.75
21
-80.5
0
LINE
8
BLACK
6
CONTINUOUS
10
211.75
20
-80.5
11
211.75
21
-74.6642140000000012
0
LINE
8
BLACK
6
CONTINUOUS
10
211.75
20
-74.6642140000000012
11
210.8041570000000036
21
-75.6100560000000002
0
LINE
8
BLACK
6
CONTINUOUS
10
210.8041570000000036
20
-75.6100560000000002
11
210.7762919999999838
21
-75.6517599999999959
0
LINE
8
BLACK
6
CONTINUOUS
10
210.7762919999999838
20
-75.6517599999999959
11
210.6442600000000027
21
-75.7837919999999912
0
LINE
8
BLACK
6
CONTINUOUS
10
210.6442600000000027
20
-75.7837919999999912
11
210.4890049999999917
21
-75.8875299999999982
0
LINE
8
BLACK
6
CONTINUOUS
10
210.4890049999999917
20
-75.8875299999999982
11
210.3164960000000008
21
-75.9589859999999959
0
LINE
8
BLACK
6
CONTINUOUS
10
210.3164960000000008
20
-75.9589859999999959
11
210.1333609999999794
21
-75.9954129999999992
0
LINE
8
BLACK
6
CONTINUOUS
10
210.1333609999999794
20
-75.9954129999999992
11
209.9466390000000047
21
-75.9954129999999992
0
LINE
8
BLACK
6
CONTINUOUS
10
209.9466390000000047
20
-75.9954129999999992
11
209.7635039999999833
21
-75.9589859999999959
0
LINE
8
BLACK
6
CONTINUOUS
10
209.7635039999999833
20
-75.9589859999999959
11
209.5909949999999924
21
-75.8875299999999982
0
LINE
8
BLACK
6
CONTINUOUS
10
209.5909949999999924
20
-75.8875299999999982
11
209.4357399999999814
21
-75.7837919999999912
0
LINE
8
BLACK
6
CONTINUOUS
10
209.4357399999999814
20
-75.7837919999999912
11
209.3037080000000003
21
-75.6517599999999959
0
LINE
8
BLACK
6
CONTINUOUS
10
209.3037080000000003
20
-75.6517599999999959
11
209.1999699999999791
21
-75.4965049999999991
0
LINE
8
BLACK
6
CONTINUOUS
10
209.1999699999999791
20
-75.4965049999999991
11
209.1973389999999995
21
-75.4901539999999898
0
LINE
8
BLACK
6
CONTINUOUS
10
209.1973389999999995
20
-75.4901539999999898
11
209.1580789999999865
21
-75.4313959999999923
0
LINE
8
BLACK
6
CONTINUOUS
10
209.1580789999999865
20
-75.4313959999999923
11
209.083059999999989
21
-75.2502839999999935
0
LINE
8
BLACK
6
CONTINUOUS
10
209.083059999999989
20
-75.2502839999999935
11
209.0448159999999973
21
-75.0580169999999924
0
LINE
8
BLACK
6
CONTINUOUS
10
209.0448159999999973
20
-75.0580169999999924
11
209.0448159999999973
21
-74.8619829999999951
0
LINE
8
BLACK
6
CONTINUOUS
10
209.0448159999999973
20
-74.8619829999999951
11
209.083059999999989
21
-74.669715999999994
0
LINE
8
BLACK
6
CONTINUOUS
10
209.083059999999989
20
-74.669715999999994
11
209.1580789999999865
21
-74.4886039999999952
0
LINE
8
BLACK
6
CONTINUOUS
10
209.1580789999999865
20
-74.4886039999999952
11
209.2669889999999953
21
-74.3256059999999934
0
LINE
8
BLACK
6
CONTINUOUS
10
209.2669889999999953
20
-74.3256059999999934
11
209.3328929999999843
21
-74.2528930000000003
0
LINE
8
BLACK
6
CONTINUOUS
10
209.3328929999999843
20
-74.2528930000000003
11
214.5
21
-69.0857859999999988
0
LINE
8
BLACK
6
CONTINUOUS
10
214.5
20
-69.0857859999999988
11
214.5
21
-68.5
0
LINE
8
BLACK
6
CONTINUOUS
10
214.5
20
-68.5
11
214.5048149999999794
21
-68.4019830000000013
0
LINE
8
BLACK
6
CONTINUOUS
10
214.5048149999999794
20
-68.4019830000000013
11
214.543059999999997
21
-68.2097150000000028
0
LINE
8
BLACK
6
CONTINUOUS
10
214.543059999999997
20
-68.2097150000000028
11
214.6180789999999945
21
-68.0286030000000039
0
LINE
8
BLACK
6
CONTINUOUS
10
214.6180789999999945
20
-68.0286030000000039
11
214.6563039999999773
21
-67.9713959999999986
0
LINE
8
BLACK
6
CONTINUOUS
10
214.6563039999999773
20
-67.9713959999999986
11
214.7269890000000032
21
-67.8656059999999997
0
LINE
8
BLACK
6
CONTINUOUS
10
214.7269890000000032
20
-67.8656059999999997
11
214.7928929999999923
21
-67.7928929999999923
0
LINE
8
BLACK
6
CONTINUOUS
10
214.7928929999999923
20
-67.7928929999999923
11
215.5
21
-67.0857859999999988
0
LINE
8
BLACK
6
CONTINUOUS
10
215.5
20
-67.0857859999999988
11
215.5
21
-64.4142130000000037
0
LINE
8
BLACK
6
CONTINUOUS
10
215.5
20
-64.4142130000000037
11
215.0857859999999846
21
-64.
0
LINE
8
BLACK
6
CONTINUOUS
10
215.0857859999999846
20
-64.
11
213.2999999999999829
21
-64.
0
LINE
8
BLACK
6
CONTINUOUS
10
213.2999999999999829
20
-64.
11
213.2019829999999843
21
-63.9951849999999993
0
LINE
8
BLACK
6
CONTINUOUS
10
213.2019829999999843
20
-63.9951849999999993
11
213.0097149999999999
21
-63.9569399999999959
0
LINE
8
BLACK
6
CONTINUOUS
10
213.0097149999999999
20
-63.9569399999999959
11
212.8286029999999869
21
-63.8819209999999984
0
LINE
8
BLACK
6
CONTINUOUS
10
212.8286029999999869
20
-63.8819209999999984
11
212.7808299999999804
21
-63.8499999999999943
0
LINE
8
BLACK
6
CONTINUOUS
10
212.7808299999999804
20
-63.8499999999999943
11
212.5499999999999829
21
-63.8499999999999943
0
LINE
8
BLACK
6
CONTINUOUS
10
212.5499999999999829
20
-63.8499999999999943
11
212.4543290000000013
21
-63.8309700000000007
0
LINE
8
BLACK
6
CONTINUOUS
10
212.4543290000000013
20
-63.8309700000000007
11
212.3732229999999959
21
-63.7767769999999956
0
LINE
8
BLACK
6
CONTINUOUS
10
212.3732229999999959
20
-63.7767769999999956
11
212.3190299999999979
21
-63.6956709999999973
0
LINE
8
BLACK
6
CONTINUOUS
10
212.3190299999999979
20
-63.6956709999999973
11
212.2999999999999829
21
-63.5999999999999943
0
LINE
8
BLACK
6
CONTINUOUS
10
212.2999999999999829
20
-63.5999999999999943
11
212.2999999999999829
21
-62.3999999999999986
0
LINE
8
BLACK
6
CONTINUOUS
10
212.2999999999999829
20
-62.3999999999999986
11
212.2999999999999829
21
-58.1142129999999995
0
LINE
8
BLACK
6
CONTINUOUS
10
212.2999999999999829
20
-58.1142129999999995
11
212.1857859999999789
21
-58.
0
LINE
8
BLACK
6
CONTINUOUS
10
212.1857859999999789
20
-58.
11
210.5
21
-58.
0
LINE
8
BLACK
6
CONTINUOUS
10
210.5
20
-58.
11
210.5
21
-59.1899999999999977
0
LINE
8
BLACK
6
CONTINUOUS
10
210.5
20
-59.1899999999999977
11
210.4951849999999922
21
-59.2880169999999964
0
LINE
8
BLACK
6
CONTINUOUS
10
210.4951849999999922
20
-59.2880169999999964
11
210.4739500000000021
21
-59.3947669999999945
0
LINE
8
BLACK
6
CONTINUOUS
10
210.4739500000000021
20
-59.3947669999999945
11
210.4569410000000005
21
-59.4802839999999975
0
LINE
8
BLACK
6
CONTINUOUS
10
210.4569410000000005
20
-59.4802839999999975
11
210.4129949999999951
21
-59.5863769999999988
0
LINE
8
BLACK
6
CONTINUOUS
10
210.4129949999999951
20
-59.5863769999999988
11
210.3819209999999771
21
-59.6613969999999938
0
LINE
8
BLACK
6
CONTINUOUS
10
210.3819209999999771
20
-59.6613969999999938
11
210.338296999999983
21
-59.7266829999999942
0
LINE
8
BLACK
6
CONTINUOUS
10
210.338296999999983
20
-59.7266829999999942
11
210.2730109999999968
21
-59.8243930000000006
0
LINE
8
BLACK
6
CONTINUOUS
10
210.2730109999999968
20
-59.8243930000000006
11
210.2071069999999793
21
-59.8971069999999983
0
LINE
8
BLACK
6
CONTINUOUS
10
210.2071069999999793
20
-59.8971069999999983
11
207.3499999999999943
21
-62.7542139999999975
0
LINE
8
BLACK
6
CONTINUOUS
10
207.3499999999999943
20
-62.7542139999999975
11
207.3499999999999943
21
-63.0399999999999991
0
LINE
8
BLACK
6
CONTINUOUS
10
207.3499999999999943
20
-63.0399999999999991
11
207.0191700000000026
21
-63.0399999999999991
0
LINE
8
BLACK
6
CONTINUOUS
10
207.0191700000000026
20
-63.0399999999999991
11
206.9713959999999986
21
-63.0719209999999961
0
LINE
8
BLACK
6
CONTINUOUS
10
206.9713959999999986
20
-63.0719209999999961
11
206.7902839999999856
21
-63.1469399999999936
0
LINE
8
BLACK
6
CONTINUOUS
10
206.7902839999999856
20
-63.1469399999999936
11
206.5980169999999987
21
-63.1851839999999996
0
LINE
8
BLACK
6
CONTINUOUS
10
206.5980169999999987
20
-63.1851839999999996
11
206.4019830000000013
21
-63.1851839999999996
0
LINE
8
BLACK
6
CONTINUOUS
10
206.4019830000000013
20
-63.1851839999999996
11
206.209715999999986
21
-63.1469399999999936
0
LINE
8
BLACK
6
CONTINUOUS
10
206.209715999999986
20
-63.1469399999999936
11
206.0286040000000014
21
-63.0719209999999961
0
LINE
8
BLACK
6
CONTINUOUS
10
206.0286040000000014
20
-63.0719209999999961
11
205.9808299999999974
21
-63.0399999999999991
0
LINE
8
BLACK
6
CONTINUOUS
10
205.9808299999999974
20
-63.0399999999999991
11
205.6499999999999773
21
-63.0399999999999991
0
LINE
8
BLACK
6
CONTINUOUS
10
205.6499999999999773
20
-63.0399999999999991
11
205.6499999999999773
21
-62.7091689999999957
0
LINE
8
BLACK
6
CONTINUOUS
10
205.6499999999999773
20
-62.7091689999999957
11
205.6180789999999945
21
-62.6613959999999963
0
LINE
8
BLACK
6
CONTINUOUS
10
205.6180789999999945
20
-62.6613959999999963
11
205.543059999999997
21
-62.4802839999999975
0
LINE
8
BLACK
6
CONTINUOUS
10
205.543059999999997
20
-62.4802839999999975
11
205.5048159999999768
21
-62.2880169999999964
0
LINE
8
BLACK
6
CONTINUOUS
10
205.5048159999999768
20
-62.2880169999999964
11
205.5048159999999768
21
-62.091982999999999
0
LINE
8
BLACK
6
CONTINUOUS
10
205.5048159999999768
20
-62.091982999999999
11
205.543059999999997
21
-61.899715999999998
0
LINE
8
BLACK
6
CONTINUOUS
10
205.543059999999997
20
-61.899715999999998
11
205.6180789999999945
21
-61.7186039999999991
0
LINE
8
BLACK
6
CONTINUOUS
10
205.6180789999999945
20
-61.7186039999999991
11
205.6499999999999773
21
-61.6708299999999952
0
LINE
8
BLACK
6
CONTINUOUS
10
205.6499999999999773
20
-61.6708299999999952
11
205.6499999999999773
21
-61.3399999999999963
0
LINE
8
BLACK
6
CONTINUOUS
10
205.6499999999999773
20
-61.3399999999999963
11
205.9357859999999789
21
-61.3399999999999963
0
LINE
8
BLACK
6
CONTINUOUS
10
205.9357859999999789
20
-61.3399999999999963
11
208.5
21
-58.7757859999999965
0
LINE
8
BLACK
6
CONTINUOUS
10
208.5
20
-58.7757859999999965
11
208.5
21
-57.4142139999999941
0
LINE
8
BLACK
6
CONTINUOUS
10
208.5
20
-57.4142139999999941
11
208.2928929999999923
21
-57.2071070000000006
0
LINE
8
BLACK
6
CONTINUOUS
10
208.2928929999999923
20
-57.2071070000000006
11
208.2269890000000032
21
-57.1343940000000003
0
LINE
8
BLACK
6
CONTINUOUS
10
208.2269890000000032
20
-57.1343940000000003
11
208.1371910000000014
21
-57.
0
LINE
8
BLACK
6
CONTINUOUS
10
208.1371910000000014
20
-57.
11
208.1180789999999945
21
-56.9713969999999961
0
LINE
8
BLACK
6
CONTINUOUS
10
208.1180789999999945
20
-56.9713969999999961
11
208.043059999999997
21
-56.7902849999999972
0
LINE
8
BLACK
6
CONTINUOUS
10
208.043059999999997
20
-56.7902849999999972
11
208.0048149999999794
21
-56.5980169999999987
0
LINE
8
BLACK
6
CONTINUOUS
10
208.0048149999999794
20
-56.5980169999999987
11
208.
21
-56.5
0
LINE
8
BLACK
6
CONTINUOUS
10
208.
20
-56.5
11
208.
21
-53.
0
LINE
8
BLACK
6
CONTINUOUS
10
208.
20
-53.
11
208.0048149999999794
21
-52.9019829999999942
0
LINE
8
BLACK
6
CONTINUOUS
10
208.0048149999999794
20
-52.9019829999999942
11
208.043059999999997
21
-52.7097149999999957
0
LINE
8
BLACK
6
CONTINUOUS
10
208.043059999999997
20
-52.7097149999999957
11
208.1180789999999945
21
-52.5286029999999968
0
LINE
8
BLACK
6
CONTINUOUS
10
208.1180789999999945
20
-52.5286029999999968
11
208.2269900000000007
21
-52.3656069999999971
0
LINE
8
BLACK
6
CONTINUOUS
10
208.2269900000000007
20
-52.3656069999999971
11
208.3656069999999829
21
-52.2269900000000007
0
LINE
8
BLACK
6
CONTINUOUS
10
208.3656069999999829
20
-52.2269900000000007
11
208.5286030000000039
21
-52.1180789999999945
0
LINE
8
BLACK
6
CONTINUOUS
10
208.5286030000000039
20
-52.1180789999999945
11
208.7097149999999885
21
-52.043059999999997
0
LINE
8
BLACK
6
CONTINUOUS
10
208.7097149999999885
20
-52.043059999999997
11
208.9019830000000013
21
-52.0048150000000007
0
LINE
8
BLACK
6
CONTINUOUS
10
208.9019830000000013
20
-52.0048150000000007
11
209.0980169999999987
21
-52.0048150000000007
0
LINE
8
BLACK
6
CONTINUOUS
10
209.0980169999999987
20
-52.0048150000000007
11
209.290284999999983
21
-52.043059999999997
0
LINE
8
BLACK
6
CONTINUOUS
10
177.6677139999999895
20
-77.5722949999999969
11
177.8035479999999779
21
-77.6285589999999956
0
LINE
8
BLACK
6
CONTINUOUS
10
177.8035479999999779
20
-77.6285589999999956
11
177.9257949999999937
21
-77.7102419999999938
0
LINE
8
BLACK
6
CONTINUOUS
10
177.9257949999999937
20
-77.7102419999999938
11
178.0297579999999869
21
-77.8142050000000012
0
LINE
8
BLACK
6
CONTINUOUS
10
178.0297579999999869
20
-77.8142050000000012
11
178.111440999999985
21
-77.9364520000000027
0
LINE
8
BLACK
6
CONTINUOUS
10
178.111440999999985
20
-77.9364520000000027
11
178.1677049999999838
21
-78.0722859999999912
0
LINE
8
BLACK
6
CONTINUOUS
10
178.1677049999999838
20
-78.0722859999999912
11
178.1963889999999822
21
-78.2164870000000008
0
LINE
8
BLACK
6
CONTINUOUS
10
178.1963889999999822
20
-78.2164870000000008
11
178.1963889999999822
21
-78.3635129999999975
0
LINE
8
BLACK
6
CONTINUOUS
10
178.1963889999999822
20
-78.3635129999999975
11
178.1677049999999838
21
-78.5077139999999929
0
LINE
8
BLACK
6
CONTINUOUS
10
178.1677049999999838
20
-78.5077139999999929
11
178.111440999999985
21
-78.6435479999999956
0
LINE
8
BLACK
6
CONTINUOUS
10
178.111440999999985
20
-78.6435479999999956
11
178.0297579999999869
21
-78.7657949999999971
0
LINE
8
BLACK
6
CONTINUOUS
10
178.0297579999999869
20
-78.7657949999999971
11
177.9257949999999937
21
-78.8697579999999903
0
LINE
8
BLACK
6
CONTINUOUS
10
177.9257949999999937
20
-78.8697579999999903
11
177.8035479999999779
21
-78.9514410000000026
0
LINE
8
BLACK
6
CONTINUOUS
10
177.8035479999999779
20
-78.9514410000000026
11
177.6677139999999895
21
-79.0077050000000014
0
LINE
8
BLACK
6
CONTINUOUS
10
177.6677139999999895
20
-79.0077050000000014
11
177.5235129999999799
21
-79.0363889999999998
0
LINE
8
BLACK
6
CONTINUOUS
10
177.5235129999999799
20
-79.0363889999999998
11
177.3764869999999974
21
-79.0363889999999998
0
LINE
8
BLACK
6
CONTINUOUS
10
177.3764869999999974
20
-79.0363889999999998
11
177.2322859999999878
21
-79.0077050000000014
0
LINE
8
BLACK
6
CONTINUOUS
10
177.2322859999999878
20
-79.0077050000000014
11
177.0964519999999993
21
-78.9514410000000026
0
LINE
8
BLACK
6
CONTINUOUS
10
177.0964519999999993
20
-78.9514410000000026
11
176.9742049999999836
21
-78.8697579999999903
0
LINE
8
BLACK
6
CONTINUOUS
10
176.9742049999999836
20
-78.8697579999999903
11
176.8702419999999904
21
-78.7657949999999971
0
LINE
8
BLACK
6
CONTINUOUS
10
176.8702419999999904
20
-78.7657949999999971
11
176.7885589999999922
21
-78.6435479999999956
0
LINE
8
BLACK
6
CONTINUOUS
10
176.7885589999999922
20
-78.6435479999999956
11
176.7322949999999935
21
-78.5077139999999929
0
LINE
8
BLACK
6
CONTINUOUS
10
176.7322949999999935
20
-78.5077139999999929
11
176.7036109999999951
21
-78.3635129999999975
0
LINE
8
BLACK
6
CONTINUOUS
10
176.7036109999999951
20
-78.3635129999999975
11
176.7036109999999951
21
-78.2164870000000008
0
LINE
8
BLACK
6
CONTINUOUS
10
176.7036109999999951
20
-78.2164870000000008
11
176.7322949999999935
21
-78.0722859999999912
0
LINE
8
BLACK
6
CONTINUOUS
10
176.7322949999999935
20
-78.0722859999999912
11
176.7885589999999922
21
-77.9364520000000027
0
LINE
8
BLACK
6
CONTINUOUS
10
176.7885589999999922
20
-77.9364520000000027
11
176.8702419999999904
21
-77.8142050000000012
0
LINE
8
BLACK
6
CONTINUOUS
10
176.8702419999999904
20
-77.8142050000000012
11
176.9742049999999836
21
-77.7102419999999938
0
LINE
8
BLACK
6
CONTINUOUS
10
176.9742049999999836
20
-77.7102419999999938
11
177.0964519999999993
21
-77.6285589999999956
0
LINE
8
BLACK
6
CONTINUOUS
10
177.0964519999999993
20
-77.6285589999999956
11
177.2322859999999878
21
-77.5722949999999969
0
LINE
8
BLACK
6
CONTINUOUS
10
177.2322859999999878
20
-77.5722949999999969
11
177.3764869999999974
21
-77.5436109999999985
0
LINE
8
BLACK
6
CONTINUOUS
10
177.3764869999999974
20
-77.5436109999999985
11
177.5235129999999799
21
-77.5436109999999985
0
LINE
8
BLACK
6
CONTINUOUS
10
177.5235129999999799
20
-77.5436109999999985
11
177.6677139999999895
21
-77.5722949999999969
0
LINE
8
BLACK
6
CONTINUOUS
10
200.5277140000000031
20
-77.5722949999999969
11
200.6635479999999916
21
-77.6285589999999956
0
LINE
8
BLACK
6
CONTINUOUS
10
200.6635479999999916
20
-77.6285589999999956
11
200.7857949999999789
21
-77.7102419999999938
0
LINE
8
BLACK
6
CONTINUOUS
10
200.7857949999999789
20
-77.7102419999999938
11
200.8897580000000005
21
-77.8142050000000012
0
LINE
8
BLACK
6
CONTINUOUS
10
200.8897580000000005
20
-77.8142050000000012
11
200.9714409999999987
21
-77.9364520000000027
0
LINE
8
BLACK
6
CONTINUOUS
10
200.9714409999999987
20
-77.9364520000000027
11
201.0277049999999974
21
-78.0722859999999912
0
LINE
8
BLACK
6
CONTINUOUS
10
201.0277049999999974
20
-78.0722859999999912
11
201.0563889999999958
21
-78.2164870000000008
0
LINE
8
BLACK
6
CONTINUOUS
10
201.0563889999999958
20
-78.2164870000000008
11
201.0563889999999958
21
-78.3635129999999975
0
LINE
8
BLACK
6
CONTINUOUS
10
201.0563889999999958
20
-78.3635129999999975
11
201.0277049999999974
21
-78.5077139999999929
0
LINE
8
BLACK
6
CONTINUOUS
10
201.0277049999999974
20
-78.5077139999999929
11
200.9714409999999987
21
-78.6435479999999956
0
LINE
8
BLACK
6
CONTINUOUS
10
200.9714409999999987
20
-78.6435479999999956
11
200.8897580000000005
21
-78.7657949999999971
0
LINE
8
BLACK
6
CONTINUOUS
10
200.8897580000000005
20
-78.7657949999999971
11
200.7857949999999789
21
-78.8697579999999903
0
LINE
8
BLACK
6
CONTINUOUS
10
200.7857949999999789
20
-78.8697579999999903
11
200.6635479999999916
21
-78.9514410000000026
0
LINE
8
BLACK
6
CONTINUOUS
10
200.6635479999999916
20
-78.9514410000000026
11
200.5277140000000031
21
-79.0077050000000014
0
LINE
8
BLACK
6
CONTINUOUS
10
200.5277140000000031
20
-79.0077050000000014
11
200.3835129999999936
21
-79.0363889999999998
0
LINE
8
BLACK
6
CONTINUOUS
10
200.3835129999999936
20
-79.0363889999999998
11
200.2364869999999826
21
-79.0363889999999998
0
LINE
8
BLACK
6
CONTINUOUS
10
200.2364869999999826
20
-79.0363889999999998
11
200.0922860000000014
21
-79.0077050000000014
0
LINE
8
BLACK
6
CONTINUOUS
10
200.0922860000000014
20
-79.0077050000000014
11
199.9564519999999845
21
-78.9514410000000026
0
LINE
8
BLACK
6
CONTINUOUS
10
199.9564519999999845
20
-78.9514410000000026
11
199.8342049999999972
21
-78.8697579999999903
0
LINE
8
BLACK
6
CONTINUOUS
10
199.8342049999999972
20
-78.8697579999999903
11
199.7302420000000041
21
-78.7657949999999971
0
LINE
8
BLACK
6
CONTINUOUS
10
199.7302420000000041
20
-78.7657949999999971
11
199.6485589999999775
21
-78.6435479999999956
0
LINE
8
BLACK
6
CONTINUOUS
10
199.6485589999999775
20
-78.6435479999999956
11
199.5922949999999787
21
-78.5077139999999929
0
LINE
8
BLACK
6
CONTINUOUS
10
199.5922949999999787
20
-78.5077139999999929
11
199.5636109999999803
21
-78.3635129999999975
0
LINE
8
BLACK
6
CONTINUOUS
10
199.5636109999999803
20
-78.3635129999999975
11
199.5636109999999803
21
-78.2164870000000008
0
LINE
8
BLACK
6
CONTINUOUS
10
199.5636109999999803
20
-78.2164870000000008
11
199.5922949999999787
21
-78.0722859999999912
0
LINE
8
BLACK
6
CONTINUOUS
10
199.5922949999999787
20
-78.0722859999999912
11
199.6485589999999775
21
-77.9364520000000027
0
LINE
8
BLACK
6
CONTINUOUS
10
199.6485589999999775
20
-77.9364520000000027
11
199.7302420000000041
21
-77.8142050000000012
0
LINE
8
BLACK
6
CONTINUOUS
10
199.7302420000000041
20
-77.8142050000000012
11
199.8342049999999972
21
-77.7102419999999938
0
LINE
8
BLACK
6
CONTINUOUS
10
199.8342049999999972
20
-77.7102419999999938
11
199.9564519999999845
21
-77.6285589999999956
0
LINE
8
BLACK
6
CONTINUOUS
10
199.9564519999999845
20
-77.6285589999999956
11
200.0922860000000014
21
-77.5722949999999969
0
LINE
8
BLACK
6
CONTINUOUS
10
200.0922860000000014
20
-77.5722949999999969
11
200.2364869999999826
21
-77.5436109999999985
0
LINE
8
BLACK
6
CONTINUOUS
10
200.2364869999999826
20
-77.5436109999999985
11
200.3835129999999936
21
-77.5436109999999985
0
LINE
8
BLACK
6
CONTINUOUS
10
200.3835129999999936
20
-77.5436109999999985
11
200.5277140000000031
21
-77.5722949999999969
0
LINE
8
BLACK
6
CONTINUOUS
10
177.6677139999999895
20
-75.0322949999999906
11
177.8035479999999779
21
-75.0885590000000036
0
LINE
8
BLACK
6
CONTINUOUS
10
177.8035479999999779
20
-75.0885590000000036
11
177.9257949999999937
21
-75.1702420000000018
0
LINE
8
BLACK
6
CONTINUOUS
10
177.9257949999999937
20
-75.1702420000000018
11
178.0297579999999869
21
-75.2742049999999949
0
LINE
8
BLACK
6
CONTINUOUS
10
178.0297579999999869
20
-75.2742049999999949
11
178.111440999999985
21
-75.3964519999999965
0
LINE
8
BLACK
6
CONTINUOUS
10
178.111440999999985
20
-75.3964519999999965
11
178.1677049999999838
21
-75.5322859999999991
0
LINE
8
BLACK
6
CONTINUOUS
10
178.1677049999999838
20
-75.5322859999999991
11
178.1963889999999822
21
-75.6764869999999945
0
LINE
8
BLACK
6
CONTINUOUS
10
178.1963889999999822
20
-75.6764869999999945
11
178.1963889999999822
21
-75.8235129999999913
0
LINE
8
BLACK
6
CONTINUOUS
10
178.1963889999999822
20
-75.8235129999999913
11
178.1677049999999838
21
-75.9677140000000009
0
LINE
8
BLACK
6
CONTINUOUS
10
178.1677049999999838
20
-75.9677140000000009
11
178.111440999999985
21
-76.1035480000000035
0
LINE
8
BLACK
6
CONTINUOUS
10
178.111440999999985
20
-76.1035480000000035
11
178.0297579999999869
21
-76.2257949999999909
0
LINE
8
BLACK
6
CONTINUOUS
10
178.0297579999999869
20
-76.2257949999999909
11
177.9257949999999937
21
-76.3297579999999982
0
LINE
8
BLACK
6
CONTINUOUS
10
177.9257949999999937
20
-76.3297579999999982
11
177.8035479999999779
21
-76.4114409999999964
0
LINE
8
BLACK
6
CONTINUOUS
10
177.8035479999999779
20
-76.4114409999999964
11
177.6677139999999895
21
-76.4677049999999952
0
LINE
8
BLACK
6
CONTINUOUS
10
177.6677139999999895
20
-76.4677049999999952
11
177.5235129999999799
21
-76.4963889999999935
0
LINE
8
BLACK
6
CONTINUOUS
10
177.5235129999999799
20
-76.4963889999999935
11
177.3764869999999974
21
-76.4963889999999935
0
LINE
8
BLACK
6
CONTINUOUS
10
177.3764869999999974
20
-76.4963889999999935
11
177.2322859999999878
21
-76.4677049999999952
0
LINE
8
BLACK
6
CONTINUOUS
10
177.2322859999999878
20
-76.4677049999999952
11
177.0964519999999993
21
-76.4114409999999964
0
LINE
8
BLACK
6
CONTINUOUS
10
177.0964519999999993
20
-76.4114409999999964
11
176.9742049999999836
21
-76.3297579999999982
0
LINE
8
BLACK
6
CONTINUOUS
10
176.9742049999999836
20
-76.3297579999999982
11
176.8702419999999904
21
-76.2257949999999909
0
LINE
8
BLACK
6
CONTINUOUS
10
176.8702419999999904
20
-76.2257949999999909
11
176.7885589999999922
21
-76.1035480000000035
0
LINE
8
BLACK
6
CONTINUOUS
10
176.7885589999999922
20
-76.1035480000000035
11
176.7322949999999935
21
-75.9677140000000009
0
LINE
8
BLACK
6
CONTINUOUS
10
176.7322949999999935
20
-75.9677140000000009
11
176.7036109999999951
21
-75.8235129999999913
0
LINE
8
BLACK
6
CONTINUOUS
10
176.7036109999999951
20
-75.8235129999999913
11
176.7036109999999951
21
-75.6764869999999945
0
LINE
8
BLACK
6
CONTINUOUS
10
176.7036109999999951
20
-75.6764869999999945
11
176.7322949999999935
21
-75.5322859999999991
0
LINE
8
BLACK
6
CONTINUOUS
10
176.7322949999999935
20
-75.5322859999999991
11
176.7885589999999922
21
-75.3964519999999965
0
LINE
8
BLACK
6
CONTINUOUS
10
176.7885589999999922
20
-75.3964519999999965
11
176.8702419999999904
21
-75.2742049999999949
0
LINE
8
BLACK
6
CONTINUOUS
10
176.8702419999999904
20
-75.2742049999999949
11
176.9742049999999836
21
-75.1702420000000018
0
LINE
8
BLACK
6
CONTINUOUS
10
176.9742049999999836
20
-75.1702420000000018
11
177.0964519999999993
21
-75.0885590000000036
0
LINE
8
BLACK
6
CONTINUOUS
10
177.0964519999999993
20
-75.0885590000000036
11
177.2322859999999878
21
-75.0322949999999906
0
LINE
8
BLACK
6
CONTINUOUS
10
177.2322859999999878
20
-75.0322949999999906
11
177.3764869999999974
21
-75.0036109999999923
0
LINE
8
BLACK
6
CONTINUOUS
10
177.3764869999999974
20
-75.0036109999999923
11
177.5235129999999799
21
-75.0036109999999923
0
LINE
8
BLACK
6
CONTINUOUS
10
177.5235129999999799
20
-75.0036109999999923
11
177.6677139999999895
21
-75.0322949999999906
0
LINE
8
BLACK
6
CONTINUOUS
10
200.5277140000000031
20
-75.0322949999999906
11
200.6635479999999916
21
-75.0885590000000036
0
LINE
8
BLACK
6
CONTINUOUS
10
200.6635479999999916
20
-75.0885590000000036
11
200.7857949999999789
21
-75.1702420000000018
0
LINE
8
BLACK
6
CONTINUOUS
10
200.7857949999999789
20
-75.1702420000000018
11
200.8897580000000005
21
-75.2742049999999949
0
LINE
8
BLACK
6
CONTINUOUS
10
200.8897580000000005
20
-75.2742049999999949
11
200.9714409999999987
21
-75.3964519999999965
0
LINE
8
BLACK
6
CONTINUOUS
10
200.9714409999999987
20
-75.3964519999999965
11
201.0277049999999974
21
-75.5322859999999991
0
LINE
8
BLACK
6
CONTINUOUS
10
201.0277049999999974
20
-75.5322859999999991
11
201.0563889999999958
21
-75.6764869999999945
0
LINE
8
BLACK
6
CONTINUOUS
10
201.0563889999999958
20
-75.6764869999999945
11
201.0563889999999958
21
-75.8235129999999913
0
LINE
8
BLACK
6
CONTINUOUS
10
201.0563889999999958
20
-75.8235129999999913
11
201.0277049999999974
21
-75.9677140000000009
0
LINE
8
BLACK
6
CONTINUOUS
10
201.0277049999999974
20
-75.9677140000000009
11
200.9714409999999987
21
-76.1035480000000035
0
LINE
8
BLACK
6
CONTINUOUS
10
200.9714409999999987
20
-76.1035480000000035
11
200.8897580000000005
21
-76.2257949999999909
0
LINE
8
BLACK
6
CONTINUOUS
10
200.8897580000000005
20
-76.2257949999999909
11
200.7857949999999789
21
-76.3297579999999982
0
LINE
8
BLACK
6
CONTINUOUS
10
200.7857949999999789
20
-76.3297579999999982
11
200.6635479999999916
21
-76.4114409999999964
0
LINE
8
BLACK
6
CONTINUOUS
10
200.6635479999999916
20
-76.4114409999999964
11
200.5277140000000031
21
-76.4677049999999952
0
LINE
8
BLACK
6
CONTINUOUS
10
200.5277140000000031
20
-76.4677049999999952
11
200.3835129999999936
21
-76.4963889999999935
0
LINE
8
BLACK
6
CONTINUOUS
10
200.3835129999999936
20
-76.4963889999999935
11
200.2364869999999826
21
-76.4963889999999935
0
LINE
8
BLACK
6
CONTINUOUS
10
200.2364869999999826
20
-76.4963889999999935
11
200.0922860000000014
21
-76.4677049999999952
0
LINE
8
BLACK
6
CONTINUOUS
10
200.0922860000000014
20
-76.4677049999999952
11
199.9564519999999845
21
-76.4114409999999964
0
LINE
8
BLACK
6
CONTINUOUS
10
199.9564519999999845
20
-76.4114409999999964
11
199.8342049999999972
21
-76.3297579999999982
0
LINE
8
BLACK
6
CONTINUOUS
10
199.8342049999999972
20
-76.3297579999999982
11
199.7302420000000041
21
-76.2257949999999909
0
LINE
8
BLACK
6
CONTINUOUS
10
199.7302420000000041
20
-76.2257949999999909
11
199.6485589999999775
21
-76.1035480000000035
0
LINE
8
BLACK
6
CONTINUOUS
10
199.6485589999999775
20
-76.1035480000000035
11
199.5922949999999787
21
-75.9677140000000009
0
LINE
8
BLACK
6
CONTINUOUS
10
199.5922949999999787
20
-75.9677140000000009
11
199.5636109999999803
21
-75.8235129999999913
0
LINE
8
BLACK
6
CONTINUOUS
10
199.5636109999999803
20
-75.8235129999999913
11
199.5636109999999803
21
-75.6764869999999945
0
LINE
8
BLACK
6
CONTINUOUS
10
199.5636109999999803
20
-75.6764869999999945
11
199.5922949999999787
21
-75.5322859999999991
0
LINE
8
BLACK
6
CONTINUOUS
10
199.5922949999999787
20
-75.5322859999999991
11
199.6485589999999775
21
-75.3964519999999965
0
LINE
8
BLACK
6
CONTINUOUS
10
199.6485589999999775
20
-75.3964519999999965
11
199.7302420000000041
21
-75.2742049999999949
0
LINE
8
BLACK
6
CONTINUOUS
10
199.7302420000000041
20
-75.2742049999999949
11
199.8342049999999972
21
-75.1702420000000018
0
LINE
8
BLACK
6
CONTINUOUS
10
199.8342049999999972
20
-75.1702420000000018
11
199.9564519999999845
21
-75.0885590000000036
0
LINE
8
BLACK
6
CONTINUOUS
10
199.9564519999999845
20
-75.0885590000000036
11
200.0922860000000014
21
-75.0322949999999906
0
LINE
8
BLACK
6
CONTINUOUS
10
200.0922860000000014
20
-75.0322949999999906
11
200.2364869999999826
21
-75.0036109999999923
0
LINE
8
BLACK
6
CONTINUOUS
10
200.2364869999999826
20
-75.0036109999999923
11
200.3835129999999936
21
-75.0036109999999923
0
LINE
8
BLACK
6
CONTINUOUS
10
200.3835129999999936
20
-75.0036109999999923
11
200.5277140000000031
21
-75.0322949999999906
0
LINE
8
BLACK
6
CONTINUOUS
10
177.6677139999999895
20
-72.4922949999999986
11
177.8035479999999779
21
-72.5485589999999974
0
LINE
8
BLACK
6
CONTINUOUS
10
177.8035479999999779
20
-72.5485589999999974
11
177.9257949999999937
21
-72.6302419999999955
0
LINE
8
BLACK
6
CONTINUOUS
10
177.9257949999999937
20
-72.6302419999999955
11
178.0297579999999869
21
-72.7342050000000029
0
LINE
8
BLACK
6
CONTINUOUS
10
178.0297579999999869
20
-72.7342050000000029
11
178.111440999999985
21
-72.8564519999999902
0
LINE
8
BLACK
6
CONTINUOUS
10
178.111440999999985
20
-72.8564519999999902
11
178.1677049999999838
21
-72.9922859999999929
0
LINE
8
BLACK
6
CONTINUOUS
10
178.1677049999999838
20
-72.9922859999999929
11
178.1963889999999822
21
-73.1364870000000025
0
LINE
8
BLACK
6
CONTINUOUS
10
178.1963889999999822
20
-73.1364870000000025
11
178.1963889999999822
21
-73.2835129999999992
0
LINE
8
BLACK
6
CONTINUOUS
10
178.1963889999999822
20
-73.2835129999999992
11
178.1677049999999838
21
-73.4277139999999946
0
LINE
8
BLACK
6
CONTINUOUS
10
178.1677049999999838
20
-73.4277139999999946
11
178.111440999999985
21
-73.5635479999999973
0
LINE
8
BLACK
6
CONTINUOUS
10
178.111440999999985
20
-73.5635479999999973
11
178.0297579999999869
21
-73.6857949999999988
0
LINE
8
BLACK
6
CONTINUOUS
10
178.0297579999999869
20
-73.6857949999999988
11
177.9257949999999937
21
-73.789757999999992
0
LINE
8
BLACK
6
CONTINUOUS
10
177.9257949999999937
20
-73.789757999999992
11
177.8035479999999779
21
-73.8714409999999901
0
LINE
8
BLACK
6
CONTINUOUS
10
177.8035479999999779
20
-73.8714409999999901
11
177.6677139999999895
21
-73.9277050000000031
0
LINE
8
BLACK
6
CONTINUOUS
10
177.6677139999999895
20
-73.9277050000000031
11
177.5235129999999799
21
-73.9563890000000015
0
LINE
8
BLACK
6
CONTINUOUS
10
177.5235129999999799
20
-73.9563890000000015
11
177.3764869999999974
21
-73.9563890000000015
0
LINE
8
BLACK
6
CONTINUOUS
10
177.3764869999999974
20
-73.9563890000000015
11
177.2322859999999878
21
-73.9277050000000031
0
LINE
8
BLACK
6
CONTINUOUS
10
177.2322859999999878
20
-73.9277050000000031
11
177.0964519999999993
21
-73.8714409999999901
0
LINE
8
BLACK
6
CONTINUOUS
10
177.0964519999999993
20
-73.8714409999999901
11
176.9742049999999836
21
-73.789757999999992
0
LINE
8
BLACK
6
CONTINUOUS
10
176.9742049999999836
20
-73.789757999999992
11
176.8702419999999904
21
-73.6857949999999988
0
LINE
8
BLACK
6
CONTINUOUS
10
176.8702419999999904
20
-73.6857949999999988
11
176.7885589999999922
21
-73.5635479999999973
0
LINE
8
BLACK
6
CONTINUOUS
10
176.7885589999999922
20
-73.5635479999999973
11
176.7322949999999935
21
-73.4277139999999946
0
LINE
8
BLACK
6
CONTINUOUS
10
176.7322949999999935
20
-73.4277139999999946
11
176.7036109999999951
21
-73.2835129999999992
0
LINE
8
BLACK
6
CONTINUOUS
10
176.7036109999999951
20
-73.2835129999999992
11
176.7036109999999951
21
-73.1364870000000025
0
LINE
8
BLACK
6
CONTINUOUS
10
176.7036109999999951
20
-73.1364870000000025
11
176.7322949999999935
21
-72.9922859999999929
0
LINE
8
BLACK
6
CONTINUOUS
10
176.7322949999999935
20
-72.9922859999999929
11
176.7885589999999922
21
-72.8564519999999902
0
LINE
8
BLACK
6
CONTINUOUS
10
176.7885589999999922
20
-72.8564519999999902
11
176.8702419999999904
21
-72.7342050000000029
0
LINE
8
BLACK
6
CONTINUOUS
10
176.8702419999999904
20
-72.7342050000000029
11
176.9742049999999836
21
-72.6302419999999955
0
LINE
8
BLACK
6
CONTINUOUS
10
176.9742049999999836
20
-72.6302419999999955
11
177.0964519999999993
21
-72.5485589999999974
0
LINE
8
BLACK
6
CONTINUOUS
10
177.0964519999999993
20
-72.5485589999999974
11
177.2322859999999878
21
-72.4922949999999986
0
LINE
8
BLACK
6
CONTINUOUS
10
177.2322859999999878
20
-72.4922949999999986
11
177.3764869999999974
21
-72.4636110000000002
0
LINE
8
BLACK
6
CONTINUOUS
10
177.3764869999999974
20
-72.4636110000000002
11
177.5235129999999799
21
-72.4636110000000002
0
LINE
8
BLACK
6
CONTINUOUS
10
177.5235129999999799
20
-72.4636110000000002
11
177.6677139999999895
21
-72.4922949999999986
0
LINE
8
BLACK
6
CONTINUOUS
10
200.5277140000000031
20
-72.4922949999999986
11
200.6635479999999916
21
-72.5485589999999974
0
LINE
8
BLACK
6
CONTINUOUS
10
200.6635479999999916
20
-72.5485589999999974
11
200.7857949999999789
21
-72.6302419999999955
0
LINE
8
BLACK
6
CONTINUOUS
10
200.7857949999999789
20
-72.6302419999999955
11
200.8897580000000005
21
-72.7342050000000029
0
LINE
8
BLACK
6
CONTINUOUS
10
200.8897580000000005
20
-72.7342050000000029
11
200.9714409999999987
21
-72.8564519999999902
0
LINE
8
BLACK
6
CONTINUOUS
10
200.9714409999999987
20
-72.8564519999999902
11
201.0277049999999974
21
-72.9922859999999929
0
LINE
8
BLACK
6
CONTINUOUS
10
201.0277049999999974
20
-72.9922859999999929
11
201.0563889999999958
21
-73.1364870000000025
0
LINE
8
BLACK
6
CONTINUOUS
10
201.0563889999999958
20
-73.1364870000000025
11
201.0563889999999958
21
-73.2835129999999992
0
LINE
8
BLACK
6
CONTINUOUS
10
201.0563889999999958
20
-73.2835129999999992
11
201.0277049999999974
21
-73.4277139999999946
0
LINE
8
BLACK
6
CONTINUOUS
10
201.0277049999999974
20
-73.4277139999999946
11
200.9714409999999987
21
-73.5635479999999973
0
LINE
8
BLACK
6
CONTINUOUS
10
200.9714409999999987
20
-73.5635479999999973
11
200.8897580000000005
21
-73.6857949999999988
0
LINE
8
BLACK
6
CONTINUOUS
10
200.8897580000000005
20
-73.6857949999999988
11
200.7857949999999789
21
-73.789757999999992
0
LINE
8
BLACK
6
CONTINUOUS
10
200.7857949999999789
20
-73.789757999999992
11
200.6635479999999916
21
-73.8714409999999901
0
LINE
8
BLACK
6
CONTINUOUS
10
200.6635479999999916
20
-73.8714409999999901
11
200.5277140000000031
21
-73.9277050000000031
0
LINE
8
BLACK
6
CONTINUOUS
10
200.5277140000000031
20
-73.9277050000000031
11
200.3835129999999936
21
-73.9563890000000015
0
LINE
8
BLACK
6
CONTINUOUS
10
200.3835129999999936
20
-73.9563890000000015
11
200.2364869999999826
21
-73.9563890000000015
0
LINE
8
BLACK
6
CONTINUOUS
10
200.2364869999999826
20
-73.9563890000000015
11
200.0922860000000014
21
-73.9277050000000031
0
LINE
8
BLACK
6
CONTINUOUS
10
200.0922860000000014
20
-73.9277050000000031
11
199.9564519999999845
21
-73.8714409999999901
0
LINE
8
BLACK
6
CONTINUOUS
10
199.9564519999999845
20
-73.8714409999999901
11
199.8342049999999972
21
-73.789757999999992
0
LINE
8
BLACK
6
CONTINUOUS
10
199.8342049999999972
20
-73.789757999999992
11
199.7302420000000041
21
-73.6857949999999988
0
LINE
8
BLACK
6
CONTINUOUS
10
199.7302420000000041
20
-73.6857949999999988
11
199.6485589999999775
21
-73.5635479999999973
0
LINE
8
BLACK
6
CONTINUOUS
10
199.6485589999999775
20
-73.5635479999999973
11
199.5922949999999787
21
-73.4277139999999946
0
LINE
8
BLACK
6
CONTINUOUS
10
199.5922949999999787
20
-73.4277139999999946
11
199.5636109999999803
21
-73.2835129999999992
0
LINE
8
BLACK
6
CONTINUOUS
10
199.5636109999999803
20
-73.2835129999999992
11
199.5636109999999803
21
-73.1364870000000025
0
LINE
8
BLACK
6
CONTINUOUS
10
199.5636109999999803
20
-73.1364870000000025
11
199.5922949999999787
21
-72.9922859999999929
0
LINE
8
BLACK
6
CONTINUOUS
10
199.5922949999999787
20
-72.9922859999999929
11
199.6485589999999775
21
-72.8564519999999902
0
LINE
8
BLACK
6
CONTINUOUS
10
199.6485589999999775
20
-72.8564519999999902
11
199.7302420000000041
21
-72.7342050000000029
0
LINE
8
BLACK
6
CONTINUOUS
10
199.7302420000000041
20
-72.7342050000000029
11
199.8342049999999972
21
-72.6302419999999955
0
LINE
8
BLACK
6
CONTINUOUS
10
199.8342049999999972
20
-72.6302419999999955
11
199.9564519999999845
21
-72.5485589999999974
0
LINE
8
BLACK
6
CONTINUOUS
10
199.9564519999999845
20
-72.5485589999999974
11
200.0922860000000014
21
-72.4922949999999986
0
LINE
8
BLACK
6
CONTINUOUS
10
200.0922860000000014
20
-72.4922949999999986
11
200.2364869999999826
21
-72.4636110000000002
0
LINE
8
BLACK
6
CONTINUOUS
10
200.2364869999999826
20
-72.4636110000000002
11
200.3835129999999936
21
-72.4636110000000002
0
LINE
8
BLACK
6
CONTINUOUS
10
200.3835129999999936
20
-72.4636110000000002
11
200.5277140000000031
21
-72.4922949999999986
0
LINE
8
BLACK
6
CONTINUOUS
10
164.7467419999999834
20
-70.8466009999999926
11
164.9006870000000049
21
-70.9103669999999937
0
LINE
8
BLACK
6
CONTINUOUS
10
164.9006870000000049
20
-70.9103669999999937
11
165.0392339999999933
21
-71.0029409999999928
0
LINE
8
BLACK
6
CONTINUOUS
10
165.0392339999999933
20
-71.0029409999999928
11
165.1570590000000038
21
-71.1207660000000033
0
LINE
8
BLACK
6
CONTINUOUS
10
165.1570590000000038
20
-71.1207660000000033
11
165.2496329999999887
21
-71.2593129999999917
0
LINE
8
BLACK
6
CONTINUOUS
10
165.2496329999999887
20
-71.2593129999999917
11
165.313399000000004
21
-71.413257999999999
0
LINE
8
BLACK
6
CONTINUOUS
10
165.313399000000004
20
-71.413257999999999
11
165.3459069999999826
21
-71.5766849999999977
0
LINE
8
BLACK
6
CONTINUOUS
10
165.3459069999999826
20
-71.5766849999999977
11
165.3459069999999826
21
-71.7433149999999955
0
LINE
8
BLACK
6
CONTINUOUS
10
165.3459069999999826
20
-71.7433149999999955
11
165.313399000000004
21
-71.9067419999999942
0
LINE
8
BLACK
6
CONTINUOUS
10
165.313399000000004
20
-71.9067419999999942
11
165.2496329999999887
21
-72.0606870000000015
0
LINE
8
BLACK
6
CONTINUOUS
10
165.2496329999999887
20
-72.0606870000000015
11
165.1570590000000038
21
-72.1992339999999899
0
LINE
8
BLACK
6
CONTINUOUS
10
165.1570590000000038
20
-72.1992339999999899
11
165.0392339999999933
21
-72.3170590000000004
0
LINE
8
BLACK
6
CONTINUOUS
10
165.0392339999999933
20
-72.3170590000000004
11
164.9006870000000049
21
-72.4096329999999995
0
LINE
8
BLACK
6
CONTINUOUS
10
164.9006870000000049
20
-72.4096329999999995
11
164.7467419999999834
21
-72.4733990000000006
0
LINE
8
BLACK
6
CONTINUOUS
10
164.7467419999999834
20
-72.4733990000000006
11
164.5833149999999989
21
-72.5059069999999934
0
LINE
8
BLACK
6
CONTINUOUS
10
164.5833149999999989
20
-72.5059069999999934
11
164.4166850000000011
21
-72.5059069999999934
0
LINE
8
BLACK
6
CONTINUOUS
10
164.4166850000000011
20
-72.5059069999999934
11
164.2532579999999882
21
-72.4733990000000006
0
LINE
8
BLACK
6
CONTINUOUS
10
164.2532579999999882
20
-72.4733990000000006
11
164.0993129999999951
21
-72.4096329999999995
0
LINE
8
BLACK
6
CONTINUOUS
10
164.0993129999999951
20
-72.4096329999999995
11
163.9607660000000067
21
-72.3170590000000004
0
LINE
8
BLACK
6
CONTINUOUS
10
163.9607660000000067
20
-72.3170590000000004
11
163.8429409999999962
21
-72.1992339999999899
0
LINE
8
BLACK
6
CONTINUOUS
10
163.8429409999999962
20
-72.1992339999999899
11
163.7503669999999829
21
-72.0606870000000015
0
LINE
8
BLACK
6
CONTINUOUS
10
163.7503669999999829
20
-72.0606870000000015
11
163.686600999999996
21
-71.9067419999999942
0
LINE
8
BLACK
6
CONTINUOUS
10
163.686600999999996
20
-71.9067419999999942
11
163.6540929999999889
21
-71.7433149999999955
0
LINE
8
BLACK
6
CONTINUOUS
10
163.6540929999999889
20
-71.7433149999999955
11
163.6540929999999889
21
-71.5766849999999977
0
LINE
8
BLACK
6
CONTINUOUS
10
163.6540929999999889
20
-71.5766849999999977
11
163.686600999999996
21
-71.413257999999999
0
LINE
8
BLACK
6
CONTINUOUS
10
163.686600999999996
20
-71.413257999999999
11
163.7503669999999829
21
-71.2593129999999917
0
LINE
8
BLACK
6
CONTINUOUS
10
163.7503669999999829
20
-71.2593129999999917
11
163.8429409999999962
21
-71.1207660000000033
0
LINE
8
BLACK
6
CONTINUOUS
10
163.8429409999999962
20
-71.1207660000000033
11
163.9607660000000067
21
-71.0029409999999928
0
LINE
8
BLACK
6
CONTINUOUS
10
163.9607660000000067
20
-71.0029409999999928
11
164.0993129999999951
21
-70.9103669999999937
0
LINE
8
BLACK
6
CONTINUOUS
10
164.0993129999999951
20
-70.9103669999999937
11
164.2532579999999882
21
-70.8466009999999926
0
LINE
8
BLACK
6
CONTINUOUS
10
164.2532579999999882
20
-70.8466009999999926
11
164.4166850000000011
21
-70.8140929999999997
0
LINE
8
BLACK
6
CONTINUOUS
10
164.4166850000000011
20
-70.8140929999999997
11
164.5833149999999989
21
-70.8140929999999997
0
LINE
8
BLACK
6
CONTINUOUS
10
164.5833149999999989
20
-70.8140929999999997
11
164.7467419999999834
21
-70.8466009999999926
0
LINE
8
BLACK
6
CONTINUOUS
10
177.6677139999999895
20
-69.9522949999999923
11
177.8035479999999779
21
-70.0085589999999911
0
LINE
8
BLACK
6
CONTINUOUS
10
177.8035479999999779
20
-70.0085589999999911
11
177.9257949999999937
21
-70.0902420000000035
0
LINE
8
BLACK
6
CONTINUOUS
10
177.9257949999999937
20
-70.0902420000000035
11
178.0297579999999869
21
-70.1942049999999966
0
LINE
8
BLACK
6
CONTINUOUS
10
178.0297579999999869
20
-70.1942049999999966
11
178.111440999999985
21
-70.3164519999999982
0
LINE
8
BLACK
6
CONTINUOUS
10
178.111440999999985
20
-70.3164519999999982
11
178.1677049999999838
21
-70.4522860000000009
0
LINE
8
BLACK
6
CONTINUOUS
10
178.1677049999999838
20
-70.4522860000000009
11
178.1963889999999822
21
-70.5964869999999962
0
LINE
8
BLACK
6
CONTINUOUS
10
178.1963889999999822
20
-70.5964869999999962
11
178.1963889999999822
21
-70.743512999999993
0
LINE
8
BLACK
6
CONTINUOUS
10
178.1963889999999822
20
-70.743512999999993
11
178.1677049999999838
21
-70.8877140000000026
0
LINE
8
BLACK
6
CONTINUOUS
10
178.1677049999999838
20
-70.8877140000000026
11
178.111440999999985
21
-71.023547999999991
0
LINE
8
BLACK
6
CONTINUOUS
10
178.111440999999985
20
-71.023547999999991
11
178.0297579999999869
21
-71.1457949999999926
0
LINE
8
BLACK
6
CONTINUOUS
10
178.0297579999999869
20
-71.1457949999999926
11
177.9257949999999937
21
-71.2497579999999999
0
LINE
8
BLACK
6
CONTINUOUS
10
177.9257949999999937
20
-71.2497579999999999
11
177.8035479999999779
21
-71.3314409999999981
0
LINE
8
BLACK
6
CONTINUOUS
10
177.8035479999999779
20
-71.3314409999999981
11
177.6677139999999895
21
-71.3877049999999969
0
LINE
8
BLACK
6
CONTINUOUS
10
177.6677139999999895
20
-71.3877049999999969
11
177.5235129999999799
21
-71.4163889999999952
0
LINE
8
BLACK
6
CONTINUOUS
10
177.5235129999999799
20
-71.4163889999999952
11
177.3764869999999974
21
-71.4163889999999952
0
LINE
8
BLACK
6
CONTINUOUS
10
177.3764869999999974
20
-71.4163889999999952
11
177.2322859999999878
21
-71.3877049999999969
0
LINE
8
BLACK
6
CONTINUOUS
10
177.2322859999999878
20
-71.3877049999999969
11
177.0964519999999993
21
-71.3314409999999981
0
LINE
8
BLACK
6
CONTINUOUS
10
177.0964519999999993
20
-71.3314409999999981
11
176.9742049999999836
21
-71.2497579999999999
0
LINE
8
BLACK
6
CONTINUOUS
10
176.9742049999999836
20
-71.2497579999999999
11
176.8702419999999904
21
-71.1457949999999926
0
LINE
8
BLACK
6
CONTINUOUS
10
176.8702419999999904
20
-71.1457949999999926
11
176.7885589999999922
21
-71.023547999999991
0
LINE
8
BLACK
6
CONTINUOUS
10
176.7885589999999922
20
-71.023547999999991
11
176.7322949999999935
21
-70.8877140000000026
0
LINE
8
BLACK
6
CONTINUOUS
10
176.7322949999999935
20
-70.8877140000000026
11
176.7036109999999951
21
-70.743512999999993
0
LINE
8
BLACK
6
CONTINUOUS
10
176.7036109999999951
20
-70.743512999999993
11
176.7036109999999951
21
-70.5964869999999962
0
LINE
8
BLACK
6
CONTINUOUS
10
176.7036109999999951
20
-70.5964869999999962
11
176.7322949999999935
21
-70.4522860000000009
0
LINE
8
BLACK
6
CONTINUOUS
10
176.7322949999999935
20
-70.4522860000000009
11
176.7885589999999922
21
-70.3164519999999982
0
LINE
8
BLACK
6
CONTINUOUS
10
176.7885589999999922
20
-70.3164519999999982
11
176.8702419999999904
21
-70.1942049999999966
0
LINE
8
BLACK
6
CONTINUOUS
10
176.8702419999999904
20
-70.1942049999999966
11
176.9742049999999836
21
-70.0902420000000035
0
LINE
8
BLACK
6
CONTINUOUS
10
176.9742049999999836
20
-70.0902420000000035
11
177.0964519999999993
21
-70.0085589999999911
0
LINE
8
BLACK
6
CONTINUOUS
10
177.0964519999999993
20
-70.0085589999999911
11
177.2322859999999878
21
-69.9522949999999923
0
LINE
8
BLACK
6
CONTINUOUS
10
177.2322859999999878
20
-69.9522949999999923
11
177.3764869999999974
21
-69.923610999999994
0
LINE
8
BLACK
6
CONTINUOUS
10
177.3764869999999974
20
-69.923610999999994
11
177.5235129999999799
21
-69.923610999999994
0
LINE
8
BLACK
6
CONTINUOUS
10
177.5235129999999799
20
-69.923610999999994
11
177.6677139999999895
21
-69.9522949999999923
0
LINE
8
BLACK
6
CONTINUOUS
10
200.5277140000000031
20
-69.9522949999999923
11
200.6635479999999916
21
-70.0085589999999911
0
LINE
8
BLACK
6
CONTINUOUS
10
200.6635479999999916
20
-70.0085589999999911
11
200.7857949999999789
21
-70.0902420000000035
0
LINE
8
BLACK
6
CONTINUOUS
10
200.7857949999999789
20
-70.0902420000000035
11
200.8897580000000005
21
-70.1942049999999966
0
LINE
8
BLACK
6
CONTINUOUS
10
200.8897580000000005
20
-70.1942049999999966
11
200.9714409999999987
21
-70.3164519999999982
0
LINE
8
BLACK
6
CONTINUOUS
10
200.9714409999999987
20
-70.3164519999999982
11
201.0277049999999974
21
-70.4522860000000009
0
LINE
8
BLACK
6
CONTINUOUS
10
201.0277049999999974
20
-70.4522860000000009
11
201.0563889999999958
21
-70.5964869999999962
0
LINE
8
BLACK
6
CONTINUOUS
10
201.0563889999999958
20
-70.5964869999999962
11
201.0563889999999958
21
-70.743512999999993
0
LINE
8
BLACK
6
CONTINUOUS
10
201.0563889999999958
20
-70.743512999999993
11
201.0277049999999974
21
-70.8877140000000026
0
LINE
8
BLACK
6
CONTINUOUS
10
201.0277049999999974
20
-70.8877140000000026
11
200.9714409999999987
21
-71.023547999999991
0
LINE
8
BLACK
6
CONTINUOUS
10
200.9714409999999987
20
-71.023547999999991
11
200.8897580000000005
21
-71.1457949999999926
0
LINE
8
BLACK
6
CONTINUOUS
10
200.8897580000000005
20
-71.1457949999999926
11
200.7857949999999789
21
-71.2497579999999999
0
LINE
8
BLACK
6
CONTINUOUS
10
200.7857949999999789
20
-71.2497579999999999
11
200.6635479999999916
21
-71.3314409999999981
0
LINE
8
BLACK
6
CONTINUOUS
10
200.6635479999999916
20
-71.3314409999999981
11
200.5277140000000031
21
-71.3877049999999969
0
LINE
8
BLACK
6
CONTINUOUS
10
200.5277140000000031
20
-71.3877049999999969
11
200.3835129999999936
21
-71.4163889999999952
0
LINE
8
BLACK
6
CONTINUOUS
10
200.3835129999999936
20
-71.4163889999999952
11
200.2364869999999826
21
-71.4163889999999952
0
LINE
8
BLACK
6
CONTINUOUS
10
200.2364869999999826
20
-71.4163889999999952
11
200.0922860000000014
21
-71.3877049999999969
0
LINE
8
BLACK
6
CONTINUOUS
10
200.0922860000000014
20
-71.3877049999999969
11
199.9564519999999845
21
-71.3314409999999981
0
LINE
8
BLACK
6
CONTINUOUS
10
199.9564519999999845
20
-71.3314409999999981
11
199.8342049999999972
21
-71.2497579999999999
0
LINE
8
BLACK
6
CONTINUOUS
10
199.8342049999999972
20
-71.2497579999999999
11
199.7302420000000041
21
-71.1457949999999926
0
LINE
8
BLACK
6
CONTINUOUS
10
199.7302420000000041
20
-71.1457949999999926
11
199.6485589999999775
21
-71.023547999999991
0
LINE
8
BLACK
6
CONTINUOUS
10
199.6485589999999775
20
-71.023547999999991
11
199.5922949999999787
21
-70.8877140000000026
0
LINE
8
BLACK
6
CONTINUOUS
10
199.5922949999999787
20
-70.8877140000000026
11
199.5636109999999803
21
-70.743512999999993
0
LINE
8
BLACK
6
CONTINUOUS
10
199.5636109999999803
20
-70.743512999999993
11
199.5636109999999803
21
-70.5964869999999962
0
LINE
8
BLACK
6
CONTINUOUS
10
199.5636109999999803
20
-70.5964869999999962
11
199.5922949999999787
21
-70.4522860000000009
0
LINE
8
BLACK
6
CONTINUOUS
10
199.5922949999999787
20
-70.4522860000000009
11
199.6485589999999775
21
-70.3164519999999982
0
LINE
8
BLACK
6
CONTINUOUS
10
199.6485589999999775
20
-70.3164519999999982
11
199.7302420000000041
21
-70.1942049999999966
0
LINE
8
BLACK
6
CONTINUOUS
10
199.7302420000000041
20
-70.1942049999999966
11
199.8342049999999972
21
-70.0902420000000035
0
LINE
8
BLACK
6
CONTINUOUS
10
199.8342049999999972
20
-70.0902420000000035
11
199.9564519999999845
21
-70.0085589999999911
0
LINE
8
BLACK
6
CONTINUOUS
10
199.9564519999999845
20
-70.0085589999999911
11
200.0922860000000014
21
-69.9522949999999923
0
LINE
8
BLACK
6
CONTINUOUS
10
200.0922860000000014
20
-69.9522949999999923
11
200.2364869999999826
21
-69.923610999999994
0
LINE
8
BLACK
6
CONTINUOUS
10
200.2364869999999826
20
-69.923610999999994
11
200.3835129999999936
21
-69.923610999999994
0
LINE
8
BLACK
6
CONTINUOUS
10
200.3835129999999936
20
-69.923610999999994
11
200.5277140000000031
21
-69.9522949999999923
0
LINE
8
BLACK
6
CONTINUOUS
10
164.7467419999999834
20
-68.3066010000000006
11
164.9006870000000049
21
-68.3703670000000017
0
LINE
8
BLACK
6
CONTINUOUS
10
164.9006870000000049
20
-68.3703670000000017
11
165.0392339999999933
21
-68.4629410000000007
0
LINE
8
BLACK
6
CONTINUOUS
10
165.0392339999999933
20
-68.4629410000000007
11
165.1570590000000038
21
-68.580765999999997
0
LINE
8
BLACK
6
CONTINUOUS
10
165.1570590000000038
20
-68.580765999999997
11
165.2496329999999887
21
-68.7193129999999996
0
LINE
8
BLACK
6
CONTINUOUS
10
165.2496329999999887
20
-68.7193129999999996
11
165.313399000000004
21
-68.8732579999999928
0
LINE
8
BLACK
6
CONTINUOUS
10
165.313399000000004
20
-68.8732579999999928
11
165.3459069999999826
21
-69.0366849999999914
0
LINE
8
BLACK
6
CONTINUOUS
10
165.3459069999999826
20
-69.0366849999999914
11
165.3459069999999826
21
-69.2033150000000035
0
LINE
8
BLACK
6
CONTINUOUS
10
165.3459069999999826
20
-69.2033150000000035
11
165.313399000000004
21
-69.3667420000000021
0
LINE
8
BLACK
6
CONTINUOUS
10
165.313399000000004
20
-69.3667420000000021
11
165.2496329999999887
21
-69.5206869999999952
0
LINE
8
BLACK
6
CONTINUOUS
10
165.2496329999999887
20
-69.5206869999999952
11
165.1570590000000038
21
-69.6592339999999979
0
LINE
8
BLACK
6
CONTINUOUS
10
165.1570590000000038
20
-69.6592339999999979
11
165.0392339999999933
21
-69.7770589999999942
0
LINE
8
BLACK
6
CONTINUOUS
10
165.0392339999999933
20
-69.7770589999999942
11
164.9006870000000049
21
-69.8696329999999932
0
LINE
8
BLACK
6
CONTINUOUS
10
164.9006870000000049
20
-69.8696329999999932
11
164.7467419999999834
21
-69.9333989999999943
0
LINE
8
BLACK
6
CONTINUOUS
10
164.7467419999999834
20
-69.9333989999999943
11
164.5833149999999989
21
-69.9659070000000014
0
LINE
8
BLACK
6
CONTINUOUS
10
164.5833149999999989
20
-69.9659070000000014
11
164.4166850000000011
21
-69.9659070000000014
0
LINE
8
BLACK
6
CONTINUOUS
10
164.4166850000000011
20
-69.9659070000000014
11
164.2532579999999882
21
-69.9333989999999943
0
LINE
8
BLACK
6
CONTINUOUS
10
164.2532579999999882
20
-69.9333989999999943
11
164.0993129999999951
21
-69.8696329999999932
0
LINE
8
BLACK
6
CONTINUOUS
10
164.0993129999999951
20
-69.8696329999999932
11
163.9607660000000067
21
-69.7770589999999942
0
LINE
8
BLACK
6
CONTINUOUS
10
163.9607660000000067
20
-69.7770589999999942
11
163.8429409999999962
21
-69.6592339999999979
0
LINE
8
BLACK
6
CONTINUOUS
10
163.8429409999999962
20
-69.6592339999999979
11
163.7503669999999829
21
-69.5206869999999952
0
LINE
8
BLACK
6
CONTINUOUS
10
163.7503669999999829
20
-69.5206869999999952
11
163.686600999999996
21
-69.3667420000000021
0
LINE
8
BLACK
6
CONTINUOUS
10
163.686600999999996
20
-69.3667420000000021
11
163.6540929999999889
21
-69.2033150000000035
0
LINE
8
BLACK
6
CONTINUOUS
10
163.6540929999999889
20
-69.2033150000000035
11
163.6540929999999889
21
-69.0366849999999914
0
LINE
8
BLACK
6
CONTINUOUS
10
163.6540929999999889
20
-69.0366849999999914
11
163.686600999999996
21
-68.8732579999999928
0
LINE
8
BLACK
6
CONTINUOUS
10
163.686600999999996
20
-68.8732579999999928
11
163.7503669999999829
21
-68.7193129999999996
0
LINE
8
BLACK
6
CONTINUOUS
10
163.7503669999999829
20
-68.7193129999999996
11
163.8429409999999962
21
-68.580765999999997
0
LINE
8
BLACK
6
CONTINUOUS
10
163.8429409999999962
20
-68.580765999999997
11
163.9607660000000067
21
-68.4629410000000007
0
LINE
8
BLACK
6
CONTINUOUS
10
163.9607660000000067
20
-68.4629410000000007
11
164.0993129999999951
21
-68.3703670000000017
0
LINE
8
BLACK
6
CONTINUOUS
10
164.0993129999999951
20
-68.3703670000000017
11
164.2532579999999882
21
-68.3066010000000006
0
LINE
8
BLACK
6
CONTINUOUS
10
164.2532579999999882
20
-68.3066010000000006
11
164.4166850000000011
21
-68.2740929999999935
0
LINE
8
BLACK
6
CONTINUOUS
10
164.4166850000000011
20
-68.2740929999999935
11
164.5833149999999989
21
-68.2740929999999935
0
LINE
8
BLACK
6
CONTINUOUS
10
164.5833149999999989
20
-68.2740929999999935
11
164.7467419999999834
21
-68.3066010000000006
0
LINE
8
BLACK
6
CONTINUOUS
10
206.303512999999981
20
-66.2536109999999923
11
206.4477129999999931
21
-66.2822939999999932
0
LINE
8
BLACK
6
CONTINUOUS
10
206.4477129999999931
20
-66.2822939999999932
11
206.5228060000000028
21
-66.313399000000004
0
LINE
8
BLACK
6
CONTINUOUS
10
206.5228060000000028
20
-66.313399000000004
11
206.5835479999999791
21
-66.3385590000000036
0
LINE
8
BLACK
6
CONTINUOUS
10
206.5835479999999791
20
-66.3385590000000036
11
206.7057949999999948
21
-66.4202420000000018
0
LINE
8
BLACK
6
CONTINUOUS
10
206.7057949999999948
20
-66.4202420000000018
11
206.7456760000000031
21
-66.4563890000000015
0
LINE
8
BLACK
6
CONTINUOUS
10
206.7456760000000031
20
-66.4563890000000015
11
206.7467419999999834
21
-66.456600999999992
0
LINE
8
BLACK
6
CONTINUOUS
10
206.7467419999999834
20
-66.456600999999992
11
206.9006869999999765
21
-66.5203669999999931
0
LINE
8
BLACK
6
CONTINUOUS
10
206.9006869999999765
20
-66.5203669999999931
11
207.0392339999999933
21
-66.6129409999999922
0
LINE
8
BLACK
6
CONTINUOUS
10
207.0392339999999933
20
-66.6129409999999922
11
207.1570590000000038
21
-66.7307660000000027
0
LINE
8
BLACK
6
CONTINUOUS
10
207.1570590000000038
20
-66.7307660000000027
11
207.2496329999999887
21
-66.8693129999999911
0
LINE
8
BLACK
6
CONTINUOUS
10
207.2496329999999887
20
-66.8693129999999911
11
207.313399000000004
21
-67.0232579999999984
0
LINE
8
BLACK
6
CONTINUOUS
10
207.313399000000004
20
-67.0232579999999984
11
207.3459069999999826
21
-67.1866849999999971
0
LINE
8
BLACK
6
CONTINUOUS
10
207.3459069999999826
20
-67.1866849999999971
11
207.3459069999999826
21
-67.3533149999999949
0
LINE
8
BLACK
6
CONTINUOUS
10
207.3459069999999826
20
-67.3533149999999949
11
207.313399000000004
21
-67.5167419999999936
0
LINE
8
BLACK
6
CONTINUOUS
10
207.313399000000004
20
-67.5167419999999936
11
207.2496329999999887
21
-67.6706870000000009
0
LINE
8
BLACK
6
CONTINUOUS
10
207.2496329999999887
20
-67.6706870000000009
11
207.1570590000000038
21
-67.8092340000000036
0
LINE
8
BLACK
6
CONTINUOUS
10
207.1570590000000038
20
-67.8092340000000036
11
207.0392339999999933
21
-67.9270589999999999
0
LINE
8
BLACK
6
CONTINUOUS
10
207.0392339999999933
20
-67.9270589999999999
11
206.9006869999999765
21
-68.0196329999999989
0
LINE
8
BLACK
6
CONTINUOUS
10
206.9006869999999765
20
-68.0196329999999989
11
206.7467419999999834
21
-68.083399
0
LINE
8
BLACK
6
CONTINUOUS
10
206.7467419999999834
20
-68.083399
11
206.5833149999999989
21
-68.1159069999999929
0
LINE
8
BLACK
6
CONTINUOUS
10
206.5833149999999989
20
-68.1159069999999929
11
206.4166850000000011
21
-68.1159069999999929
0
LINE
8
BLACK
6
CONTINUOUS
10
206.4166850000000011
20
-68.1159069999999929
11
206.2532579999999882
21
-68.083399
0
LINE
8
BLACK
6
CONTINUOUS
10
206.2532579999999882
20
-68.083399
11
206.0993129999999951
21
-68.0196329999999989
0
LINE
8
BLACK
6
CONTINUOUS
10
206.0993129999999951
20
-68.0196329999999989
11
205.9607659999999782
21
-67.9270589999999999
0
LINE
8
BLACK
6
CONTINUOUS
10
205.9607659999999782
20
-67.9270589999999999
11
205.8429409999999962
21
-67.8092340000000036
0
LINE
8
BLACK
6
CONTINUOUS
10
205.8429409999999962
20
-67.8092340000000036
11
205.8033619999999928
21
-67.75
0
LINE
8
BLACK
6
CONTINUOUS
10
205.8033619999999928
20
-67.75
11
202.3106599999999844
21
-67.75
0
LINE
8
BLACK
6
CONTINUOUS
10
202.3106599999999844
20
-67.75
11
201.4003299999999967
21
-68.6603300000000019
0
LINE
8
BLACK
6
CONTINUOUS
10
201.4003299999999967
20
-68.6603300000000019
11
201.3457949999999812
21
-68.7097579999999937
0
LINE
8
BLACK
6
CONTINUOUS
10
201.3457949999999812
20
-68.7097579999999937
11
201.2235479999999939
21
-68.7914409999999918
0
LINE
8
BLACK
6
CONTINUOUS
10
201.2235479999999939
20
-68.7914409999999918
11
201.1787419999999997
21
-68.8100000000000023
0
LINE
8
BLACK
6
CONTINUOUS
10
201.1787419999999997
20
-68.8100000000000023
11
201.0877129999999795
21
-68.8477060000000023
0
LINE
8
BLACK
6
CONTINUOUS
10
201.0877129999999795
20
-68.8477060000000023
11
200.9435129999999958
21
-68.8763890000000032
0
LINE
8
BLACK
6
CONTINUOUS
10
200.9435129999999958
20
-68.8763890000000032
11
200.8700000000000045
21
-68.8799999999999955
0
LINE
8
BLACK
6
CONTINUOUS
10
200.8700000000000045
20
-68.8799999999999955
11
200.3100000000000023
21
-68.8799999999999955
0
LINE
8
BLACK
6
CONTINUOUS
10
200.3100000000000023
20
-68.8799999999999955
11
200.2364869999999826
21
-68.8763890000000032
0
LINE
8
BLACK
6
CONTINUOUS
10
200.2364869999999826
20
-68.8763890000000032
11
200.0922860000000014
21
-68.8477049999999906
0
LINE
8
BLACK
6
CONTINUOUS
10
200.0922860000000014
20
-68.8477049999999906
11
199.9564519999999845
21
-68.7914409999999918
0
LINE
8
BLACK
6
CONTINUOUS
10
199.9564519999999845
20
-68.7914409999999918
11
199.8342049999999972
21
-68.7097579999999937
0
LINE
8
BLACK
6
CONTINUOUS
10
199.8342049999999972
20
-68.7097579999999937
11
199.7302420000000041
21
-68.6057950000000005
0
LINE
8
BLACK
6
CONTINUOUS
10
199.7302420000000041
20
-68.6057950000000005
11
199.6485589999999775
21
-68.483547999999999
0
LINE
8
BLACK
6
CONTINUOUS
10
199.6485589999999775
20
-68.483547999999999
11
199.5922949999999787
21
-68.3477139999999963
0
LINE
8
BLACK
6
CONTINUOUS
10
199.5922949999999787
20
-68.3477139999999963
11
199.5636109999999803
21
-68.2035130000000009
0
LINE
8
BLACK
6
CONTINUOUS
10
199.5636109999999803
20
-68.2035130000000009
11
199.5636109999999803
21
-68.05648699999999
0
LINE
8
BLACK
6
CONTINUOUS
10
199.5636109999999803
20
-68.05648699999999
11
199.5922949999999787
21
-67.9122859999999946
0
LINE
8
BLACK
6
CONTINUOUS
10
199.5922949999999787
20
-67.9122859999999946
11
199.6485589999999775
21
-67.7764519999999919
0
LINE
8
BLACK
6
CONTINUOUS
10
199.6485589999999775
20
-67.7764519999999919
11
199.7302420000000041
21
-67.6542049999999904
0
LINE
8
BLACK
6
CONTINUOUS
10
199.7302420000000041
20
-67.6542049999999904
11
199.8342049999999972
21
-67.5502419999999972
0
LINE
8
BLACK
6
CONTINUOUS
10
199.8342049999999972
20
-67.5502419999999972
11
199.9564519999999845
21
-67.4685589999999991
0
LINE
8
BLACK
6
CONTINUOUS
10
199.9564519999999845
20
-67.4685589999999991
11
200.0922860000000014
21
-67.4122950000000003
0
LINE
8
BLACK
6
CONTINUOUS
10
200.0922860000000014
20
-67.4122950000000003
11
200.2364869999999826
21
-67.3836110000000019
0
LINE
8
BLACK
6
CONTINUOUS
10
200.2364869999999826
20
-67.3836110000000019
11
200.3100000000000023
21
-67.3799999999999955
0
LINE
8
BLACK
6
CONTINUOUS
10
200.3100000000000023
20
-67.3799999999999955
11
200.5593399999999917
21
-67.3799999999999955
0
LINE
8
BLACK
6
CONTINUOUS
10
200.5593399999999917
20
-67.3799999999999955
11
201.4696699999999794
21
-66.4696699999999936
0
LINE
8
BLACK
6
CONTINUOUS
10
201.4696699999999794
20
-66.4696699999999936
11
201.5242049999999949
21
-66.4202420000000018
0
LINE
8
BLACK
6
CONTINUOUS
10
201.5242049999999949
20
-66.4202420000000018
11
201.6464519999999823
21
-66.3385590000000036
0
LINE
8
BLACK
6
CONTINUOUS
10
201.6464519999999823
20
-66.3385590000000036
11
201.7822859999999991
21
-66.2822949999999906
0
LINE
8
BLACK
6
CONTINUOUS
10
201.7822859999999991
20
-66.2822949999999906
11
201.9264869999999803
21
-66.2536109999999923
0
LINE
8
BLACK
6
CONTINUOUS
10
201.9264869999999803
20
-66.2536109999999923
11
202.
21
-66.25
0
LINE
8
BLACK
6
CONTINUOUS
10
202.
20
-66.25
11
206.2299999999999898
21
-66.25
0
LINE
8
BLACK
6
CONTINUOUS
10
206.2299999999999898
20
-66.25
11
206.303512999999981
21
-66.2536109999999923
0
LINE
8
BLACK
6
CONTINUOUS
10
177.6677139999999895
20
-67.4122950000000003
11
177.8035479999999779
21
-67.4685589999999991
0
LINE
8
BLACK
6
CONTINUOUS
10
177.8035479999999779
20
-67.4685589999999991
11
177.9257949999999937
21
-67.5502419999999972
0
LINE
8
BLACK
6
CONTINUOUS
10
177.9257949999999937
20
-67.5502419999999972
11
178.0297579999999869
21
-67.6542049999999904
0
LINE
8
BLACK
6
CONTINUOUS
10
178.0297579999999869
20
-67.6542049999999904
11
178.111440999999985
21
-67.7764519999999919
0
LINE
8
BLACK
6
CONTINUOUS
10
178.111440999999985
20
-67.7764519999999919
11
178.1677049999999838
21
-67.9122859999999946
0
LINE
8
BLACK
6
CONTINUOUS
10
178.1677049999999838
20
-67.9122859999999946
11
178.1963889999999822
21
-68.05648699999999
0
LINE
8
BLACK
6
CONTINUOUS
10
178.1963889999999822
20
-68.05648699999999
11
178.1963889999999822
21
-68.2035130000000009
0
LINE
8
BLACK
6
CONTINUOUS
10
178.1963889999999822
20
-68.2035130000000009
11
178.1677049999999838
21
-68.3477139999999963
0
LINE
8
BLACK
6
CONTINUOUS
10
178.1677049999999838
20
-68.3477139999999963
11
178.111440999999985
21
-68.483547999999999
0
LINE
8
BLACK
6
CONTINUOUS
10
178.111440999999985
20
-68.483547999999999
11
178.0297579999999869
21
-68.6057950000000005
0
LINE
8
BLACK
6
CONTINUOUS
10
178.0297579999999869
20
-68.6057950000000005
11
177.9257949999999937
21
-68.7097579999999937
0
LINE
8
BLACK
6
CONTINUOUS
10
177.9257949999999937
20
-68.7097579999999937
11
177.8035479999999779
21
-68.7914409999999918
0
LINE
8
BLACK
6
CONTINUOUS
10
177.8035479999999779
20
-68.7914409999999918
11
177.6677139999999895
21
-68.8477049999999906
0
LINE
8
BLACK
6
CONTINUOUS
10
177.6677139999999895
20
-68.8477049999999906
11
177.5235129999999799
21
-68.8763890000000032
0
LINE
8
BLACK
6
CONTINUOUS
10
177.5235129999999799
20
-68.8763890000000032
11
177.3764869999999974
21
-68.8763890000000032
0
LINE
8
BLACK
6
CONTINUOUS
10
177.3764869999999974
20
-68.8763890000000032
11
177.2322859999999878
21
-68.8477049999999906
0
LINE
8
BLACK
6
CONTINUOUS
10
177.2322859999999878
20
-68.8477049999999906
11
177.0964519999999993
21
-68.7914409999999918
0
LINE
8
BLACK
6
CONTINUOUS
10
177.0964519999999993
20
-68.7914409999999918
11
176.9742049999999836
21
-68.7097579999999937
0
LINE
8
BLACK
6
CONTINUOUS
10
176.9742049999999836
20
-68.7097579999999937
11
176.8702419999999904
21
-68.6057950000000005
0
LINE
8
BLACK
6
CONTINUOUS
10
176.8702419999999904
20
-68.6057950000000005
11
176.7885589999999922
21
-68.483547999999999
0
LINE
8
BLACK
6
CONTINUOUS
10
176.7885589999999922
20
-68.483547999999999
11
176.7322949999999935
21
-68.3477139999999963
0
LINE
8
BLACK
6
CONTINUOUS
10
176.7322949999999935
20
-68.3477139999999963
11
176.7036109999999951
21
-68.2035130000000009
0
LINE
8
BLACK
6
CONTINUOUS
10
176.7036109999999951
20
-68.2035130000000009
11
176.7036109999999951
21
-68.05648699999999
0
LINE
8
BLACK
6
CONTINUOUS
10
176.7036109999999951
20
-68.05648699999999
11
176.7322949999999935
21
-67.9122859999999946
0
LINE
8
BLACK
6
CONTINUOUS
10
176.7322949999999935
20
-67.9122859999999946
11
176.7885589999999922
21
-67.7764519999999919
0
LINE
8
BLACK
6
CONTINUOUS
10
176.7885589999999922
20
-67.7764519999999919
11
176.8702419999999904
21
-67.6542049999999904
0
LINE
8
BLACK
6
CONTINUOUS
10
176.8702419999999904
20
-67.6542049999999904
11
176.9742049999999836
21
-67.5502419999999972
0
LINE
8
BLACK
6
CONTINUOUS
10
176.9742049999999836
20
-67.5502419999999972
11
177.0964519999999993
21
-67.4685589999999991
0
LINE
8
BLACK
6
CONTINUOUS
10
177.0964519999999993
20
-67.4685589999999991
11
177.2322859999999878
21
-67.4122950000000003
0
LINE
8
BLACK
6
CONTINUOUS
10
177.2322859999999878
20
-67.4122950000000003
11
177.3764869999999974
21
-67.3836110000000019
0
LINE
8
BLACK
6
CONTINUOUS
10
177.3764869999999974
20
-67.3836110000000019
11
177.5235129999999799
21
-67.3836110000000019
0
LINE
8
BLACK
6
CONTINUOUS
10
177.5235129999999799
20
-67.3836110000000019
11
177.6677139999999895
21
-67.4122950000000003
0
LINE
8
BLACK
6
CONTINUOUS
10
164.7467419999999834
20
-65.7666009999999943
11
164.9006870000000049
21
-65.8303669999999954
0
LINE
8
BLACK
6
CONTINUOUS
10
164.9006870000000049
20
-65.8303669999999954
11
165.0392339999999933
21
-65.9229409999999945
0
LINE
8
BLACK
6
CONTINUOUS
10
165.0392339999999933
20
-65.9229409999999945
11
165.1570590000000038
21
-66.0407659999999908
0
LINE
8
BLACK
6
CONTINUOUS
10
165.1570590000000038
20
-66.0407659999999908
11
165.2496329999999887
21
-66.1793129999999934
0
LINE
8
BLACK
6
CONTINUOUS
10
165.2496329999999887
20
-66.1793129999999934
11
165.313399000000004
21
-66.3332580000000007
0
LINE
8
BLACK
6
CONTINUOUS
10
165.313399000000004
20
-66.3332580000000007
11
165.3459069999999826
21
-66.4966849999999994
0
LINE
8
BLACK
6
CONTINUOUS
10
165.3459069999999826
20
-66.4966849999999994
11
165.3459069999999826
21
-66.6633149999999972
0
LINE
8
BLACK
6
CONTINUOUS
10
165.3459069999999826
20
-66.6633149999999972
11
165.313399000000004
21
-66.8267419999999959
0
LINE
8
BLACK
6
CONTINUOUS
10
165.313399000000004
20
-66.8267419999999959
11
165.2496329999999887
21
-66.9806870000000032
0
LINE
8
BLACK
6
CONTINUOUS
10
165.2496329999999887
20
-66.9806870000000032
11
165.1570590000000038
21
-67.1192339999999916
0
LINE
8
BLACK
6
CONTINUOUS
10
165.1570590000000038
20
-67.1192339999999916
11
165.0392339999999933
21
-67.2370590000000021
0
LINE
8
BLACK
6
CONTINUOUS
10
165.0392339999999933
20
-67.2370590000000021
11
164.9006870000000049
21
-67.3296330000000012
0
LINE
8
BLACK
6
CONTINUOUS
10
164.9006870000000049
20
-67.3296330000000012
11
164.7467419999999834
21
-67.3933990000000023
0
LINE
8
BLACK
6
CONTINUOUS
10
164.7467419999999834
20
-67.3933990000000023
11
164.5833149999999989
21
-67.4259069999999952
0
LINE
8
BLACK
6
CONTINUOUS
10
164.5833149999999989
20
-67.4259069999999952
11
164.4166850000000011
21
-67.4259069999999952
0
LINE
8
BLACK
6
CONTINUOUS
10
164.4166850000000011
20
-67.4259069999999952
11
164.2532579999999882
21
-67.3933990000000023
0
LINE
8
BLACK
6
CONTINUOUS
10
164.2532579999999882
20
-67.3933990000000023
11
164.0993129999999951
21
-67.3296330000000012
0
LINE
8
BLACK
6
CONTINUOUS
10
164.0993129999999951
20
-67.3296330000000012
11
163.9607660000000067
21
-67.2370590000000021
0
LINE
8
BLACK
6
CONTINUOUS
10
163.9607660000000067
20
-67.2370590000000021
11
163.8429409999999962
21
-67.1192339999999916
0
LINE
8
BLACK
6
CONTINUOUS
10
163.8429409999999962
20
-67.1192339999999916
11
163.7503669999999829
21
-66.9806870000000032
0
LINE
8
BLACK
6
CONTINUOUS
10
163.7503669999999829
20
-66.9806870000000032
11
163.686600999999996
21
-66.8267419999999959
0
LINE
8
BLACK
6
CONTINUOUS
10
163.686600999999996
20
-66.8267419999999959
11
163.6540929999999889
21
-66.6633149999999972
0
LINE
8
BLACK
6
CONTINUOUS
10
163.6540929999999889
20
-66.6633149999999972
11
163.6540929999999889
21
-66.4966849999999994
0
LINE
8
BLACK
6
CONTINUOUS
10
163.6540929999999889
20
-66.4966849999999994
11
163.686600999999996
21
-66.3332580000000007
0
LINE
8
BLACK
6
CONTINUOUS
10
163.686600999999996
20
-66.3332580000000007
11
163.7503669999999829
21
-66.1793129999999934
0
LINE
8
BLACK
6
CONTINUOUS
10
163.7503669999999829
20
-66.1793129999999934
11
163.8429409999999962
21
-66.0407659999999908
0
LINE
8
BLACK
6
CONTINUOUS
10
163.8429409999999962
20
-66.0407659999999908
11
163.9607660000000067
21
-65.9229409999999945
0
LINE
8
BLACK
6
CONTINUOUS
10
163.9607660000000067
20
-65.9229409999999945
11
164.0993129999999951
21
-65.8303669999999954
0
LINE
8
BLACK
6
CONTINUOUS
10
164.0993129999999951
20
-65.8303669999999954
11
164.2532579999999882
21
-65.7666009999999943
0
LINE
8
BLACK
6
CONTINUOUS
10
164.2532579999999882
20
-65.7666009999999943
11
164.4166850000000011
21
-65.7340930000000014
0
LINE
8
BLACK
6
CONTINUOUS
10
164.4166850000000011
20
-65.7340930000000014
11
164.5833149999999989
21
-65.7340930000000014
0
LINE
8
BLACK
6
CONTINUOUS
10
164.5833149999999989
20
-65.7340930000000014
11
164.7467419999999834
21
-65.7666009999999943
0
LINE
8
BLACK
6
CONTINUOUS
10
177.6677139999999895
20
-64.872294999999994
11
177.8035479999999779
21
-64.9285589999999928
0
LINE
8
BLACK
6
CONTINUOUS
10
177.8035479999999779
20
-64.9285589999999928
11
177.9257949999999937
21
-65.010241999999991
0
LINE
8
BLACK
6
CONTINUOUS
10
177.9257949999999937
20
-65.010241999999991
11
178.0297579999999869
21
-65.1142049999999983
0
LINE
8
BLACK
6
CONTINUOUS
10
178.0297579999999869
20
-65.1142049999999983
11
178.111440999999985
21
-65.2364519999999999
0
LINE
8
BLACK
6
CONTINUOUS
10
178.111440999999985
20
-65.2364519999999999
11
178.1677049999999838
21
-65.3722860000000026
0
LINE
8
BLACK
6
CONTINUOUS
10
178.1677049999999838
20
-65.3722860000000026
11
178.1963889999999822
21
-65.5164869999999979
0
LINE
8
BLACK
6
CONTINUOUS
10
178.1963889999999822
20
-65.5164869999999979
11
178.1963889999999822
21
-65.6635129999999947
0
LINE
8
BLACK
6
CONTINUOUS
10
178.1963889999999822
20
-65.6635129999999947
11
178.1677049999999838
21
-65.8077139999999901
0
LINE
8
BLACK
6
CONTINUOUS
10
178.1677049999999838
20
-65.8077139999999901
11
178.111440999999985
21
-65.9435479999999927
0
LINE
8
BLACK
6
CONTINUOUS
10
178.111440999999985
20
-65.9435479999999927
11
178.0297579999999869
21
-66.0657949999999943
0
LINE
8
BLACK
6
CONTINUOUS
10
178.0297579999999869
20
-66.0657949999999943
11
177.9257949999999937
21
-66.1697580000000016
0
LINE
8
BLACK
6
CONTINUOUS
10
177.9257949999999937
20
-66.1697580000000016
11
177.8035479999999779
21
-66.2514409999999998
0
LINE
8
BLACK
6
CONTINUOUS
10
177.8035479999999779
20
-66.2514409999999998
11
177.6677139999999895
21
-66.3077049999999986
0
LINE
8
BLACK
6
CONTINUOUS
10
177.6677139999999895
20
-66.3077049999999986
11
177.5235129999999799
21
-66.3363889999999969
0
LINE
8
BLACK
6
CONTINUOUS
10
177.5235129999999799
20
-66.3363889999999969
11
177.3764869999999974
21
-66.3363889999999969
0
LINE
8
BLACK
6
CONTINUOUS
10
177.3764869999999974
20
-66.3363889999999969
11
177.2322859999999878
21
-66.3077049999999986
0
LINE
8
BLACK
6
CONTINUOUS
10
177.2322859999999878
20
-66.3077049999999986
11
177.0964519999999993
21
-66.2514409999999998
0
LINE
8
BLACK
6
CONTINUOUS
10
177.0964519999999993
20
-66.2514409999999998
11
176.9742049999999836
21
-66.1697580000000016
0
LINE
8
BLACK
6
CONTINUOUS
10
176.9742049999999836
20
-66.1697580000000016
11
176.8702419999999904
21
-66.0657949999999943
0
LINE
8
BLACK
6
CONTINUOUS
10
176.8702419999999904
20
-66.0657949999999943
11
176.7885589999999922
21
-65.9435479999999927
0
LINE
8
BLACK
6
CONTINUOUS
10
176.7885589999999922
20
-65.9435479999999927
11
176.7322949999999935
21
-65.8077139999999901
0
LINE
8
BLACK
6
CONTINUOUS
10
176.7322949999999935
20
-65.8077139999999901
11
176.7036109999999951
21
-65.6635129999999947
0
LINE
8
BLACK
6
CONTINUOUS
10
176.7036109999999951
20
-65.6635129999999947
11
176.7036109999999951
21
-65.5164869999999979
0
LINE
8
BLACK
6
CONTINUOUS
10
176.7036109999999951
20
-65.5164869999999979
11
176.7322949999999935
21
-65.3722860000000026
0
LINE
8
BLACK
6
CONTINUOUS
10
176.7322949999999935
20
-65.3722860000000026
11
176.7885589999999922
21
-65.2364519999999999
0
LINE
8
BLACK
6
CONTINUOUS
10
176.7885589999999922
20
-65.2364519999999999
11
176.8702419999999904
21
-65.1142049999999983
0
LINE
8
BLACK
6
CONTINUOUS
10
176.8702419999999904
20
-65.1142049999999983
11
176.9742049999999836
21
-65.010241999999991
0
LINE
8
BLACK
6
CONTINUOUS
10
176.9742049999999836
20
-65.010241999999991
11
177.0964519999999993
21
-64.9285589999999928
0
LINE
8
BLACK
6
CONTINUOUS
10
177.0964519999999993
20
-64.9285589999999928
11
177.2322859999999878
21
-64.872294999999994
0
LINE
8
BLACK
6
CONTINUOUS
10
177.2322859999999878
20
-64.872294999999994
11
177.3764869999999974
21
-64.8436109999999957
0
LINE
8
BLACK
6
CONTINUOUS
10
177.3764869999999974
20
-64.8436109999999957
11
177.5235129999999799
21
-64.8436109999999957
0
LINE
8
BLACK
6
CONTINUOUS
10
177.5235129999999799
20
-64.8436109999999957
11
177.6677139999999895
21
-64.872294999999994
0
LINE
8
BLACK
6
CONTINUOUS
10
206.7467419999999834
20
-63.916601
11
206.9006869999999765
21
-63.980366999999994
0
LINE
8
BLACK
6
CONTINUOUS
10
206.9006869999999765
20
-63.980366999999994
11
207.0392339999999933
21
-64.0729410000000001
0
LINE
8
BLACK
6
CONTINUOUS
10
207.0392339999999933
20
-64.0729410000000001
11
207.1570590000000038
21
-64.1907659999999964
0
LINE
8
BLACK
6
CONTINUOUS
10
207.1570590000000038
20
-64.1907659999999964
11
207.2496329999999887
21
-64.3293129999999991
0
LINE
8
BLACK
6
CONTINUOUS
10
207.2496329999999887
20
-64.3293129999999991
11
207.313399000000004
21
-64.4832579999999922
0
LINE
8
BLACK
6
CONTINUOUS
10
207.313399000000004
20
-64.4832579999999922
11
207.3459069999999826
21
-64.6466849999999909
0
LINE
8
BLACK
6
CONTINUOUS
10
207.3459069999999826
20
-64.6466849999999909
11
207.3459069999999826
21
-64.8133150000000029
0
LINE
8
BLACK
6
CONTINUOUS
10
207.3459069999999826
20
-64.8133150000000029
11
207.313399000000004
21
-64.9767420000000016
0
LINE
8
BLACK
6
CONTINUOUS
10
207.313399000000004
20
-64.9767420000000016
11
207.2496329999999887
21
-65.1306869999999947
0
LINE
8
BLACK
6
CONTINUOUS
10
207.2496329999999887
20
-65.1306869999999947
11
207.1570590000000038
21
-65.2692339999999973
0
LINE
8
BLACK
6
CONTINUOUS
10
207.1570590000000038
20
-65.2692339999999973
11
207.0392339999999933
21
-65.3870589999999936
0
LINE
8
BLACK
6
CONTINUOUS
10
207.0392339999999933
20
-65.3870589999999936
11
206.9006869999999765
21
-65.4796329999999926
0
LINE
8
BLACK
6
CONTINUOUS
10
206.9006869999999765
20
-65.4796329999999926
11
206.7467419999999834
21
-65.5433989999999937
0
LINE
8
BLACK
6
CONTINUOUS
10
206.7467419999999834
20
-65.5433989999999937
11
206.638387999999992
21
-65.564951999999991
0
LINE
8
BLACK
6
CONTINUOUS
10
206.638387999999992
20
-65.564951999999991
11
206.559978000000001
21
-65.6173450000000003
0
LINE
8
BLACK
6
CONTINUOUS
10
206.559978000000001
20
-65.6173450000000003
11
206.4331990000000019
21
-65.6698590000000024
0
LINE
8
BLACK
6
CONTINUOUS
10
206.4331990000000019
20
-65.6698590000000024
11
206.2986119999999914
21
-65.6966290000000015
0
LINE
8
BLACK
6
CONTINUOUS
10
206.2986119999999914
20
-65.6966290000000015
11
206.2299999999999898
21
-65.7000000000000028
0
LINE
8
BLACK
6
CONTINUOUS
10
206.2299999999999898
20
-65.7000000000000028
11
201.6999500000000012
21
-65.7000000000000028
0
LINE
8
BLACK
6
CONTINUOUS
10
201.6999500000000012
20
-65.7000000000000028
11
201.314975000000004
21
-66.084975
0
LINE
8
BLACK
6
CONTINUOUS
10
201.314975000000004
20
-66.084975
11
201.2640749999999912
21
-66.1311070000000001
0
LINE
8
BLACK
6
CONTINUOUS
10
201.2640749999999912
20
-66.1311070000000001
11
201.1499780000000044
21
-66.2073450000000037
0
LINE
8
BLACK
6
CONTINUOUS
10
201.1499780000000044
20
-66.2073450000000037
11
201.0231989999999769
21
-66.2598589999999916
0
LINE
8
BLACK
6
CONTINUOUS
10
201.0231989999999769
20
-66.2598589999999916
11
200.8886119999999949
21
-66.2866289999999907
0
LINE
8
BLACK
6
CONTINUOUS
10
200.8886119999999949
20
-66.2866289999999907
11
200.8199999999999932
21
-66.289999999999992
0
LINE
8
BLACK
6
CONTINUOUS
10
200.8199999999999932
20
-66.289999999999992
11
200.5704580000000021
21
-66.289999999999992
0
LINE
8
BLACK
6
CONTINUOUS
10
200.5704580000000021
20
-66.289999999999992
11
200.5277140000000031
21
-66.3077049999999986
0
LINE
8
BLACK
6
CONTINUOUS
10
200.5277140000000031
20
-66.3077049999999986
11
200.3835129999999936
21
-66.3363889999999969
0
LINE
8
BLACK
6
CONTINUOUS
10
200.3835129999999936
20
-66.3363889999999969
11
200.2364869999999826
21
-66.3363889999999969
0
LINE
8
BLACK
6
CONTINUOUS
10
200.2364869999999826
20
-66.3363889999999969
11
200.0922860000000014
21
-66.3077049999999986
0
LINE
8
BLACK
6
CONTINUOUS
10
200.0922860000000014
20
-66.3077049999999986
11
199.9564519999999845
21
-66.2514409999999998
0
LINE
8
BLACK
6
CONTINUOUS
10
199.9564519999999845
20
-66.2514409999999998
11
199.8342049999999972
21
-66.1697580000000016
0
LINE
8
BLACK
6
CONTINUOUS
10
199.8342049999999972
20
-66.1697580000000016
11
199.7302420000000041
21
-66.0657949999999943
0
LINE
8
BLACK
6
CONTINUOUS
10
199.7302420000000041
20
-66.0657949999999943
11
199.6485589999999775
21
-65.9435479999999927
0
LINE
8
BLACK
6
CONTINUOUS
10
199.6485589999999775
20
-65.9435479999999927
11
199.5922949999999787
21
-65.8077139999999901
0
LINE
8
BLACK
6
CONTINUOUS
10
199.5922949999999787
20
-65.8077139999999901
11
199.5636109999999803
21
-65.6635129999999947
0
LINE
8
BLACK
6
CONTINUOUS
10
199.5636109999999803
20
-65.6635129999999947
11
199.5636109999999803
21
-65.5164869999999979
0
LINE
8
BLACK
6
CONTINUOUS
10
199.5636109999999803
20
-65.5164869999999979
11
199.5922949999999787
21
-65.3722860000000026
0
LINE
8
BLACK
6
CONTINUOUS
10
199.5922949999999787
20
-65.3722860000000026
11
199.6485589999999775
21
-65.2364519999999999
0
LINE
8
BLACK
6
CONTINUOUS
10
199.6485589999999775
20
-65.2364519999999999
11
199.7302420000000041
21
-65.1142049999999983
0
LINE
8
BLACK
6
CONTINUOUS
10
199.7302420000000041
20
-65.1142049999999983
11
199.8342049999999972
21
-65.010241999999991
0
LINE
8
BLACK
6
CONTINUOUS
10
199.8342049999999972
20
-65.010241999999991
11
199.9564519999999845
21
-64.9285589999999928
0
LINE
8
BLACK
6
CONTINUOUS
10
199.9564519999999845
20
-64.9285589999999928
11
200.0922860000000014
21
-64.872294999999994
0
LINE
8
BLACK
6
CONTINUOUS
10
200.0922860000000014
20
-64.872294999999994
11
200.2364869999999826
21
-64.8436109999999957
0
LINE
8
BLACK
6
CONTINUOUS
10
200.2364869999999826
20
-64.8436109999999957
11
200.3835129999999936
21
-64.8436109999999957
0
LINE
8
BLACK
6
CONTINUOUS
10
200.3835129999999936
20
-64.8436109999999957
11
200.5277140000000031
21
-64.872294999999994
0
LINE
8
BLACK
6
CONTINUOUS
10
200.5277140000000031
20
-64.872294999999994
11
200.5418849999999793
21
-64.8781639999999982
0
LINE
8
BLACK
6
CONTINUOUS
10
200.5418849999999793
20
-64.8781639999999982
11
200.9150249999999858
21
-64.5050250000000034
0
LINE
8
BLACK
6
CONTINUOUS
10
200.9150249999999858
20
-64.5050250000000034
11
200.9659249999999986
21
-64.4588930000000033
0
LINE
8
BLACK
6
CONTINUOUS
10
200.9659249999999986
20
-64.4588930000000033
11
201.0800219999999854
21
-64.3826549999999997
0
LINE
8
BLACK
6
CONTINUOUS
10
201.0800219999999854
20
-64.3826549999999997
11
201.2068009999999845
21
-64.3301409999999976
0
LINE
8
BLACK
6
CONTINUOUS
10
201.2068009999999845
20
-64.3301409999999976
11
201.3413879999999949
21
-64.3033709999999985
0
LINE
8
BLACK
6
CONTINUOUS
10
201.3413879999999949
20
-64.3033709999999985
11
201.4099999999999966
21
-64.2999999999999972
0
LINE
8
BLACK
6
CONTINUOUS
10
201.4099999999999966
20
-64.2999999999999972
11
205.7699529999999868
21
-64.2999999999999972
0
LINE
8
BLACK
6
CONTINUOUS
10
205.7699529999999868
20
-64.2999999999999972
11
205.8429409999999962
21
-64.1907659999999964
0
LINE
8
BLACK
6
CONTINUOUS
10
205.8429409999999962
20
-64.1907659999999964
11
205.9607659999999782
21
-64.0729410000000001
0
LINE
8
BLACK
6
CONTINUOUS
10
205.9607659999999782
20
-64.0729410000000001
11
206.0993129999999951
21
-63.980366999999994
0
LINE
8
BLACK
6
CONTINUOUS
10
206.0993129999999951
20
-63.980366999999994
11
206.2532579999999882
21
-63.916601
0
LINE
8
BLACK
6
CONTINUOUS
10
206.2532579999999882
20
-63.916601
11
206.4166850000000011
21
-63.884093
0
LINE
8
BLACK
6
CONTINUOUS
10
206.4166850000000011
20
-63.884093
11
206.5833149999999989
21
-63.884093
0
LINE
8
BLACK
6
CONTINUOUS
10
206.5833149999999989
20
-63.884093
11
206.7467419999999834
21
-63.916601
0
LINE
8
BLACK
6
CONTINUOUS
10
164.7467419999999834
20
-63.2266009999999952
11
164.9006870000000049
21
-63.2903669999999963
0
LINE
8
BLACK
6
CONTINUOUS
10
164.9006870000000049
20
-63.2903669999999963
11
165.0392339999999933
21
-63.3829409999999953
0
LINE
8
BLACK
6
CONTINUOUS
10
165.0392339999999933
20
-63.3829409999999953
11
165.1570590000000038
21
-63.5007659999999987
0
LINE
8
BLACK
6
CONTINUOUS
10
165.1570590000000038
20
-63.5007659999999987
11
165.2496329999999887
21
-63.6393129999999942
0
LINE
8
BLACK
6
CONTINUOUS
10
165.2496329999999887
20
-63.6393129999999942
11
165.313399000000004
21
-63.7932579999999945
0
LINE
8
BLACK
6
CONTINUOUS
10
165.313399000000004
20
-63.7932579999999945
11
165.3459069999999826
21
-63.9566850000000002
0
LINE
8
BLACK
6
CONTINUOUS
10
165.3459069999999826
20
-63.9566850000000002
11
165.3459069999999826
21
-64.123314999999991
0
LINE
8
BLACK
6
CONTINUOUS
10
165.3459069999999826
20
-64.123314999999991
11
165.313399000000004
21
-64.2867420000000038
0
LINE
8
BLACK
6
CONTINUOUS
10
165.313399000000004
20
-64.2867420000000038
11
165.2496329999999887
21
-64.4406869999999969
0
LINE
8
BLACK
6
CONTINUOUS
10
165.2496329999999887
20
-64.4406869999999969
11
165.1570590000000038
21
-64.5792339999999996
0
LINE
8
BLACK
6
CONTINUOUS
10
165.1570590000000038
20
-64.5792339999999996
11
165.0392339999999933
21
-64.6970589999999959
0
LINE
8
BLACK
6
CONTINUOUS
10
165.0392339999999933
20
-64.6970589999999959
11
164.9006870000000049
21
-64.7896329999999949
0
LINE
8
BLACK
6
CONTINUOUS
10
164.9006870000000049
20
-64.7896329999999949
11
164.7467419999999834
21
-64.853398999999996
0
LINE
8
BLACK
6
CONTINUOUS
10
164.7467419999999834
20
-64.853398999999996
11
164.5833149999999989
21
-64.8859070000000031
0
LINE
8
BLACK
6
CONTINUOUS
10
164.5833149999999989
20
-64.8859070000000031
11
164.4166850000000011
21
-64.8859070000000031
0
LINE
8
BLACK
6
CONTINUOUS
10
164.4166850000000011
20
-64.8859070000000031
11
164.2532579999999882
21
-64.853398999999996
0
LINE
8
BLACK
6
CONTINUOUS
10
164.2532579999999882
20
-64.853398999999996
11
164.0993129999999951
21
-64.7896329999999949
0
LINE
8
BLACK
6
CONTINUOUS
10
164.0993129999999951
20
-64.7896329999999949
11
163.9607660000000067
21
-64.6970589999999959
0
LINE
8
BLACK
6
CONTINUOUS
10
163.9607660000000067
20
-64.6970589999999959
11
163.8429409999999962
21
-64.5792339999999996
0
LINE
8
BLACK
6
CONTINUOUS
10
163.8429409999999962
20
-64.5792339999999996
11
163.7503669999999829
21
-64.4406869999999969
0
LINE
8
BLACK
6
CONTINUOUS
10
163.7503669999999829
20
-64.4406869999999969
11
163.686600999999996
21
-64.2867420000000038
0
LINE
8
BLACK
6
CONTINUOUS
10
163.686600999999996
20
-64.2867420000000038
11
163.6540929999999889
21
-64.123314999999991
0
LINE
8
BLACK
6
CONTINUOUS
10
163.6540929999999889
20
-64.123314999999991
11
163.6540929999999889
21
-63.9566850000000002
0
LINE
8
BLACK
6
CONTINUOUS
10
163.6540929999999889
20
-63.9566850000000002
11
163.686600999999996
21
-63.7932579999999945
0
LINE
8
BLACK
6
CONTINUOUS
10
163.686600999999996
20
-63.7932579999999945
11
163.7503669999999829
21
-63.6393129999999942
0
LINE
8
BLACK
6
CONTINUOUS
10
163.7503669999999829
20
-63.6393129999999942
11
163.8429409999999962
21
-63.5007659999999987
0
LINE
8
BLACK
6
CONTINUOUS
10
163.8429409999999962
20
-63.5007659999999987
11
163.9607660000000067
21
-63.3829409999999953
0
LINE
8
BLACK
6
CONTINUOUS
10
163.9607660000000067
20
-63.3829409999999953
11
164.0993129999999951
21
-63.2903669999999963
0
LINE
8
BLACK
6
CONTINUOUS
10
164.0993129999999951
20
-63.2903669999999963
11
164.2532579999999882
21
-63.2266009999999952
0
LINE
8
BLACK
6
CONTINUOUS
10
164.2532579999999882
20
-63.2266009999999952
11
164.4166850000000011
21
-63.1940929999999952
0
LINE
8
BLACK
6
CONTINUOUS
10
164.4166850000000011
20
-63.1940929999999952
11
164.5833149999999989
21
-63.1940929999999952
0
LINE
8
BLACK
6
CONTINUOUS
10
164.5833149999999989
20
-63.1940929999999952
11
164.7467419999999834
21
-63.2266009999999952
0
LINE
8
BLACK
6
CONTINUOUS
10
177.6677139999999895
20
-62.3322949999999949
11
177.8035479999999779
21
-62.3885589999999937
0
LINE
8
BLACK
6
CONTINUOUS
10
177.8035479999999779
20
-62.3885589999999937
11
177.9257949999999937
21
-62.4702419999999989
0
LINE
8
BLACK
6
CONTINUOUS
10
177.9257949999999937
20
-62.4702419999999989
11
178.0297579999999869
21
-62.5742049999999992
0
LINE
8
BLACK
6
CONTINUOUS
10
178.0297579999999869
20
-62.5742049999999992
11
178.111440999999985
21
-62.6964519999999936
0
LINE
8
BLACK
6
CONTINUOUS
10
178.111440999999985
20
-62.6964519999999936
11
178.1677049999999838
21
-62.8322859999999963
0
LINE
8
BLACK
6
CONTINUOUS
10
178.1677049999999838
20
-62.8322859999999963
11
178.1963889999999822
21
-62.9764869999999988
0
LINE
8
BLACK
6
CONTINUOUS
10
178.1963889999999822
20
-62.9764869999999988
11
178.1963889999999822
21
-63.1235129999999955
0
LINE
8
BLACK
6
CONTINUOUS
10
178.1963889999999822
20
-63.1235129999999955
11
178.1677049999999838
21
-63.267713999999998
0
LINE
8
BLACK
6
CONTINUOUS
10
178.1677049999999838
20
-63.267713999999998
11
178.111440999999985
21
-63.4035479999999936
0
LINE
8
BLACK
6
CONTINUOUS
10
178.111440999999985
20
-63.4035479999999936
11
178.0297579999999869
21
-63.5257949999999951
0
LINE
8
BLACK
6
CONTINUOUS
10
178.0297579999999869
20
-63.5257949999999951
11
177.9257949999999937
21
-63.6297579999999954
0
LINE
8
BLACK
6
CONTINUOUS
10
177.9257949999999937
20
-63.6297579999999954
11
177.8035479999999779
21
-63.7114410000000007
0
LINE
8
BLACK
6
CONTINUOUS
10
177.8035479999999779
20
-63.7114410000000007
11
177.6677139999999895
21
-63.7677049999999994
0
LINE
8
BLACK
6
CONTINUOUS
10
177.6677139999999895
20
-63.7677049999999994
11
177.5235129999999799
21
-63.7963889999999978
0
LINE
8
BLACK
6
CONTINUOUS
10
177.5235129999999799
20
-63.7963889999999978
11
177.3764869999999974
21
-63.7963889999999978
0
LINE
8
BLACK
6
CONTINUOUS
10
177.3764869999999974
20
-63.7963889999999978
11
177.2322859999999878
21
-63.7677049999999994
0
LINE
8
BLACK
6
CONTINUOUS
10
177.2322859999999878
20
-63.7677049999999994
11
177.0964519999999993
21
-63.7114410000000007
0
LINE
8
BLACK
6
CONTINUOUS
10
177.0964519999999993
20
-63.7114410000000007
11
176.9742049999999836
21
-63.6297579999999954
0
LINE
8
BLACK
6
CONTINUOUS
10
176.9742049999999836
20
-63.6297579999999954
11
176.8702419999999904
21
-63.5257949999999951
0
LINE
8
BLACK
6
CONTINUOUS
10
176.8702419999999904
20
-63.5257949999999951
11
176.7885589999999922
21
-63.4035479999999936
0
LINE
8
BLACK
6
CONTINUOUS
10
176.7885589999999922
20
-63.4035479999999936
11
176.7322949999999935
21
-63.267713999999998
0
LINE
8
BLACK
6
CONTINUOUS
10
176.7322949999999935
20
-63.267713999999998
11
176.7036109999999951
21
-63.1235129999999955
0
LINE
8
BLACK
6
CONTINUOUS
10
176.7036109999999951
20
-63.1235129999999955
11
176.7036109999999951
21
-62.9764869999999988
0
LINE
8
BLACK
6
CONTINUOUS
10
176.7036109999999951
20
-62.9764869999999988
11
176.7322949999999935
21
-62.8322859999999963
0
LINE
8
BLACK
6
CONTINUOUS
10
176.7322949999999935
20
-62.8322859999999963
11
176.7885589999999922
21
-62.6964519999999936
0
LINE
8
BLACK
6
CONTINUOUS
10
176.7885589999999922
20
-62.6964519999999936
11
176.8702419999999904
21
-62.5742049999999992
0
LINE
8
BLACK
6
CONTINUOUS
10
176.8702419999999904
20
-62.5742049999999992
11
176.9742049999999836
21
-62.4702419999999989
0
LINE
8
BLACK
6
CONTINUOUS
10
176.9742049999999836
20
-62.4702419999999989
11
177.0964519999999993
21
-62.3885589999999937
0
LINE
8
BLACK
6
CONTINUOUS
10
177.0964519999999993
20
-62.3885589999999937
11
177.2322859999999878
21
-62.3322949999999949
0
LINE
8
BLACK
6
CONTINUOUS
10
177.2322859999999878
20
-62.3322949999999949
11
177.3764869999999974
21
-62.3036109999999965
0
LINE
8
BLACK
6
CONTINUOUS
10
177.3764869999999974
20
-62.3036109999999965
11
177.5235129999999799
21
-62.3036109999999965
0
LINE
8
BLACK
6
CONTINUOUS
10
177.5235129999999799
20
-62.3036109999999965
11
177.6677139999999895
21
-62.3322949999999949
0
LINE
8
BLACK
6
CONTINUOUS
10
206.7067419999999913
20
-52.186600999999996
11
206.8606869999999844
21
-52.2503669999999971
0
LINE
8
BLACK
6
CONTINUOUS
10
206.8606869999999844
20
-52.2503669999999971
11
206.9992340000000013
21
-52.3429409999999962
0
LINE
8
BLACK
6
CONTINUOUS
10
206.9992340000000013
20
-52.3429409999999962
11
207.1170589999999834
21
-52.4607659999999996
0
LINE
8
BLACK
6
CONTINUOUS
10
207.1170589999999834
20
-52.4607659999999996
11
207.2096329999999966
21
-52.5993129999999951
0
LINE
8
BLACK
6
CONTINUOUS
10
207.2096329999999966
20
-52.5993129999999951
11
207.2733989999999835
21
-52.7532579999999953
0
LINE
8
BLACK
6
CONTINUOUS
10
207.2733989999999835
20
-52.7532579999999953
11
207.3059069999999906
21
-52.9166850000000011
0
LINE
8
BLACK
6
CONTINUOUS
10
207.3059069999999906
20
-52.9166850000000011
11
207.3059069999999906
21
-53.0833149999999989
0
LINE
8
BLACK
6
CONTINUOUS
10
207.3059069999999906
20
-53.0833149999999989
11
207.2733989999999835
21
-53.2467419999999976
0
LINE
8
BLACK
6
CONTINUOUS
10
207.2733989999999835
20
-53.2467419999999976
11
207.2096329999999966
21
-53.4006869999999978
0
LINE
8
BLACK
6
CONTINUOUS
10
207.2096329999999966
20
-53.4006869999999978
11
207.1599999999999966
21
-53.4749679999999969
0
LINE
8
BLACK
6
CONTINUOUS
10
207.1599999999999966
20
-53.4749679999999969
11
207.1599999999999966
21
-57.5399999999999991
0
LINE
8
BLACK
6
CONTINUOUS
10
207.1599999999999966
20
-57.5399999999999991
11
207.156628999999981
21
-57.6086120000000008
0
LINE
8
BLACK
6
CONTINUOUS
10
207.156628999999981
20
-57.6086120000000008
11
207.129858999999982
21
-57.7431989999999971
0
LINE
8
BLACK
6
CONTINUOUS
10
207.129858999999982
20
-57.7431989999999971
11
207.0773449999999798
21
-57.8699779999999961
0
LINE
8
BLACK
6
CONTINUOUS
10
207.0773449999999798
20
-57.8699779999999961
11
207.0011069999999904
21
-57.9840749999999971
0
LINE
8
BLACK
6
CONTINUOUS
10
207.0011069999999904
20
-57.9840749999999971
11
206.9549749999999904
21
-58.0349749999999958
0
LINE
8
BLACK
6
CONTINUOUS
10
206.9549749999999904
20
-58.0349749999999958
11
201.4449749999999995
21
-63.5449749999999938
0
LINE
8
BLACK
6
CONTINUOUS
10
201.4449749999999995
20
-63.5449749999999938
11
201.3940749999999866
21
-63.5911069999999938
0
LINE
8
BLACK
6
CONTINUOUS
10
201.3940749999999866
20
-63.5911069999999938
11
201.2799779999999998
21
-63.6673449999999974
0
LINE
8
BLACK
6
CONTINUOUS
10
201.2799779999999998
20
-63.6673449999999974
11
201.1531990000000008
21
-63.7198589999999996
0
LINE
8
BLACK
6
CONTINUOUS
10
201.1531990000000008
20
-63.7198589999999996
11
201.0186119999999903
21
-63.7466289999999987
0
LINE
8
BLACK
6
CONTINUOUS
10
201.0186119999999903
20
-63.7466289999999987
11
200.9499999999999886
21
-63.75
0
LINE
8
BLACK
6
CONTINUOUS
10
200.9499999999999886
20
-63.75
11
200.5704580000000021
21
-63.75
0
LINE
8
BLACK
6
CONTINUOUS
10
200.5704580000000021
20
-63.75
11
200.5277140000000031
21
-63.7677049999999994
0
LINE
8
BLACK
6
CONTINUOUS
10
200.5277140000000031
20
-63.7677049999999994
11
200.3835129999999936
21
-63.7963889999999978
0
LINE
8
BLACK
6
CONTINUOUS
10
200.3835129999999936
20
-63.7963889999999978
11
200.2364869999999826
21
-63.7963889999999978
0
LINE
8
BLACK
6
CONTINUOUS
10
200.2364869999999826
20
-63.7963889999999978
11
200.0922860000000014
21
-63.7677049999999994
0
LINE
8
BLACK
6
CONTINUOUS
10
200.0922860000000014
20
-63.7677049999999994
11
199.9564519999999845
21
-63.7114410000000007
0
LINE
8
BLACK
6
CONTINUOUS
10
199.9564519999999845
20
-63.7114410000000007
11
199.8342049999999972
21
-63.6297579999999954
0
LINE
8
BLACK
6
CONTINUOUS
10
199.8342049999999972
20
-63.6297579999999954
11
199.7302420000000041
21
-63.5257949999999951
0
LINE
8
BLACK
6
CONTINUOUS
10
199.7302420000000041
20
-63.5257949999999951
11
199.6485589999999775
21
-63.4035479999999936
0
LINE
8
BLACK
6
CONTINUOUS
10
199.6485589999999775
20
-63.4035479999999936
11
199.5922949999999787
21
-63.267713999999998
0
LINE
8
BLACK
6
CONTINUOUS
10
199.5922949999999787
20
-63.267713999999998
11
199.5636109999999803
21
-63.1235129999999955
0
LINE
8
BLACK
6
CONTINUOUS
10
199.5636109999999803
20
-63.1235129999999955
11
199.5636109999999803
21
-62.9764869999999988
0
LINE
8
BLACK
6
CONTINUOUS
10
199.5636109999999803
20
-62.9764869999999988
11
199.5922949999999787
21
-62.8322859999999963
0
LINE
8
BLACK
6
CONTINUOUS
10
199.5922949999999787
20
-62.8322859999999963
11
199.6485589999999775
21
-62.6964519999999936
0
LINE
8
BLACK
6
CONTINUOUS
10
199.6485589999999775
20
-62.6964519999999936
11
199.7302420000000041
21
-62.5742049999999992
0
LINE
8
BLACK
6
CONTINUOUS
10
199.7302420000000041
20
-62.5742049999999992
11
199.8342049999999972
21
-62.4702419999999989
0
LINE
8
BLACK
6
CONTINUOUS
10
199.8342049999999972
20
-62.4702419999999989
11
199.9564519999999845
21
-62.3885589999999937
0
LINE
8
BLACK
6
CONTINUOUS
10
199.9564519999999845
20
-62.3885589999999937
11
200.0922860000000014
21
-62.3322949999999949
0
LINE
8
BLACK
6
CONTINUOUS
10
200.0922860000000014
20
-62.3322949999999949
11
200.2364869999999826
21
-62.3036109999999965
0
LINE
8
BLACK
6
CONTINUOUS
10
200.2364869999999826
20
-62.3036109999999965
11
200.3835129999999936
21
-62.3036109999999965
0
LINE
8
BLACK
6
CONTINUOUS
10
200.3835129999999936
20
-62.3036109999999965
11
200.5277140000000031
21
-62.3322949999999949
0
LINE
8
BLACK
6
CONTINUOUS
10
200.5277140000000031
20
-62.3322949999999949
11
200.5704580000000021
21
-62.3499999999999943
0
LINE
8
BLACK
6
CONTINUOUS
10
200.5704580000000021
20
-62.3499999999999943
11
200.660049999999984
21
-62.3499999999999943
0
LINE
8
BLACK
6
CONTINUOUS
10
200.660049999999984
20
-62.3499999999999943
11
205.7599999999999909
21
-57.2500499999999946
0
LINE
8
BLACK
6
CONTINUOUS
10
205.7599999999999909
20
-57.2500499999999946
11
205.7599999999999909
21
-53.4749679999999969
0
LINE
8
BLACK
6
CONTINUOUS
10
205.7599999999999909
20
-53.4749679999999969
11
205.7103669999999909
21
-53.4006869999999978
0
LINE
8
BLACK
6
CONTINUOUS
10
205.7103669999999909
20
-53.4006869999999978
11
205.646601000000004
21
-53.2467419999999976
0
LINE
8
BLACK
6
CONTINUOUS
10
205.646601000000004
20
-53.2467419999999976
11
205.6140929999999969
21
-53.0833149999999989
0
LINE
8
BLACK
6
CONTINUOUS
10
205.6140929999999969
20
-53.0833149999999989
11
205.6140929999999969
21
-52.9166850000000011
0
LINE
8
BLACK
6
CONTINUOUS
10
205.6140929999999969
20
-52.9166850000000011
11
205.646601000000004
21
-52.7532579999999953
0
LINE
8
BLACK
6
CONTINUOUS
10
205.646601000000004
20
-52.7532579999999953
11
205.7103669999999909
21
-52.5993129999999951
0
LINE
8
BLACK
6
CONTINUOUS
10
205.7103669999999909
20
-52.5993129999999951
11
205.8029410000000041
21
-52.4607659999999996
0
LINE
8
BLACK
6
CONTINUOUS
10
205.8029410000000041
20
-52.4607659999999996
11
205.9207659999999862
21
-52.3429409999999962
0
LINE
8
BLACK
6
CONTINUOUS
10
205.9207659999999862
20
-52.3429409999999962
11
206.0593130000000031
21
-52.2503669999999971
0
LINE
8
BLACK
6
CONTINUOUS
10
206.0593130000000031
20
-52.2503669999999971
11
206.2132579999999962
21
-52.186600999999996
0
LINE
8
BLACK
6
CONTINUOUS
10
206.2132579999999962
20
-52.186600999999996
11
206.3766849999999806
21
-52.154092999999996
0
LINE
8
BLACK
6
CONTINUOUS
10
206.3766849999999806
20
-52.154092999999996
11
206.5433149999999785
21
-52.154092999999996
0
LINE
8
BLACK
6
CONTINUOUS
10
206.5433149999999785
20
-52.154092999999996
11
206.7067419999999913
21
-52.186600999999996
0
LINE
8
BLACK
6
CONTINUOUS
10
164.7467419999999834
20
-60.686600999999996
11
164.9006870000000049
21
-60.7503669999999971
0
LINE
8
BLACK
6
CONTINUOUS
10
164.9006870000000049
20
-60.7503669999999971
11
165.0392339999999933
21
-60.8429409999999962
0
LINE
8
BLACK
6
CONTINUOUS
10
165.0392339999999933
20
-60.8429409999999962
11
165.1570590000000038
21
-60.9607659999999996
0
LINE
8
BLACK
6
CONTINUOUS
10
165.1570590000000038
20
-60.9607659999999996
11
165.2496329999999887
21
-61.0993129999999951
0
LINE
8
BLACK
6
CONTINUOUS
10
165.2496329999999887
20
-61.0993129999999951
11
165.313399000000004
21
-61.2532579999999953
0
LINE
8
BLACK
6
CONTINUOUS
10
165.313399000000004
20
-61.2532579999999953
11
165.3459069999999826
21
-61.416684999999994
0
LINE
8
BLACK
6
CONTINUOUS
10
165.3459069999999826
20
-61.416684999999994
11
165.3459069999999826
21
-61.5833149999999989
0
LINE
8
BLACK
6
CONTINUOUS
10
165.3459069999999826
20
-61.5833149999999989
11
165.313399000000004
21
-61.7467419999999976
0
LINE
8
BLACK
6
CONTINUOUS
10
165.313399000000004
20
-61.7467419999999976
11
165.2496329999999887
21
-61.9006869999999978
0
LINE
8
BLACK
6
CONTINUOUS
10
165.2496329999999887
20
-61.9006869999999978
11
165.1570590000000038
21
-62.0392340000000004
0
LINE
8
BLACK
6
CONTINUOUS
10
165.1570590000000038
20
-62.0392340000000004
11
165.0392339999999933
21
-62.1570589999999967
0
LINE
8
BLACK
6
CONTINUOUS
10
165.0392339999999933
20
-62.1570589999999967
11
164.9006870000000049
21
-62.2496329999999958
0
LINE
8
BLACK
6
CONTINUOUS
10
164.9006870000000049
20
-62.2496329999999958
11
164.7467419999999834
21
-62.3133989999999969
0
LINE
8
BLACK
6
CONTINUOUS
10
164.7467419999999834
20
-62.3133989999999969
11
164.5833149999999989
21
-62.3459069999999969
0
LINE
8
BLACK
6
CONTINUOUS
10
164.5833149999999989
20
-62.3459069999999969
11
164.4166850000000011
21
-62.3459069999999969
0
LINE
8
BLACK
6
CONTINUOUS
10
164.4166850000000011
20
-62.3459069999999969
11
164.2532579999999882
21
-62.3133989999999969
0
LINE
8
BLACK
6
CONTINUOUS
10
164.2532579999999882
20
-62.3133989999999969
11
164.0993129999999951
21
-62.2496329999999958
0
LINE
8
BLACK
6
CONTINUOUS
10
164.0993129999999951
20
-62.2496329999999958
11
163.9607660000000067
21
-62.1570589999999967
0
LINE
8
BLACK
6
CONTINUOUS
10
163.9607660000000067
20
-62.1570589999999967
11
163.8429409999999962
21
-62.0392340000000004
0
LINE
8
BLACK
6
CONTINUOUS
10
163.8429409999999962
20
-62.0392340000000004
11
163.7503669999999829
21
-61.9006869999999978
0
LINE
8
BLACK
6
CONTINUOUS
10
163.7503669999999829
20
-61.9006869999999978
11
163.686600999999996
21
-61.7467419999999976
0
LINE
8
BLACK
6
CONTINUOUS
10
163.686600999999996
20
-61.7467419999999976
11
163.6540929999999889
21
-61.5833149999999989
0
LINE
8
BLACK
6
CONTINUOUS
10
163.6540929999999889
20
-61.5833149999999989
11
163.6540929999999889
21
-61.416684999999994
0
LINE
8
BLACK
6
CONTINUOUS
10
163.6540929999999889
20
-61.416684999999994
11
163.686600999999996
21
-61.2532579999999953
0
LINE
8
BLACK
6
CONTINUOUS
10
163.686600999999996
20
-61.2532579999999953
11
163.7503669999999829
21
-61.0993129999999951
0
LINE
8
BLACK
6
CONTINUOUS
10
163.7503669999999829
20
-61.0993129999999951
11
163.8429409999999962
21
-60.9607659999999996
0
LINE
8
BLACK
6
CONTINUOUS
10
163.8429409999999962
20
-60.9607659999999996
11
163.9607660000000067
21
-60.8429409999999962
0
LINE
8
BLACK
6
CONTINUOUS
10
163.9607660000000067
20
-60.8429409999999962
11
164.0993129999999951
21
-60.7503669999999971
0
LINE
8
BLACK
6
CONTINUOUS
10
164.0993129999999951
20
-60.7503669999999971
11
164.2532579999999882
21
-60.686600999999996
0
LINE
8
BLACK
6
CONTINUOUS
10
164.2532579999999882
20
-60.686600999999996
11
164.4166850000000011
21
-60.654092999999996
0
LINE
8
BLACK
6
CONTINUOUS
10
164.4166850000000011
20
-60.654092999999996
11
164.5833149999999989
21
-60.654092999999996
0
LINE
8
BLACK
6
CONTINUOUS
10
164.5833149999999989
20
-60.654092999999996
11
164.7467419999999834
21
-60.686600999999996
0
LINE
8
BLACK
6
CONTINUOUS
10
177.6677139999999895
20
-59.7922949999999958
11
177.8035479999999779
21
-59.8485589999999945
0
LINE
8
BLACK
6
CONTINUOUS
10
177.8035479999999779
20
-59.8485589999999945
11
177.9257949999999937
21
-59.9302419999999998
0
LINE
8
BLACK
6
CONTINUOUS
10
177.9257949999999937
20
-59.9302419999999998
11
178.0297579999999869
21
-60.034205
0
LINE
8
BLACK
6
CONTINUOUS
10
178.0297579999999869
20
-60.034205
11
178.111440999999985
21
-60.1564519999999945
0
LINE
8
BLACK
6
CONTINUOUS
10
178.111440999999985
20
-60.1564519999999945
11
178.1677049999999838
21
-60.2922859999999972
0
LINE
8
BLACK
6
CONTINUOUS
10
178.1677049999999838
20
-60.2922859999999972
11
178.1963889999999822
21
-60.4364869999999996
0
LINE
8
BLACK
6
CONTINUOUS
10
178.1963889999999822
20
-60.4364869999999996
11
178.1963889999999822
21
-60.5835129999999964
0
LINE
8
BLACK
6
CONTINUOUS
10
178.1963889999999822
20
-60.5835129999999964
11
178.1677049999999838
21
-60.7277139999999989
0
LINE
8
BLACK
6
CONTINUOUS
10
178.1677049999999838
20
-60.7277139999999989
11
178.111440999999985
21
-60.8635479999999944
0
LINE
8
BLACK
6
CONTINUOUS
10
178.111440999999985
20
-60.8635479999999944
11
178.0297579999999869
21
-60.985794999999996
0
LINE
8
BLACK
6
CONTINUOUS
10
178.0297579999999869
20
-60.985794999999996
11
177.9257949999999937
21
-61.0897579999999962
0
LINE
8
BLACK
6
CONTINUOUS
10
177.9257949999999937
20
-61.0897579999999962
11
177.8035479999999779
21
-61.1714409999999944
0
LINE
8
BLACK
6
CONTINUOUS
10
177.8035479999999779
20
-61.1714409999999944
11
177.6677139999999895
21
-61.2277050000000003
0
LINE
8
BLACK
6
CONTINUOUS
10
177.6677139999999895
20
-61.2277050000000003
11
177.5235129999999799
21
-61.2563889999999986
0
LINE
8
BLACK
6
CONTINUOUS
10
177.5235129999999799
20
-61.2563889999999986
11
177.3764869999999974
21
-61.2563889999999986
0
LINE
8
BLACK
6
CONTINUOUS
10
177.3764869999999974
20
-61.2563889999999986
11
177.2322859999999878
21
-61.2277050000000003
0
LINE
8
BLACK
6
CONTINUOUS
10
177.2322859999999878
20
-61.2277050000000003
11
177.0964519999999993
21
-61.1714409999999944
0
LINE
8
BLACK
6
CONTINUOUS
10
177.0964519999999993
20
-61.1714409999999944
11
176.9742049999999836
21
-61.0897579999999962
0
LINE
8
BLACK
6
CONTINUOUS
10
176.9742049999999836
20
-61.0897579999999962
11
176.8702419999999904
21
-60.985794999999996
0
LINE
8
BLACK
6
CONTINUOUS
10
176.8702419999999904
20
-60.985794999999996
11
176.7885589999999922
21
-60.8635479999999944
0
LINE
8
BLACK
6
CONTINUOUS
10
176.7885589999999922
20
-60.8635479999999944
11
176.7322949999999935
21
-60.7277139999999989
0
LINE
8
BLACK
6
CONTINUOUS
10
176.7322949999999935
20
-60.7277139999999989
11
176.7036109999999951
21
-60.5835129999999964
0
LINE
8
BLACK
6
CONTINUOUS
10
176.7036109999999951
20
-60.5835129999999964
11
176.7036109999999951
21
-60.4364869999999996
0
LINE
8
BLACK
6
CONTINUOUS
10
176.7036109999999951
20
-60.4364869999999996
11
176.7322949999999935
21
-60.2922859999999972
0
LINE
8
BLACK
6
CONTINUOUS
10
176.7322949999999935
20
-60.2922859999999972
11
176.7885589999999922
21
-60.1564519999999945
0
LINE
8
BLACK
6
CONTINUOUS
10
176.7885589999999922
20
-60.1564519999999945
11
176.8702419999999904
21
-60.034205
0
LINE
8
BLACK
6
CONTINUOUS
10
176.8702419999999904
20
-60.034205
11
176.9742049999999836
21
-59.9302419999999998
0
LINE
8
BLACK
6
CONTINUOUS
10
176.9742049999999836
20
-59.9302419999999998
11
177.0964519999999993
21
-59.8485589999999945
0
LINE
8
BLACK
6
CONTINUOUS
10
177.0964519999999993
20
-59.8485589999999945
11
177.2322859999999878
21
-59.7922949999999958
0
LINE
8
BLACK
6
CONTINUOUS
10
177.2322859999999878
20
-59.7922949999999958
11
177.3764869999999974
21
-59.7636109999999974
0
LINE
8
BLACK
6
CONTINUOUS
10
177.3764869999999974
20
-59.7636109999999974
11
177.5235129999999799
21
-59.7636109999999974
0
LINE
8
BLACK
6
CONTINUOUS
10
177.5235129999999799
20
-59.7636109999999974
11
177.6677139999999895
21
-59.7922949999999958
0
LINE
8
BLACK
6
CONTINUOUS
10
205.290284999999983
20
-45.043059999999997
11
205.4713969999999961
21
-45.1180789999999945
0
LINE
8
BLACK
6
CONTINUOUS
10
205.4713969999999961
20
-45.1180789999999945
11
205.6343929999999887
21
-45.2269900000000007
0
LINE
8
BLACK
6
CONTINUOUS
10
205.6343929999999887
20
-45.2269900000000007
11
205.7730099999999993
21
-45.3656069999999971
0
LINE
8
BLACK
6
CONTINUOUS
10
205.7730099999999993
20
-45.3656069999999971
11
205.8819209999999771
21
-45.5286029999999968
0
LINE
8
BLACK
6
CONTINUOUS
10
205.8819209999999771
20
-45.5286029999999968
11
205.956940000000003
21
-45.7097149999999957
0
LINE
8
BLACK
6
CONTINUOUS
10
205.956940000000003
20
-45.7097149999999957
11
205.9951849999999922
21
-45.9019830000000013
0
LINE
8
BLACK
6
CONTINUOUS
10
205.9951849999999922
20
-45.9019830000000013
11
206.
21
-46.
0
LINE
8
BLACK
6
CONTINUOUS
10
206.
20
-46.
11
206.
21
-50.5
0
LINE
8
BLACK
6
CONTINUOUS
10
206.
20
-50.5
11
205.9951849999999922
21
-50.5980169999999987
0
LINE
8
BLACK
6
CONTINUOUS
10
205.9951849999999922
20
-50.5980169999999987
11
205.956940000000003
21
-50.7902849999999972
0
LINE
8
BLACK
6
CONTINUOUS
10
205.956940000000003
20
-50.7902849999999972
11
205.8819209999999771
21
-50.9713969999999961
0
LINE
8
BLACK
6
CONTINUOUS
10
205.8819209999999771
20
-50.9713969999999961
11
205.7730099999999993
21
-51.1343929999999958
0
LINE
8
BLACK
6
CONTINUOUS
10
205.7730099999999993
20
-51.1343929999999958
11
205.6343929999999887
21
-51.2730099999999993
0
LINE
8
BLACK
6
CONTINUOUS
10
205.6343929999999887
20
-51.2730099999999993
11
205.4713969999999961
21
-51.3819209999999984
0
LINE
8
BLACK
6
CONTINUOUS
10
205.4713969999999961
20
-51.3819209999999984
11
205.290284999999983
21
-51.4569399999999959
0
LINE
8
BLACK
6
CONTINUOUS
10
205.290284999999983
20
-51.4569399999999959
11
205.1499999999999773
21
-51.4848439999999954
0
LINE
8
BLACK
6
CONTINUOUS
10
205.1499999999999773
20
-51.4848439999999954
11
205.1499999999999773
21
-56.5
0
LINE
8
BLACK
6
CONTINUOUS
10
205.1499999999999773
20
-56.5
11
205.1468710000000044
21
-56.563689999999994
0
LINE
8
BLACK
6
CONTINUOUS
10
205.1468710000000044
20
-56.563689999999994
11
205.1468710000000044
21
-56.5637109999999979
0
LINE
8
BLACK
6
CONTINUOUS
10
205.1468710000000044
20
-56.5637109999999979
11
205.1220119999999838
21
-56.6886849999999995
0
LINE
8
BLACK
6
CONTINUOUS
10
205.1220119999999838
20
-56.6886849999999995
11
205.0799279999999953
21
-56.7902839999999998
0
LINE
8
BLACK
6
CONTINUOUS
10
205.0799279999999953
20
-56.7902839999999998
11
205.0732490000000041
21
-56.8064079999999976
0
LINE
8
BLACK
6
CONTINUOUS
10
205.0732490000000041
20
-56.8064079999999976
11
205.0024569999999926
21
-56.9123559999999955
0
LINE
8
BLACK
6
CONTINUOUS
10
205.0024569999999926
20
-56.9123559999999955
11
205.0024469999999894
21
-56.9123649999999941
0
LINE
8
BLACK
6
CONTINUOUS
10
205.0024469999999894
20
-56.9123649999999941
11
204.959620000000001
21
-56.9596189999999964
0
LINE
8
BLACK
6
CONTINUOUS
10
204.959620000000001
20
-56.9596189999999964
11
203.139618999999982
21
-58.7796189999999967
0
LINE
8
BLACK
6
CONTINUOUS
10
203.139618999999982
20
-58.7796189999999967
11
203.0923559999999952
21
-58.822457
0
LINE
8
BLACK
6
CONTINUOUS
10
203.0923559999999952
20
-58.822457
11
202.9864079999999831
21
-58.8932489999999973
0
LINE
8
BLACK
6
CONTINUOUS
10
202.9864079999999831
20
-58.8932489999999973
11
202.8686849999999993
21
-58.9420110000000008
0
LINE
8
BLACK
6
CONTINUOUS
10
202.8686849999999993
20
-58.9420110000000008
11
202.7794839999999965
21
-58.9597539999999967
0
LINE
8
BLACK
6
CONTINUOUS
10
202.7794839999999965
20
-58.9597539999999967
11
201.031722000000002
21
-60.7075150000000008
0
LINE
8
BLACK
6
CONTINUOUS
10
201.031722000000002
20
-60.7075150000000008
11
201.0277049999999974
21
-60.7277139999999989
0
LINE
8
BLACK
6
CONTINUOUS
10
201.0277049999999974
20
-60.7277139999999989
11
200.9714409999999987
21
-60.8635479999999944
0
LINE
8
BLACK
6
CONTINUOUS
10
200.9714409999999987
20
-60.8635479999999944
11
200.8897580000000005
21
-60.985794999999996
0
LINE
8
BLACK
6
CONTINUOUS
10
200.8897580000000005
20
-60.985794999999996
11
200.7857949999999789
21
-61.0897579999999962
0
LINE
8
BLACK
6
CONTINUOUS
10
200.7857949999999789
20
-61.0897579999999962
11
200.6635479999999916
21
-61.1714409999999944
0
LINE
8
BLACK
6
CONTINUOUS
10
200.6635479999999916
20
-61.1714409999999944
11
200.5277140000000031
21
-61.2277050000000003
0
LINE
8
BLACK
6
CONTINUOUS
10
200.5277140000000031
20
-61.2277050000000003
11
200.3835129999999936
21
-61.2563889999999986
0
LINE
8
BLACK
6
CONTINUOUS
10
200.3835129999999936
20
-61.2563889999999986
11
200.2364869999999826
21
-61.2563889999999986
0
LINE
8
BLACK
6
CONTINUOUS
10
200.2364869999999826
20
-61.2563889999999986
11
200.0922860000000014
21
-61.2277050000000003
0
LINE
8
BLACK
6
CONTINUOUS
10
200.0922860000000014
20
-61.2277050000000003
11
199.9564519999999845
21
-61.1714409999999944
0
LINE
8
BLACK
6
CONTINUOUS
10
199.9564519999999845
20
-61.1714409999999944
11
199.8342049999999972
21
-61.0897579999999962
0
LINE
8
BLACK
6
CONTINUOUS
10
199.8342049999999972
20
-61.0897579999999962
11
199.7302420000000041
21
-60.985794999999996
0
LINE
8
BLACK
6
CONTINUOUS
10
199.7302420000000041
20
-60.985794999999996
11
199.6485589999999775
21
-60.8635479999999944
0
LINE
8
BLACK
6
CONTINUOUS
10
199.6485589999999775
20
-60.8635479999999944
11
199.5922949999999787
21
-60.7277139999999989
0
LINE
8
BLACK
6
CONTINUOUS
10
199.5922949999999787
20
-60.7277139999999989
11
199.5636109999999803
21
-60.5835129999999964
0
LINE
8
BLACK
6
CONTINUOUS
10
199.5636109999999803
20
-60.5835129999999964
11
199.5636109999999803
21
-60.4364869999999996
0
LINE
8
BLACK
6
CONTINUOUS
10
199.5636109999999803
20
-60.4364869999999996
11
199.5922949999999787
21
-60.2922859999999972
0
LINE
8
BLACK
6
CONTINUOUS
10
199.5922949999999787
20
-60.2922859999999972
11
199.6485589999999775
21
-60.1564519999999945
0
LINE
8
BLACK
6
CONTINUOUS
10
199.6485589999999775
20
-60.1564519999999945
11
199.7302420000000041
21
-60.034205
0
LINE
8
BLACK
6
CONTINUOUS
10
199.7302420000000041
20
-60.034205
11
199.8342049999999972
21
-59.9302419999999998
0
LINE
8
BLACK
6
CONTINUOUS
10
199.8342049999999972
20
-59.9302419999999998
11
199.9564519999999845
21
-59.8485589999999945
0
LINE
8
BLACK
6
CONTINUOUS
10
199.9564519999999845
20
-59.8485589999999945
11
200.0922860000000014
21
-59.7922949999999958
0
LINE
8
BLACK
6
CONTINUOUS
10
200.0922860000000014
20
-59.7922949999999958
11
200.1124839999999949
21
-59.7882770000000008
0
LINE
8
BLACK
6
CONTINUOUS
10
200.1124839999999949
20
-59.7882770000000008
11
202.0403809999999964
21
-57.8603799999999993
0
LINE
8
BLACK
6
CONTINUOUS
10
202.0403809999999964
20
-57.8603799999999993
11
202.08763399999998
21
-57.8175519999999992
0
LINE
8
BLACK
6
CONTINUOUS
10
202.08763399999998
20
-57.8175519999999992
11
202.0876439999999832
21
-57.8175430000000006
0
LINE
8
BLACK
6
CONTINUOUS
10
202.0876439999999832
20
-57.8175430000000006
11
202.1935919999999953
21
-57.7467509999999962
0
LINE
8
BLACK
6
CONTINUOUS
10
202.1935919999999953
20
-57.7467509999999962
11
202.2021670000000029
21
-57.7431989999999971
0
LINE
8
BLACK
6
CONTINUOUS
10
202.2021670000000029
20
-57.7431989999999971
11
202.3113149999999791
21
-57.6979879999999952
0
LINE
8
BLACK
6
CONTINUOUS
10
202.3113149999999791
20
-57.6979879999999952
11
202.4005169999999794
21
-57.6802439999999947
0
LINE
8
BLACK
6
CONTINUOUS
10
202.4005169999999794
20
-57.6802439999999947
11
203.8499999999999943
21
-56.230760999999994
0
LINE
8
BLACK
6
CONTINUOUS
10
203.8499999999999943
20
-56.230760999999994
11
203.8499999999999943
21
-51.
0
LINE
8
BLACK
6
CONTINUOUS
10
203.8499999999999943
20
-51.
11
203.8531299999999931
21
-50.936288999999995
0
LINE
8
BLACK
6
CONTINUOUS
10
203.8531299999999931
20
-50.936288999999995
11
203.8779889999999853
21
-50.8113150000000005
0
LINE
8
BLACK
6
CONTINUOUS
10
203.8779889999999853
20
-50.8113150000000005
11
203.9267509999999959
21
-50.6935919999999953
0
LINE
8
BLACK
6
CONTINUOUS
10
203.9267509999999959
20
-50.6935919999999953
11
203.997542999999979
21
-50.5876439999999974
0
LINE
8
BLACK
6
CONTINUOUS
10
203.997542999999979
20
-50.5876439999999974
11
204.0039569999999856
21
-50.5805659999999975
0
LINE
8
BLACK
6
CONTINUOUS
10
204.0039569999999856
20
-50.5805659999999975
11
204.
21
-50.5
0
LINE
8
BLACK
6
CONTINUOUS
10
204.
20
-50.5
11
204.
21
-46.
0
LINE
8
BLACK
6
CONTINUOUS
10
204.
20
-46.
11
204.0048149999999794
21
-45.9019830000000013
0
LINE
8
BLACK
6
CONTINUOUS
10
204.0048149999999794
20
-45.9019830000000013
11
204.043059999999997
21
-45.7097149999999957
0
LINE
8
BLACK
6
CONTINUOUS
10
204.043059999999997
20
-45.7097149999999957
11
204.1180789999999945
21
-45.5286029999999968
0
LINE
8
BLACK
6
CONTINUOUS
10
204.1180789999999945
20
-45.5286029999999968
11
204.2269900000000007
21
-45.3656069999999971
0
LINE
8
BLACK
6
CONTINUOUS
10
204.2269900000000007
20
-45.3656069999999971
11
204.3656069999999829
21
-45.2269900000000007
0
LINE
8
BLACK
6
CONTINUOUS
10
204.3656069999999829
20
-45.2269900000000007
11
204.5286030000000039
21
-45.1180789999999945
0
LINE
8
BLACK
6
CONTINUOUS
10
204.5286030000000039
20
-45.1180789999999945
11
204.7097149999999885
21
-45.043059999999997
0
LINE
8
BLACK
6
CONTINUOUS
10
204.7097149999999885
20
-45.043059999999997
11
204.9019830000000013
21
-45.0048150000000007
0
LINE
8
BLACK
6
CONTINUOUS
10
204.9019830000000013
20
-45.0048150000000007
11
205.0980169999999987
21
-45.0048150000000007
0
LINE
8
BLACK
6
CONTINUOUS
10
205.0980169999999987
20
-45.0048150000000007
11
205.290284999999983
21
-45.043059999999997
0
LINE
8
BLACK
6
CONTINUOUS
10
165.3499999999999943
20
-59.8099999999999952
11
163.6500000000000057
21
-59.8099999999999952
0
LINE
8
BLACK
6
CONTINUOUS
10
163.6500000000000057
20
-59.8099999999999952
11
163.6500000000000057
21
-58.1099999999999994
0
LINE
8
BLACK
6
CONTINUOUS
10
163.6500000000000057
20
-58.1099999999999994
11
165.3499999999999943
21
-58.1099999999999994
0
LINE
8
BLACK
6
CONTINUOUS
10
165.3499999999999943
20
-58.1099999999999994
11
165.3499999999999943
21
-59.8099999999999952
0
LINE
8
BLACK
6
CONTINUOUS
10
177.6677139999999895
20
-57.2522949999999966
11
177.8035479999999779
21
-57.3085589999999954
0
LINE
8
BLACK
6
CONTINUOUS
10
177.8035479999999779
20
-57.3085589999999954
11
177.9257949999999937
21
-57.3902420000000006
0
LINE
8
BLACK
6
CONTINUOUS
10
177.9257949999999937
20
-57.3902420000000006
11
178.0297579999999869
21
-57.4942050000000009
0
LINE
8
BLACK
6
CONTINUOUS
10
178.0297579999999869
20
-57.4942050000000009
11
178.111440999999985
21
-57.6164519999999953
0
LINE
8
BLACK
6
CONTINUOUS
10
178.111440999999985
20
-57.6164519999999953
11
178.1677049999999838
21
-57.752285999999998
0
LINE
8
BLACK
6
CONTINUOUS
10
178.1677049999999838
20
-57.752285999999998
11
178.1963889999999822
21
-57.8964870000000005
0
LINE
8
BLACK
6
CONTINUOUS
10
178.1963889999999822
20
-57.8964870000000005
11
178.1963889999999822
21
-58.0435129999999972
0
LINE
8
BLACK
6
CONTINUOUS
10
178.1963889999999822
20
-58.0435129999999972
11
178.1677049999999838
21
-58.1877139999999997
0
LINE
8
BLACK
6
CONTINUOUS
10
178.1677049999999838
20
-58.1877139999999997
11
178.111440999999985
21
-58.3235479999999953
0
LINE
8
BLACK
6
CONTINUOUS
10
178.111440999999985
20
-58.3235479999999953
11
178.0297579999999869
21
-58.4457949999999968
0
LINE
8
BLACK
6
CONTINUOUS
10
178.0297579999999869
20
-58.4457949999999968
11
177.9257949999999937
21
-58.5497579999999971
0
LINE
8
BLACK
6
CONTINUOUS
10
177.9257949999999937
20
-58.5497579999999971
11
177.8035479999999779
21
-58.6314409999999953
0
LINE
8
BLACK
6
CONTINUOUS
10
177.8035479999999779
20
-58.6314409999999953
11
177.6677139999999895
21
-58.687704999999994
0
LINE
8
BLACK
6
CONTINUOUS
10
177.6677139999999895
20
-58.687704999999994
11
177.5235129999999799
21
-58.7163889999999995
0
LINE
8
BLACK
6
CONTINUOUS
10
177.5235129999999799
20
-58.7163889999999995
11
177.3764869999999974
21
-58.7163889999999995
0
LINE
8
BLACK
6
CONTINUOUS
10
177.3764869999999974
20
-58.7163889999999995
11
177.2322859999999878
21
-58.687704999999994
0
LINE
8
BLACK
6
CONTINUOUS
10
177.2322859999999878
20
-58.687704999999994
11
177.0964519999999993
21
-58.6314409999999953
0
LINE
8
BLACK
6
CONTINUOUS
10
177.0964519999999993
20
-58.6314409999999953
11
176.9742049999999836
21
-58.5497579999999971
0
LINE
8
BLACK
6
CONTINUOUS
10
176.9742049999999836
20
-58.5497579999999971
11
176.8702419999999904
21
-58.4457949999999968
0
LINE
8
BLACK
6
CONTINUOUS
10
176.8702419999999904
20
-58.4457949999999968
11
176.7885589999999922
21
-58.3235479999999953
0
LINE
8
BLACK
6
CONTINUOUS
10
176.7885589999999922
20
-58.3235479999999953
11
176.7322949999999935
21
-58.1877139999999997
0
LINE
8
BLACK
6
CONTINUOUS
10
176.7322949999999935
20
-58.1877139999999997
11
176.7036109999999951
21
-58.0435129999999972
0
LINE
8
BLACK
6
CONTINUOUS
10
176.7036109999999951
20
-58.0435129999999972
11
176.7036109999999951
21
-57.8964870000000005
0
LINE
8
BLACK
6
CONTINUOUS
10
176.7036109999999951
20
-57.8964870000000005
11
176.7322949999999935
21
-57.752285999999998
0
LINE
8
BLACK
6
CONTINUOUS
10
176.7322949999999935
20
-57.752285999999998
11
176.7885589999999922
21
-57.6164519999999953
0
LINE
8
BLACK
6
CONTINUOUS
10
176.7885589999999922
20
-57.6164519999999953
11
176.8702419999999904
21
-57.4942050000000009
0
LINE
8
BLACK
6
CONTINUOUS
10
176.8702419999999904
20
-57.4942050000000009
11
176.9742049999999836
21
-57.3902420000000006
0
LINE
8
BLACK
6
CONTINUOUS
10
176.9742049999999836
20
-57.3902420000000006
11
177.0964519999999993
21
-57.3085589999999954
0
LINE
8
BLACK
6
CONTINUOUS
10
177.0964519999999993
20
-57.3085589999999954
11
177.2322859999999878
21
-57.2522949999999966
0
LINE
8
BLACK
6
CONTINUOUS
10
177.2322859999999878
20
-57.2522949999999966
11
177.3764869999999974
21
-57.2236109999999982
0
LINE
8
BLACK
6
CONTINUOUS
10
177.3764869999999974
20
-57.2236109999999982
11
177.5235129999999799
21
-57.2236109999999982
0
LINE
8
BLACK
6
CONTINUOUS
10
177.5235129999999799
20
-57.2236109999999982
11
177.6677139999999895
21
-57.2522949999999966
0
LINE
8
BLACK
6
CONTINUOUS
10
200.5277140000000031
20
-57.2522949999999966
11
200.6635479999999916
21
-57.3085589999999954
0
LINE
8
BLACK
6
CONTINUOUS
10
200.6635479999999916
20
-57.3085589999999954
11
200.7857949999999789
21
-57.3902420000000006
0
LINE
8
BLACK
6
CONTINUOUS
10
200.7857949999999789
20
-57.3902420000000006
11
200.8897580000000005
21
-57.4942050000000009
0
LINE
8
BLACK
6
CONTINUOUS
10
200.8897580000000005
20
-57.4942050000000009
11
200.9714409999999987
21
-57.6164519999999953
0
LINE
8
BLACK
6
CONTINUOUS
10
200.9714409999999987
20
-57.6164519999999953
11
201.0277049999999974
21
-57.752285999999998
0
LINE
8
BLACK
6
CONTINUOUS
10
201.0277049999999974
20
-57.752285999999998
11
201.0563889999999958
21
-57.8964870000000005
0
LINE
8
BLACK
6
CONTINUOUS
10
201.0563889999999958
20
-57.8964870000000005
11
201.0563889999999958
21
-58.0435129999999972
0
LINE
8
BLACK
6
CONTINUOUS
10
201.0563889999999958
20
-58.0435129999999972
11
201.0277049999999974
21
-58.1877139999999997
0
LINE
8
BLACK
6
CONTINUOUS
10
201.0277049999999974
20
-58.1877139999999997
11
200.9714409999999987
21
-58.3235479999999953
0
LINE
8
BLACK
6
CONTINUOUS
10
200.9714409999999987
20
-58.3235479999999953
11
200.8897580000000005
21
-58.4457949999999968
0
LINE
8
BLACK
6
CONTINUOUS
10
200.8897580000000005
20
-58.4457949999999968
11
200.7857949999999789
21
-58.5497579999999971
0
LINE
8
BLACK
6
CONTINUOUS
10
200.7857949999999789
20
-58.5497579999999971
11
200.6635479999999916
21
-58.6314409999999953
0
LINE
8
BLACK
6
CONTINUOUS
10
200.6635479999999916
20
-58.6314409999999953
11
200.5277140000000031
21
-58.687704999999994
0
LINE
8
BLACK
6
CONTINUOUS
10
200.5277140000000031
20
-58.687704999999994
11
200.3835129999999936
21
-58.7163889999999995
0
LINE
8
BLACK
6
CONTINUOUS
10
200.3835129999999936
20
-58.7163889999999995
11
200.2364869999999826
21
-58.7163889999999995
0
LINE
8
BLACK
6
CONTINUOUS
10
200.2364869999999826
20
-58.7163889999999995
11
200.0922860000000014
21
-58.687704999999994
0
LINE
8
BLACK
6
CONTINUOUS
10
200.0922860000000014
20
-58.687704999999994
11
199.9564519999999845
21
-58.6314409999999953
0
LINE
8
BLACK
6
CONTINUOUS
10
199.9564519999999845
20
-58.6314409999999953
11
199.8342049999999972
21
-58.5497579999999971
0
LINE
8
BLACK
6
CONTINUOUS
10
199.8342049999999972
20
-58.5497579999999971
11
199.7302420000000041
21
-58.4457949999999968
0
LINE
8
BLACK
6
CONTINUOUS
10
199.7302420000000041
20
-58.4457949999999968
11
199.6485589999999775
21
-58.3235479999999953
0
LINE
8
BLACK
6
CONTINUOUS
10
199.6485589999999775
20
-58.3235479999999953
11
199.5922949999999787
21
-58.1877139999999997
0
LINE
8
BLACK
6
CONTINUOUS
10
199.5922949999999787
20
-58.1877139999999997
11
199.5636109999999803
21
-58.0435129999999972
0
LINE
8
BLACK
6
CONTINUOUS
10
199.5636109999999803
20
-58.0435129999999972
11
199.5636109999999803
21
-57.8964870000000005
0
LINE
8
BLACK
6
CONTINUOUS
10
199.5636109999999803
20
-57.8964870000000005
11
199.5922949999999787
21
-57.752285999999998
0
LINE
8
BLACK
6
CONTINUOUS
10
199.5922949999999787
20
-57.752285999999998
11
199.6485589999999775
21
-57.6164519999999953
0
LINE
8
BLACK
6
CONTINUOUS
10
199.6485589999999775
20
-57.6164519999999953
11
199.7302420000000041
21
-57.4942050000000009
0
LINE
8
BLACK
6
CONTINUOUS
10
199.7302420000000041
20
-57.4942050000000009
11
199.8342049999999972
21
-57.3902420000000006
0
LINE
8
BLACK
6
CONTINUOUS
10
199.8342049999999972
20
-57.3902420000000006
11
199.9564519999999845
21
-57.3085589999999954
0
LINE
8
BLACK
6
CONTINUOUS
10
199.9564519999999845
20
-57.3085589999999954
11
200.0922860000000014
21
-57.2522949999999966
0
LINE
8
BLACK
6
CONTINUOUS
10
200.0922860000000014
20
-57.2522949999999966
11
200.2364869999999826
21
-57.2236109999999982
0
LINE
8
BLACK
6
CONTINUOUS
10
200.2364869999999826
20
-57.2236109999999982
11
200.3835129999999936
21
-57.2236109999999982
0
LINE
8
BLACK
6
CONTINUOUS
10
200.3835129999999936
20
-57.2236109999999982
11
200.5277140000000031
21
-57.2522949999999966
0
LINE
8
BLACK
6
CONTINUOUS
10
177.6677139999999895
20
-54.7122949999999975
11
177.8035479999999779
21
-54.7685589999999962
0
LINE
8
BLACK
6
CONTINUOUS
10
177.8035479999999779
20
-54.7685589999999962
11
177.9257949999999937
21
-54.8502419999999944
0
LINE
8
BLACK
6
CONTINUOUS
10
177.9257949999999937
20
-54.8502419999999944
11
178.0297579999999869
21
-54.9542049999999946
0
LINE
8
BLACK
6
CONTINUOUS
10
178.0297579999999869
20
-54.9542049999999946
11
178.111440999999985
21
-55.0764519999999962
0
LINE
8
BLACK
6
CONTINUOUS
10
178.111440999999985
20
-55.0764519999999962
11
178.1677049999999838
21
-55.2122859999999989
0
LINE
8
BLACK
6
CONTINUOUS
10
178.1677049999999838
20
-55.2122859999999989
11
178.1963889999999822
21
-55.3564869999999942
0
LINE
8
BLACK
6
CONTINUOUS
10
178.1963889999999822
20
-55.3564869999999942
11
178.1963889999999822
21
-55.5035129999999981
0
LINE
8
BLACK
6
CONTINUOUS
10
178.1963889999999822
20
-55.5035129999999981
11
178.1677049999999838
21
-55.6477140000000006
0
LINE
8
BLACK
6
CONTINUOUS
10
178.1677049999999838
20
-55.6477140000000006
11
178.111440999999985
21
-55.7835479999999961
0
LINE
8
BLACK
6
CONTINUOUS
10
178.111440999999985
20
-55.7835479999999961
11
178.0297579999999869
21
-55.9057949999999977
0
LINE
8
BLACK
6
CONTINUOUS
10
178.0297579999999869
20
-55.9057949999999977
11
177.9257949999999937
21
-56.0097579999999979
0
LINE
8
BLACK
6
CONTINUOUS
10
177.9257949999999937
20
-56.0097579999999979
11
177.8035479999999779
21
-56.0914409999999961
0
LINE
8
BLACK
6
CONTINUOUS
10
177.8035479999999779
20
-56.0914409999999961
11
177.6677139999999895
21
-56.1477049999999949
0
LINE
8
BLACK
6
CONTINUOUS
10
177.6677139999999895
20
-56.1477049999999949
11
177.5235129999999799
21
-56.1763890000000004
0
LINE
8
BLACK
6
CONTINUOUS
10
177.5235129999999799
20
-56.1763890000000004
11
177.3764869999999974
21
-56.1763890000000004
0
LINE
8
BLACK
6
CONTINUOUS
10
177.3764869999999974
20
-56.1763890000000004
11
177.2322859999999878
21
-56.1477049999999949
0
LINE
8
BLACK
6
CONTINUOUS
10
177.2322859999999878
20
-56.1477049999999949
11
177.0964519999999993
21
-56.0914409999999961
0
LINE
8
BLACK
6
CONTINUOUS
10
177.0964519999999993
20
-56.0914409999999961
11
176.9742049999999836
21
-56.0097579999999979
0
LINE
8
BLACK
6
CONTINUOUS
10
176.9742049999999836
20
-56.0097579999999979
11
176.8702419999999904
21
-55.9057949999999977
0
LINE
8
BLACK
6
CONTINUOUS
10
176.8702419999999904
20
-55.9057949999999977
11
176.7885589999999922
21
-55.7835479999999961
0
LINE
8
BLACK
6
CONTINUOUS
10
176.7885589999999922
20
-55.7835479999999961
11
176.7322949999999935
21
-55.6477140000000006
0
LINE
8
BLACK
6
CONTINUOUS
10
176.7322949999999935
20
-55.6477140000000006
11
176.7036109999999951
21
-55.5035129999999981
0
LINE
8
BLACK
6
CONTINUOUS
10
176.7036109999999951
20
-55.5035129999999981
11
176.7036109999999951
21
-55.3564869999999942
0
LINE
8
BLACK
6
CONTINUOUS
10
176.7036109999999951
20
-55.3564869999999942
11
176.7322949999999935
21
-55.2122859999999989
0
LINE
8
BLACK
6
CONTINUOUS
10
176.7322949999999935
20
-55.2122859999999989
11
176.7885589999999922
21
-55.0764519999999962
0
LINE
8
BLACK
6
CONTINUOUS
10
176.7885589999999922
20
-55.0764519999999962
11
176.8702419999999904
21
-54.9542049999999946
0
LINE
8
BLACK
6
CONTINUOUS
10
176.8702419999999904
20
-54.9542049999999946
11
176.9742049999999836
21
-54.8502419999999944
0
LINE
8
BLACK
6
CONTINUOUS
10
176.9742049999999836
20
-54.8502419999999944
11
177.0964519999999993
21
-54.7685589999999962
0
LINE
8
BLACK
6
CONTINUOUS
10
177.0964519999999993
20
-54.7685589999999962
11
177.2322859999999878
21
-54.7122949999999975
0
LINE
8
BLACK
6
CONTINUOUS
10
177.2322859999999878
20
-54.7122949999999975
11
177.3764869999999974
21
-54.6836109999999991
0
LINE
8
BLACK
6
CONTINUOUS
10
177.3764869999999974
20
-54.6836109999999991
11
177.5235129999999799
21
-54.6836109999999991
0
LINE
8
BLACK
6
CONTINUOUS
10
177.5235129999999799
20
-54.6836109999999991
11
177.6677139999999895
21
-54.7122949999999975
0
LINE
8
BLACK
6
CONTINUOUS
10
200.5277140000000031
20
-54.7122949999999975
11
200.6635479999999916
21
-54.7685589999999962
0
LINE
8
BLACK
6
CONTINUOUS
10
200.6635479999999916
20
-54.7685589999999962
11
200.7857949999999789
21
-54.8502419999999944
0
LINE
8
BLACK
6
CONTINUOUS
10
200.7857949999999789
20
-54.8502419999999944
11
200.8897580000000005
21
-54.9542049999999946
0
LINE
8
BLACK
6
CONTINUOUS
10
200.8897580000000005
20
-54.9542049999999946
11
200.9714409999999987
21
-55.0764519999999962
0
LINE
8
BLACK
6
CONTINUOUS
10
200.9714409999999987
20
-55.0764519999999962
11
201.0277049999999974
21
-55.2122859999999989
0
LINE
8
BLACK
6
CONTINUOUS
10
201.0277049999999974
20
-55.2122859999999989
11
201.0563889999999958
21
-55.3564869999999942
0
LINE
8
BLACK
6
CONTINUOUS
10
201.0563889999999958
20
-55.3564869999999942
11
201.0563889999999958
21
-55.5035129999999981
0
LINE
8
BLACK
6
CONTINUOUS
10
201.0563889999999958
20
-55.5035129999999981
11
201.0277049999999974
21
-55.6477140000000006
0
LINE
8
BLACK
6
CONTINUOUS
10
201.0277049999999974
20
-55.6477140000000006
11
200.9714409999999987
21
-55.7835479999999961
0
LINE
8
BLACK
6
CONTINUOUS
10
200.9714409999999987
20
-55.7835479999999961
11
200.8897580000000005
21
-55.9057949999999977
0
LINE
8
BLACK
6
CONTINUOUS
10
200.8897580000000005
20
-55.9057949999999977
11
200.7857949999999789
21
-56.0097579999999979
0
LINE
8
BLACK
6
CONTINUOUS
10
200.7857949999999789
20
-56.0097579999999979
11
200.6635479999999916
21
-56.0914409999999961
0
LINE
8
BLACK
6
CONTINUOUS
10
200.6635479999999916
20
-56.0914409999999961
11
200.5277140000000031
21
-56.1477049999999949
0
LINE
8
BLACK
6
CONTINUOUS
10
200.5277140000000031
20
-56.1477049999999949
11
200.3835129999999936
21
-56.1763890000000004
0
LINE
8
BLACK
6
CONTINUOUS
10
200.3835129999999936
20
-56.1763890000000004
11
200.2364869999999826
21
-56.1763890000000004
0
LINE
8
BLACK
6
CONTINUOUS
10
200.2364869999999826
20
-56.1763890000000004
11
200.0922860000000014
21
-56.1477049999999949
0
LINE
8
BLACK
6
CONTINUOUS
10
200.0922860000000014
20
-56.1477049999999949
11
199.9564519999999845
21
-56.0914409999999961
0
LINE
8
BLACK
6
CONTINUOUS
10
199.9564519999999845
20
-56.0914409999999961
11
199.8342049999999972
21
-56.0097579999999979
0
LINE
8
BLACK
6
CONTINUOUS
10
199.8342049999999972
20
-56.0097579999999979
11
199.7302420000000041
21
-55.9057949999999977
0
LINE
8
BLACK
6
CONTINUOUS
10
199.7302420000000041
20
-55.9057949999999977
11
199.6485589999999775
21
-55.7835479999999961
0
LINE
8
BLACK
6
CONTINUOUS
10
199.6485589999999775
20
-55.7835479999999961
11
199.5922949999999787
21
-55.6477140000000006
0
LINE
8
BLACK
6
CONTINUOUS
10
199.5922949999999787
20
-55.6477140000000006
11
199.5636109999999803
21
-55.5035129999999981
0
LINE
8
BLACK
6
CONTINUOUS
10
199.5636109999999803
20
-55.5035129999999981
11
199.5636109999999803
21
-55.3564869999999942
0
LINE
8
BLACK
6
CONTINUOUS
10
199.5636109999999803
20
-55.3564869999999942
11
199.5922949999999787
21
-55.2122859999999989
0
LINE
8
BLACK
6
CONTINUOUS
10
199.5922949999999787
20
-55.2122859999999989
11
199.6485589999999775
21
-55.0764519999999962
0
LINE
8
BLACK
6
CONTINUOUS
10
199.6485589999999775
20
-55.0764519999999962
11
199.7302420000000041
21
-54.9542049999999946
0
LINE
8
BLACK
6
CONTINUOUS
10
199.7302420000000041
20
-54.9542049999999946
11
199.8342049999999972
21
-54.8502419999999944
0
LINE
8
BLACK
6
CONTINUOUS
10
199.8342049999999972
20
-54.8502419999999944
11
199.9564519999999845
21
-54.7685589999999962
0
LINE
8
BLACK
6
CONTINUOUS
10
199.9564519999999845
20
-54.7685589999999962
11
200.0922860000000014
21
-54.7122949999999975
0
LINE
8
BLACK
6
CONTINUOUS
10
200.0922860000000014
20
-54.7122949999999975
11
200.2364869999999826
21
-54.6836109999999991
0
LINE
8
BLACK
6
CONTINUOUS
10
200.2364869999999826
20
-54.6836109999999991
11
200.3835129999999936
21
-54.6836109999999991
0
LINE
8
BLACK
6
CONTINUOUS
10
200.3835129999999936
20
-54.6836109999999991
11
200.5277140000000031
21
-54.7122949999999975
0
LINE
8
BLACK
6
CONTINUOUS
10
177.6677139999999895
20
-52.1722949999999983
11
177.8035479999999779
21
-52.2285589999999971
0
LINE
8
BLACK
6
CONTINUOUS
10
177.8035479999999779
20
-52.2285589999999971
11
177.9257949999999937
21
-52.3102419999999952
0
LINE
8
BLACK
6
CONTINUOUS
10
177.9257949999999937
20
-52.3102419999999952
11
178.0297579999999869
21
-52.4142049999999955
0
LINE
8
BLACK
6
CONTINUOUS
10
178.0297579999999869
20
-52.4142049999999955
11
178.111440999999985
21
-52.536451999999997
0
LINE
8
BLACK
6
CONTINUOUS
10
178.111440999999985
20
-52.536451999999997
11
178.1677049999999838
21
-52.6722859999999997
0
LINE
8
BLACK
6
CONTINUOUS
10
178.1677049999999838
20
-52.6722859999999997
11
178.1963889999999822
21
-52.8164869999999951
0
LINE
8
BLACK
6
CONTINUOUS
10
178.1963889999999822
20
-52.8164869999999951
11
178.1963889999999822
21
-52.963512999999999
0
LINE
8
BLACK
6
CONTINUOUS
10
178.1963889999999822
20
-52.963512999999999
11
178.1677049999999838
21
-53.1077139999999943
0
LINE
8
BLACK
6
CONTINUOUS
10
178.1677049999999838
20
-53.1077139999999943
11
178.111440999999985
21
-53.243547999999997
0
LINE
8
BLACK
6
CONTINUOUS
10
178.111440999999985
20
-53.243547999999997
11
178.0297579999999869
21
-53.3657949999999985
0
LINE
8
BLACK
6
CONTINUOUS
10
178.0297579999999869
20
-53.3657949999999985
11
177.9257949999999937
21
-53.4697579999999988
0
LINE
8
BLACK
6
CONTINUOUS
10
177.9257949999999937
20
-53.4697579999999988
11
177.8035479999999779
21
-53.551440999999997
0
LINE
8
BLACK
6
CONTINUOUS
10
177.8035479999999779
20
-53.551440999999997
11
177.6677139999999895
21
-53.6077049999999957
0
LINE
8
BLACK
6
CONTINUOUS
10
177.6677139999999895
20
-53.6077049999999957
11
177.5235129999999799
21
-53.6363889999999941
0
LINE
8
BLACK
6
CONTINUOUS
10
177.5235129999999799
20
-53.6363889999999941
11
177.3764869999999974
21
-53.6363889999999941
0
LINE
8
BLACK
6
CONTINUOUS
10
177.3764869999999974
20
-53.6363889999999941
11
177.2322859999999878
21
-53.6077049999999957
0
LINE
8
BLACK
6
CONTINUOUS
10
177.2322859999999878
20
-53.6077049999999957
11
177.0964519999999993
21
-53.551440999999997
0
LINE
8
BLACK
6
CONTINUOUS
10
177.0964519999999993
20
-53.551440999999997
11
176.9742049999999836
21
-53.4697579999999988
0
LINE
8
BLACK
6
CONTINUOUS
10
176.9742049999999836
20
-53.4697579999999988
11
176.8702419999999904
21
-53.3657949999999985
0
LINE
8
BLACK
6
CONTINUOUS
10
176.8702419999999904
20
-53.3657949999999985
11
176.7885589999999922
21
-53.243547999999997
0
LINE
8
BLACK
6
CONTINUOUS
10
176.7885589999999922
20
-53.243547999999997
11
176.7322949999999935
21
-53.1077139999999943
0
LINE
8
BLACK
6
CONTINUOUS
10
176.7322949999999935
20
-53.1077139999999943
11
176.7036109999999951
21
-52.963512999999999
0
LINE
8
BLACK
6
CONTINUOUS
10
176.7036109999999951
20
-52.963512999999999
11
176.7036109999999951
21
-52.8164869999999951
0
LINE
8
BLACK
6
CONTINUOUS
10
176.7036109999999951
20
-52.8164869999999951
11
176.7322949999999935
21
-52.6722859999999997
0
LINE
8
BLACK
6
CONTINUOUS
10
176.7322949999999935
20
-52.6722859999999997
11
176.7885589999999922
21
-52.536451999999997
0
LINE
8
BLACK
6
CONTINUOUS
10
176.7885589999999922
20
-52.536451999999997
11
176.8702419999999904
21
-52.4142049999999955
0
LINE
8
BLACK
6
CONTINUOUS
10
176.8702419999999904
20
-52.4142049999999955
11
176.9742049999999836
21
-52.3102419999999952
0
LINE
8
BLACK
6
CONTINUOUS
10
176.9742049999999836
20
-52.3102419999999952
11
177.0964519999999993
21
-52.2285589999999971
0
LINE
8
BLACK
6
CONTINUOUS
10
177.0964519999999993
20
-52.2285589999999971
11
177.2322859999999878
21
-52.1722949999999983
0
LINE
8
BLACK
6
CONTINUOUS
10
177.2322859999999878
20
-52.1722949999999983
11
177.3764869999999974
21
-52.1436109999999999
0
LINE
8
BLACK
6
CONTINUOUS
10
177.3764869999999974
20
-52.1436109999999999
11
177.5235129999999799
21
-52.1436109999999999
0
LINE
8
BLACK
6
CONTINUOUS
10
177.5235129999999799
20
-52.1436109999999999
11
177.6677139999999895
21
-52.1722949999999983
0
LINE
8
BLACK
6
CONTINUOUS
10
202.290284999999983
20
-47.043059999999997
11
202.4713969999999961
21
-47.1180789999999945
0
LINE
8
BLACK
6
CONTINUOUS
10
202.4713969999999961
20
-47.1180789999999945
11
202.5180119999999988
21
-47.1492259999999987
0
LINE
8
BLACK
6
CONTINUOUS
10
202.5180119999999988
20
-47.1492259999999987
11
202.6343939999999861
21
-47.2269889999999961
0
LINE
8
BLACK
6
CONTINUOUS
10
202.6343939999999861
20
-47.2269889999999961
11
202.7071069999999793
21
-47.2928929999999994
0
LINE
8
BLACK
6
CONTINUOUS
10
202.7071069999999793
20
-47.2928929999999994
11
203.2071069999999793
21
-47.7928929999999994
0
LINE
8
BLACK
6
CONTINUOUS
10
203.2071069999999793
20
-47.7928929999999994
11
203.2730109999999968
21
-47.8656069999999971
0
LINE
8
BLACK
6
CONTINUOUS
10
203.2730109999999968
20
-47.8656069999999971
11
203.297315999999995
21
-47.9019830000000013
0
LINE
8
BLACK
6
CONTINUOUS
10
203.297315999999995
20
-47.9019830000000013
11
203.3819209999999771
21
-48.0286029999999968
0
LINE
8
BLACK
6
CONTINUOUS
10
203.3819209999999771
20
-48.0286029999999968
11
203.456940000000003
21
-48.2097149999999957
0
LINE
8
BLACK
6
CONTINUOUS
10
203.456940000000003
20
-48.2097149999999957
11
203.4951849999999922
21
-48.4019830000000013
0
LINE
8
BLACK
6
CONTINUOUS
10
203.4951849999999922
20
-48.4019830000000013
11
203.5
21
-48.5
0
LINE
8
BLACK
6
CONTINUOUS
10
203.5
20
-48.5
11
203.5
21
-50.1999999999999957
0
LINE
8
BLACK
6
CONTINUOUS
10
203.5
20
-50.1999999999999957
11
203.4951849999999922
21
-50.2980169999999944
0
LINE
8
BLACK
6
CONTINUOUS
10
203.4951849999999922
20
-50.2980169999999944
11
203.456940000000003
21
-50.4902850000000001
0
LINE
8
BLACK
6
CONTINUOUS
10
203.456940000000003
20
-50.4902850000000001
11
203.3819209999999771
21
-50.6713969999999989
0
LINE
8
BLACK
6
CONTINUOUS
10
203.3819209999999771
20
-50.6713969999999989
11
203.2730099999999993
21
-50.8343929999999986
0
LINE
8
BLACK
6
CONTINUOUS
10
203.2730099999999993
20
-50.8343929999999986
11
203.1455729999999846
21
-50.9618289999999945
0
LINE
8
BLACK
6
CONTINUOUS
10
203.1455729999999846
20
-50.9618289999999945
11
203.1173450000000003
21
-51.0299779999999998
0
LINE
8
BLACK
6
CONTINUOUS
10
203.1173450000000003
20
-51.0299779999999998
11
203.0411069999999825
21
-51.1440750000000008
0
LINE
8
BLACK
6
CONTINUOUS
10
203.0411069999999825
20
-51.1440750000000008
11
202.9949749999999824
21
-51.1949749999999995
0
LINE
8
BLACK
6
CONTINUOUS
10
202.9949749999999824
20
-51.1949749999999995
11
200.9891459999999768
21
-53.2008030000000005
0
LINE
8
BLACK
6
CONTINUOUS
10
200.9891459999999768
20
-53.2008030000000005
11
200.9714409999999987
21
-53.243547999999997
0
LINE
8
BLACK
6
CONTINUOUS
10
200.9714409999999987
20
-53.243547999999997
11
200.8897580000000005
21
-53.3657949999999985
0
LINE
8
BLACK
6
CONTINUOUS
10
200.8897580000000005
20
-53.3657949999999985
11
200.7857949999999789
21
-53.4697579999999988
0
LINE
8
BLACK
6
CONTINUOUS
10
200.7857949999999789
20
-53.4697579999999988
11
200.6635479999999916
21
-53.551440999999997
0
LINE
8
BLACK
6
CONTINUOUS
10
200.6635479999999916
20
-53.551440999999997
11
200.5277140000000031
21
-53.6077049999999957
0
LINE
8
BLACK
6
CONTINUOUS
10
200.5277140000000031
20
-53.6077049999999957
11
200.3835129999999936
21
-53.6363889999999941
0
LINE
8
BLACK
6
CONTINUOUS
10
200.3835129999999936
20
-53.6363889999999941
11
200.2364869999999826
21
-53.6363889999999941
0
LINE
8
BLACK
6
CONTINUOUS
10
200.2364869999999826
20
-53.6363889999999941
11
200.0922860000000014
21
-53.6077049999999957
0
LINE
8
BLACK
6
CONTINUOUS
10
200.0922860000000014
20
-53.6077049999999957
11
199.9564519999999845
21
-53.551440999999997
0
LINE
8
BLACK
6
CONTINUOUS
10
199.9564519999999845
20
-53.551440999999997
11
199.8342049999999972
21
-53.4697579999999988
0
LINE
8
BLACK
6
CONTINUOUS
10
199.8342049999999972
20
-53.4697579999999988
11
199.7302420000000041
21
-53.3657949999999985
0
LINE
8
BLACK
6
CONTINUOUS
10
199.7302420000000041
20
-53.3657949999999985
11
199.6485589999999775
21
-53.243547999999997
0
LINE
8
BLACK
6
CONTINUOUS
10
199.6485589999999775
20
-53.243547999999997
11
199.5922949999999787
21
-53.1077139999999943
0
LINE
8
BLACK
6
CONTINUOUS
10
199.5922949999999787
20
-53.1077139999999943
11
199.5636109999999803
21
-52.963512999999999
0
LINE
8
BLACK
6
CONTINUOUS
10
199.5636109999999803
20
-52.963512999999999
11
199.5636109999999803
21
-52.8164869999999951
0
LINE
8
BLACK
6
CONTINUOUS
10
199.5636109999999803
20
-52.8164869999999951
11
199.5922949999999787
21
-52.6722859999999997
0
LINE
8
BLACK
6
CONTINUOUS
10
199.5922949999999787
20
-52.6722859999999997
11
199.6485589999999775
21
-52.536451999999997
0
LINE
8
BLACK
6
CONTINUOUS
10
199.6485589999999775
20
-52.536451999999997
11
199.7302420000000041
21
-52.4142049999999955
0
LINE
8
BLACK
6
CONTINUOUS
10
199.7302420000000041
20
-52.4142049999999955
11
199.8342049999999972
21
-52.3102419999999952
0
LINE
8
BLACK
6
CONTINUOUS
10
199.8342049999999972
20
-52.3102419999999952
11
199.9564519999999845
21
-52.2285589999999971
0
LINE
8
BLACK
6
CONTINUOUS
10
199.9564519999999845
20
-52.2285589999999971
11
199.9991959999999835
21
-52.2108530000000002
0
LINE
8
BLACK
6
CONTINUOUS
10
199.9991959999999835
20
-52.2108530000000002
11
201.5948149999999828
21
-50.6152340000000009
0
LINE
8
BLACK
6
CONTINUOUS
10
201.5948149999999828
20
-50.6152340000000009
11
201.543059999999997
21
-50.4902850000000001
0
LINE
8
BLACK
6
CONTINUOUS
10
201.543059999999997
20
-50.4902850000000001
11
201.5048149999999794
21
-50.2980169999999944
0
LINE
8
BLACK
6
CONTINUOUS
10
201.5048149999999794
20
-50.2980169999999944
11
201.5
21
-50.1999999999999957
0
LINE
8
BLACK
6
CONTINUOUS
10
201.5
20
-50.1999999999999957
11
201.5
21
-48.9142140000000012
0
LINE
8
BLACK
6
CONTINUOUS
10
201.5
20
-48.9142140000000012
11
201.2928929999999923
21
-48.7071070000000006
0
LINE
8
BLACK
6
CONTINUOUS
10
201.2928929999999923
20
-48.7071070000000006
11
201.2269890000000032
21
-48.6343940000000003
0
LINE
8
BLACK
6
CONTINUOUS
10
201.2269890000000032
20
-48.6343940000000003
11
201.1371910000000014
21
-48.5
0
LINE
8
BLACK
6
CONTINUOUS
10
201.1371910000000014
20
-48.5
11
201.1180789999999945
21
-48.4713969999999961
0
LINE
8
BLACK
6
CONTINUOUS
10
201.1180789999999945
20
-48.4713969999999961
11
201.043059999999997
21
-48.2902849999999972
0
LINE
8
BLACK
6
CONTINUOUS
10
201.043059999999997
20
-48.2902849999999972
11
201.0048149999999794
21
-48.0980169999999987
0
LINE
8
BLACK
6
CONTINUOUS
10
201.0048149999999794
20
-48.0980169999999987
11
201.0048149999999794
21
-47.9019830000000013
0
LINE
8
BLACK
6
CONTINUOUS
10
201.0048149999999794
20
-47.9019830000000013
11
201.043059999999997
21
-47.7097149999999957
0
LINE
8
BLACK
6
CONTINUOUS
10
201.043059999999997
20
-47.7097149999999957
11
201.1180789999999945
21
-47.5286029999999968
0
LINE
8
BLACK
6
CONTINUOUS
10
201.1180789999999945
20
-47.5286029999999968
11
201.1492259999999987
21
-47.4819869999999966
0
LINE
8
BLACK
6
CONTINUOUS
10
201.1492259999999987
20
-47.4819869999999966
11
201.2269890000000032
21
-47.3656059999999997
0
LINE
8
BLACK
6
CONTINUOUS
10
201.2269890000000032
20
-47.3656059999999997
11
201.3656059999999854
21
-47.2269889999999961
0
LINE
8
BLACK
6
CONTINUOUS
10
201.3656059999999854
20
-47.2269889999999961
11
201.4819870000000037
21
-47.1492259999999987
0
LINE
8
BLACK
6
CONTINUOUS
10
201.4819870000000037
20
-47.1492259999999987
11
201.5286030000000039
21
-47.1180789999999945
0
LINE
8
BLACK
6
CONTINUOUS
10
201.5286030000000039
20
-47.1180789999999945
11
201.7097149999999885
21
-47.043059999999997
0
LINE
8
BLACK
6
CONTINUOUS
10
201.7097149999999885
20
-47.043059999999997
11
201.9019830000000013
21
-47.0048150000000007
0
LINE
8
BLACK
6
CONTINUOUS
10
201.9019830000000013
20
-47.0048150000000007
11
202.0980169999999987
21
-47.0048150000000007
0
LINE
8
BLACK
6
CONTINUOUS
10
202.0980169999999987
20
-47.0048150000000007
11
202.290284999999983
21
-47.043059999999997
0
LINE
8
BLACK
6
CONTINUOUS
10
178.1999999999999886
20
-51.0999999999999943
11
176.6999999999999886
21
-51.0999999999999943
0
LINE
8
BLACK
6
CONTINUOUS
10
176.6999999999999886
20
-51.0999999999999943
11
176.6999999999999886
21
-49.5999999999999943
0
LINE
8
BLACK
6
CONTINUOUS
10
176.6999999999999886
20
-49.5999999999999943
11
178.1999999999999886
21
-49.5999999999999943
0
LINE
8
BLACK
6
CONTINUOUS
10
178.1999999999999886
20
-49.5999999999999943
11
178.1999999999999886
21
-51.0999999999999943
0
LINE
8
BLACK
6
CONTINUOUS
10
200.5277140000000031
20
-49.6322949999999992
11
200.6635479999999916
21
-49.6885589999999979
0
LINE
8
BLACK
6
CONTINUOUS
10
200.6635479999999916
20
-49.6885589999999979
11
200.7857949999999789
21
-49.7702419999999961
0
LINE
8
BLACK
6
CONTINUOUS
10
200.7857949999999789
20
-49.7702419999999961
11
200.8897580000000005
21
-49.8742049999999963
0
LINE
8
BLACK
6
CONTINUOUS
10
200.8897580000000005
20
-49.8742049999999963
11
200.9714409999999987
21
-49.9964519999999979
0
LINE
8
BLACK
6
CONTINUOUS
10
200.9714409999999987
20
-49.9964519999999979
11
201.0277049999999974
21
-50.1322860000000006
0
LINE
8
BLACK
6
CONTINUOUS
10
201.0277049999999974
20
-50.1322860000000006
11
201.0563889999999958
21
-50.2764869999999959
0
LINE
8
BLACK
6
CONTINUOUS
10
201.0563889999999958
20
-50.2764869999999959
11
201.0563889999999958
21
-50.4235129999999998
0
LINE
8
BLACK
6
CONTINUOUS
10
201.0563889999999958
20
-50.4235129999999998
11
201.0277049999999974
21
-50.5677139999999952
0
LINE
8
BLACK
6
CONTINUOUS
10
201.0277049999999974
20
-50.5677139999999952
11
200.9714409999999987
21
-50.7035479999999978
0
LINE
8
BLACK
6
CONTINUOUS
10
200.9714409999999987
20
-50.7035479999999978
11
200.8897580000000005
21
-50.8257949999999994
0
LINE
8
BLACK
6
CONTINUOUS
10
200.8897580000000005
20
-50.8257949999999994
11
200.7857949999999789
21
-50.9297579999999996
0
LINE
8
BLACK
6
CONTINUOUS
10
200.7857949999999789
20
-50.9297579999999996
11
200.6635479999999916
21
-51.0114409999999978
0
LINE
8
BLACK
6
CONTINUOUS
10
200.6635479999999916
20
-51.0114409999999978
11
200.5277140000000031
21
-51.0677049999999966
0
LINE
8
BLACK
6
CONTINUOUS
10
200.5277140000000031
20
-51.0677049999999966
11
200.3835129999999936
21
-51.096388999999995
0
LINE
8
BLACK
6
CONTINUOUS
10
200.3835129999999936
20
-51.096388999999995
11
200.2364869999999826
21
-51.096388999999995
0
LINE
8
BLACK
6
CONTINUOUS
10
200.2364869999999826
20
-51.096388999999995
11
200.0922860000000014
21
-51.0677049999999966
0
LINE
8
BLACK
6
CONTINUOUS
10
200.0922860000000014
20
-51.0677049999999966
11
199.9564519999999845
21
-51.0114409999999978
0
LINE
8
BLACK
6
CONTINUOUS
10
199.9564519999999845
20
-51.0114409999999978
11
199.8342049999999972
21
-50.9297579999999996
0
LINE
8
BLACK
6
CONTINUOUS
10
199.8342049999999972
20
-50.9297579999999996
11
199.7302420000000041
21
-50.8257949999999994
0
LINE
8
BLACK
6
CONTINUOUS
10
199.7302420000000041
20
-50.8257949999999994
11
199.6485589999999775
21
-50.7035479999999978
0
LINE
8
BLACK
6
CONTINUOUS
10
199.6485589999999775
20
-50.7035479999999978
11
199.5922949999999787
21
-50.5677139999999952
0
LINE
8
BLACK
6
CONTINUOUS
10
199.5922949999999787
20
-50.5677139999999952
11
199.5636109999999803
21
-50.4235129999999998
0
LINE
8
BLACK
6
CONTINUOUS
10
199.5636109999999803
20
-50.4235129999999998
11
199.5636109999999803
21
-50.2764869999999959
0
LINE
8
BLACK
6
CONTINUOUS
10
199.5636109999999803
20
-50.2764869999999959
11
199.5922949999999787
21
-50.1322860000000006
0
LINE
8
BLACK
6
CONTINUOUS
10
199.5922949999999787
20
-50.1322860000000006
11
199.6485589999999775
21
-49.9964519999999979
0
LINE
8
BLACK
6
CONTINUOUS
10
199.6485589999999775
20
-49.9964519999999979
11
199.7302420000000041
21
-49.8742049999999963
0
LINE
8
BLACK
6
CONTINUOUS
10
199.7302420000000041
20
-49.8742049999999963
11
199.8342049999999972
21
-49.7702419999999961
0
LINE
8
BLACK
6
CONTINUOUS
10
199.8342049999999972
20
-49.7702419999999961
11
199.9564519999999845
21
-49.6885589999999979
0
LINE
8
BLACK
6
CONTINUOUS
10
199.9564519999999845
20
-49.6885589999999979
11
200.0922860000000014
21
-49.6322949999999992
0
LINE
8
BLACK
6
CONTINUOUS
10
200.0922860000000014
20
-49.6322949999999992
11
200.2364869999999826
21
-49.6036110000000008
0
LINE
8
BLACK
6
CONTINUOUS
10
200.2364869999999826
20
-49.6036110000000008
11
200.3835129999999936
21
-49.6036110000000008
0
LINE
8
BLACK
6
CONTINUOUS
10
200.3835129999999936
20
-49.6036110000000008
11
200.5277140000000031
21
-49.6322949999999992
0
LINE
8
BLACK
6
CONTINUOUS
10
189.5791739999999947
20
-37.5047369999999987
11
190.0548739999999839
21
-37.5047369999999987
0
LINE
8
BLACK
6
CONTINUOUS
10
190.0548739999999839
20
-37.5047369999999987
11
191.1639749999999935
21
-37.542625000000001
0
LINE
8
BLACK
6
CONTINUOUS
10
191.1639749999999935
20
-37.542625000000001
11
192.2711359999999843
21
-37.618356999999996
0
LINE
8
BLACK
6
CONTINUOUS
10
192.2711359999999843
20
-37.618356999999996
11
193.375064999999978
21
-37.7318439999999953
0
LINE
8
BLACK
6
CONTINUOUS
10
193.375064999999978
20
-37.7318439999999953
11
194.4744769999999789
21
-37.8829549999999955
0
LINE
8
BLACK
6
CONTINUOUS
10
194.4744769999999789
20
-37.8829549999999955
11
195.5680879999999888
21
-38.0715129999999959
0
LINE
8
BLACK
6
CONTINUOUS
10
195.5680879999999888
20
-38.0715129999999959
11
196.6546249999999816
21
-38.2972979999999978
0
LINE
8
BLACK
6
CONTINUOUS
10
196.6546249999999816
20
-38.2972979999999978
11
197.7328189999999779
21
-38.5600459999999998
0
LINE
8
BLACK
6
CONTINUOUS
10
197.7328189999999779
20
-38.5600459999999998
11
198.8014149999999916
21
-38.8594529999999949
0
LINE
8
BLACK
6
CONTINUOUS
10
198.8014149999999916
20
-38.8594529999999949
11
199.8591649999999902
21
-39.1951679999999953
0
LINE
8
BLACK
6
CONTINUOUS
10
199.8591649999999902
20
-39.1951679999999953
11
200.9048369999999863
21
-39.5668000000000006
0
LINE
8
BLACK
6
CONTINUOUS
10
200.9048369999999863
20
-39.5668000000000006
11
201.9372119999999882
21
-39.9739149999999981
0
LINE
8
BLACK
6
CONTINUOUS
10
201.9372119999999882
20
-39.9739149999999981
11
202.9550849999999969
21
-40.4160399999999953
0
LINE
8
BLACK
6
CONTINUOUS
10
202.9550849999999969
20
-40.4160399999999953
11
203.9572699999999941
21
-40.8926579999999973
0
LINE
8
BLACK
6
CONTINUOUS
10
203.9572699999999941
20
-40.8926579999999973
11
204.9425990000000013
21
-41.4032139999999984
0
LINE
8
BLACK
6
CONTINUOUS
10
204.9425990000000013
20
-41.4032139999999984
11
205.9099219999999946
21
-41.9471130000000016
0
LINE
8
BLACK
6
CONTINUOUS
10
205.9099219999999946
20
-41.9471130000000016
11
206.8581119999999771
21
-42.5237199999999973
0
LINE
8
BLACK
6
CONTINUOUS
10
206.8581119999999771
20
-42.5237199999999973
11
207.7860629999999844
21
-43.1323639999999955
0
LINE
8
BLACK
6
CONTINUOUS
10
207.7860629999999844
20
-43.1323639999999955
11
208.6926939999999888
21
-43.7723329999999962
0
LINE
8
BLACK
6
CONTINUOUS
10
208.6926939999999888
20
-43.7723329999999962
11
209.5769469999999899
21
-44.4428829999999948
0
LINE
8
BLACK
6
CONTINUOUS
10
209.5769469999999899
20
-44.4428829999999948
11
210.4377910000000043
21
-45.1432319999999976
0
LINE
8
BLACK
6
CONTINUOUS
10
210.4377910000000043
20
-45.1432319999999976
11
211.2742219999999804
21
-45.872561999999995
0
LINE
8
BLACK
6
CONTINUOUS
10
211.2742219999999804
20
-45.872561999999995
11
212.0852659999999901
21
-46.6300239999999988
0
LINE
8
BLACK
6
CONTINUOUS
10
212.0852659999999901
20
-46.6300239999999988
11
212.8699759999999799
21
-47.4147339999999957
0
LINE
8
BLACK
6
CONTINUOUS
10
212.8699759999999799
20
-47.4147339999999957
11
213.6274379999999837
21
-48.2257779999999983
0
LINE
8
BLACK
6
CONTINUOUS
10
213.6274379999999837
20
-48.2257779999999983
11
214.3567679999999882
21
-49.0622089999999957
0
LINE
8
BLACK
6
CONTINUOUS
10
214.3567679999999882
20
-49.0622089999999957
11
215.0571169999999768
21
-49.9230529999999959
0
LINE
8
BLACK
6
CONTINUOUS
10
215.0571169999999768
20
-49.9230529999999959
11
215.7276669999999967
21
-50.807305999999997
0
LINE
8
BLACK
6
CONTINUOUS
10
215.7276669999999967
20
-50.807305999999997
11
216.3676359999999761
21
-51.7139369999999943
0
LINE
8
BLACK
6
CONTINUOUS
10
216.3676359999999761
20
-51.7139369999999943
11
216.9762800000000027
21
-52.6418879999999945
0
LINE
8
BLACK
6
CONTINUOUS
10
216.9762800000000027
20
-52.6418879999999945
11
217.5528869999999984
21
-53.5900779999999983
0
LINE
8
BLACK
6
CONTINUOUS
10
217.5528869999999984
20
-53.5900779999999983
11
218.0967859999999803
21
-54.5574009999999987
0
LINE
8
BLACK
6
CONTINUOUS
10
218.0967859999999803
20
-54.5574009999999987
11
218.6073419999999885
21
-55.5427299999999988
0
LINE
8
BLACK
6
CONTINUOUS
10
218.6073419999999885
20
-55.5427299999999988
11
219.0839599999999905
21
-56.544914999999996
0
LINE
8
BLACK
6
CONTINUOUS
10
219.0839599999999905
20
-56.544914999999996
11
219.5260849999999948
21
-57.5627879999999976
0
LINE
8
BLACK
6
CONTINUOUS
10
219.5260849999999948
20
-57.5627879999999976
11
219.9331999999999994
21
-58.5951629999999994
0
LINE
8
BLACK
6
CONTINUOUS
10
219.9331999999999994
20
-58.5951629999999994
11
220.3048319999999762
21
-59.6408349999999956
0
LINE
8
BLACK
6
CONTINUOUS
10
220.3048319999999762
20
-59.6408349999999956
11
220.640546999999998
21
-60.6985849999999942
0
LINE
8
BLACK
6
CONTINUOUS
10
220.640546999999998
20
-60.6985849999999942
11
220.9399540000000002
21
-61.7671809999999937
0
LINE
8
BLACK
6
CONTINUOUS
10
220.9399540000000002
20
-61.7671809999999937
11
221.2027019999999879
21
-62.8453749999999971
0
LINE
8
BLACK
6
CONTINUOUS
10
221.2027019999999879
20
-62.8453749999999971
11
221.4284869999999898
21
-63.931911999999997
0
LINE
8
BLACK
6
CONTINUOUS
10
221.4284869999999898
20
-63.931911999999997
11
221.6170449999999903
21
-65.0255229999999926
0
LINE
8
BLACK
6
CONTINUOUS
10
221.6170449999999903
20
-65.0255229999999926
11
221.7681559999999763
21
-66.1249349999999936
0
LINE
8
BLACK
6
CONTINUOUS
10
221.7681559999999763
20
-66.1249349999999936
11
221.8816429999999968
21
-67.2288640000000015
0
LINE
8
BLACK
6
CONTINUOUS
10
221.8816429999999968
20
-67.2288640000000015
11
221.9573749999999848
21
-68.3360249999999922
0
LINE
8
BLACK
6
CONTINUOUS
10
221.9573749999999848
20
-68.3360249999999922
11
221.9952629999999942
21
-69.4451260000000019
0
LINE
8
BLACK
6
CONTINUOUS
10
221.9952629999999942
20
-69.4451260000000019
11
221.9952629999999942
21
-70.5548739999999981
0
LINE
8
BLACK
6
CONTINUOUS
10
221.9952629999999942
20
-70.5548739999999981
11
221.9573749999999848
21
-71.6639749999999935
0
LINE
8
BLACK
6
CONTINUOUS
10
221.9573749999999848
20
-71.6639749999999935
11
221.8816429999999968
21
-72.7711359999999985
0
LINE
8
BLACK
6
CONTINUOUS
10
221.8816429999999968
20
-72.7711359999999985
11
221.7681559999999763
21
-73.8750649999999922
0
LINE
8
BLACK
6
CONTINUOUS
10
221.7681559999999763
20
-73.8750649999999922
11
221.6170449999999903
21
-74.9744769999999932
0
LINE
8
BLACK
6
CONTINUOUS
10
221.6170449999999903
20
-74.9744769999999932
11
221.4284869999999898
21
-76.068088000000003
0
LINE
8
BLACK
6
CONTINUOUS
10
221.4284869999999898
20
-76.068088000000003
11
221.2027019999999879
21
-77.1546249999999958
0
LINE
8
BLACK
6
CONTINUOUS
10
221.2027019999999879
20
-77.1546249999999958
11
220.9399540000000002
21
-78.2328189999999921
0
LINE
8
BLACK
6
CONTINUOUS
10
220.9399540000000002
20
-78.2328189999999921
11
220.640546999999998
21
-79.3014149999999916
0
LINE
8
BLACK
6
CONTINUOUS
10
220.640546999999998
20
-79.3014149999999916
11
220.3048319999999762
21
-80.3591649999999902
0
LINE
8
BLACK
6
CONTINUOUS
10
220.3048319999999762
20
-80.3591649999999902
11
219.9331999999999994
21
-81.4048370000000006
0
LINE
8
BLACK
6
CONTINUOUS
10
219.9331999999999994
20
-81.4048370000000006
11
219.5260849999999948
21
-82.4372120000000024
0
LINE
8
BLACK
6
CONTINUOUS
10
219.5260849999999948
20
-82.4372120000000024
11
219.0839599999999905
21
-83.4550849999999969
0
LINE
8
BLACK
6
CONTINUOUS
10
219.0839599999999905
20
-83.4550849999999969
11
218.6073419999999885
21
-84.4572699999999941
0
LINE
8
BLACK
6
CONTINUOUS
10
218.6073419999999885
20
-84.4572699999999941
11
218.0967859999999803
21
-85.4425990000000013
0
LINE
8
BLACK
6
CONTINUOUS
10
218.0967859999999803
20
-85.4425990000000013
11
217.5528869999999984
21
-86.4099219999999946
0
LINE
8
BLACK
6
CONTINUOUS
10
217.5528869999999984
20
-86.4099219999999946
11
216.9762800000000027
21
-87.3581119999999913
0
LINE
8
BLACK
6
CONTINUOUS
10
216.9762800000000027
20
-87.3581119999999913
11
216.3676359999999761
21
-88.2860629999999986
0
LINE
8
BLACK
6
CONTINUOUS
10
216.3676359999999761
20
-88.2860629999999986
11
215.7276669999999967
21
-89.192694000000003
0
LINE
8
BLACK
6
CONTINUOUS
10
215.7276669999999967
20
-89.192694000000003
11
215.0571169999999768
21
-90.0769469999999899
0
LINE
8
BLACK
6
CONTINUOUS
10
215.0571169999999768
20
-90.0769469999999899
11
214.3567679999999882
21
-90.93779099999999
0
LINE
8
BLACK
6
CONTINUOUS
10
214.3567679999999882
20
-90.93779099999999
11
213.6274379999999837
21
-91.7742219999999946
0
LINE
8
BLACK
6
CONTINUOUS
10
213.6274379999999837
20
-91.7742219999999946
11
212.8699759999999799
21
-92.5852659999999901
0
LINE
8
BLACK
6
CONTINUOUS
10
212.8699759999999799
20
-92.5852659999999901
11
212.0852659999999901
21
-93.3699759999999941
0
LINE
8
BLACK
6
CONTINUOUS
10
212.0852659999999901
20
-93.3699759999999941
11
211.2742219999999804
21
-94.1274379999999979
0
LINE
8
BLACK
6
CONTINUOUS
10
211.2742219999999804
20
-94.1274379999999979
11
210.4377910000000043
21
-94.8567680000000024
0
LINE
8
BLACK
6
CONTINUOUS
10
210.4377910000000043
20
-94.8567680000000024
11
209.5769469999999899
21
-95.557116999999991
0
LINE
8
BLACK
6
CONTINUOUS
10
209.5769469999999899
20
-95.557116999999991
11
208.6926939999999888
21
-96.2276669999999967
0
LINE
8
BLACK
6
CONTINUOUS
10
208.6926939999999888
20
-96.2276669999999967
11
207.7860629999999844
21
-96.8676359999999903
0
LINE
8
BLACK
6
CONTINUOUS
10
207.7860629999999844
20
-96.8676359999999903
11
206.8581119999999771
21
-97.4762799999999885
0
LINE
8
BLACK
6
CONTINUOUS
10
206.8581119999999771
20
-97.4762799999999885
11
205.9099219999999946
21
-98.0528869999999984
0
LINE
8
BLACK
6
CONTINUOUS
10
205.9099219999999946
20
-98.0528869999999984
11
204.9425990000000013
21
-98.5967859999999945
0
LINE
8
BLACK
6
CONTINUOUS
10
204.9425990000000013
20
-98.5967859999999945
11
203.9572699999999941
21
-99.1073419999999885
0
LINE
8
BLACK
6
CONTINUOUS
10
203.9572699999999941
20
-99.1073419999999885
11
202.9550849999999969
21
-99.5839599999999905
0
LINE
8
BLACK
6
CONTINUOUS
10
202.9550849999999969
20
-99.5839599999999905
11
201.9372119999999882
21
-100.0260849999999948
0
LINE
8
BLACK
6
CONTINUOUS
10
201.9372119999999882
20
-100.0260849999999948
11
200.9048369999999863
21
-100.4331999999999994
0
LINE
8
BLACK
6
CONTINUOUS
10
200.9048369999999863
20
-100.4331999999999994
11
199.8591649999999902
21
-100.8048319999999904
0
LINE
8
BLACK
6
CONTINUOUS
10
199.8591649999999902
20
-100.8048319999999904
11
198.8014149999999916
21
-101.140546999999998
0
LINE
8
BLACK
6
CONTINUOUS
10
198.8014149999999916
20
-101.140546999999998
11
197.7328189999999779
21
-101.4399540000000002
0
LINE
8
BLACK
6
CONTINUOUS
10
197.7328189999999779
20
-101.4399540000000002
11
196.6546249999999816
21
-101.7027020000000022
0
LINE
8
BLACK
6
CONTINUOUS
10
196.6546249999999816
20
-101.7027020000000022
11
195.5680879999999888
21
-101.9284869999999898
0
LINE
8
BLACK
6
CONTINUOUS
10
195.5680879999999888
20
-101.9284869999999898
11
194.4744769999999789
21
-102.1170449999999903
0
LINE
8
BLACK
6
CONTINUOUS
10
194.4744769999999789
20
-102.1170449999999903
11
193.375064999999978
21
-102.2681559999999905
0
LINE
8
BLACK
6
CONTINUOUS
10
193.375064999999978
20
-102.2681559999999905
11
192.2711359999999843
21
-102.3816429999999968
0
LINE
8
BLACK
6
CONTINUOUS
10
192.2711359999999843
20
-102.3816429999999968
11
191.1639749999999935
21
-102.457374999999999
0
LINE
8
BLACK
6
CONTINUOUS
10
191.1639749999999935
20
-102.457374999999999
11
190.0548739999999839
21
-102.4952629999999942
0
LINE
8
BLACK
6
CONTINUOUS
10
190.0548739999999839
20
-102.4952629999999942
11
188.9451259999999877
21
-102.4952629999999942
0
LINE
8
BLACK
6
CONTINUOUS
10
188.9451259999999877
20
-102.4952629999999942
11
187.836024999999978
21
-102.457374999999999
0
LINE
8
BLACK
6
CONTINUOUS
10
187.836024999999978
20
-102.457374999999999
11
186.7288639999999873
21
-102.3816429999999968
0
LINE
8
BLACK
6
CONTINUOUS
10
186.7288639999999873
20
-102.3816429999999968
11
185.6249349999999936
21
-102.2681559999999905
0
LINE
8
BLACK
6
CONTINUOUS
10
185.6249349999999936
20
-102.2681559999999905
11
184.5255229999999926
21
-102.1170449999999903
0
LINE
8
BLACK
6
CONTINUOUS
10
184.5255229999999926
20
-102.1170449999999903
11
183.4319119999999828
21
-101.9284869999999898
0
LINE
8
BLACK
6
CONTINUOUS
10
183.4319119999999828
20
-101.9284869999999898
11
182.34537499999999
21
-101.7027020000000022
0
LINE
8
BLACK
6
CONTINUOUS
10
182.34537499999999
20
-101.7027020000000022
11
181.2671809999999937
21
-101.4399540000000002
0
LINE
8
BLACK
6
CONTINUOUS
10
181.2671809999999937
20
-101.4399540000000002
11
180.19858499999998
21
-101.140546999999998
0
LINE
8
BLACK
6
CONTINUOUS
10
180.19858499999998
20
-101.140546999999998
11
179.1408349999999814
21
-100.8048319999999904
0
LINE
8
BLACK
6
CONTINUOUS
10
179.1408349999999814
20
-100.8048319999999904
11
178.0951629999999852
21
-100.4331999999999994
0
LINE
8
BLACK
6
CONTINUOUS
10
178.0951629999999852
20
-100.4331999999999994
11
177.0627879999999834
21
-100.0260849999999948
0
LINE
8
BLACK
6
CONTINUOUS
10
177.0627879999999834
20
-100.0260849999999948
11
176.0449150000000031
21
-99.5839599999999905
0
LINE
8
BLACK
6
CONTINUOUS
10
176.0449150000000031
20
-99.5839599999999905
11
175.0427300000000059
21
-99.1073419999999885
0
LINE
8
BLACK
6
CONTINUOUS
10
175.0427300000000059
20
-99.1073419999999885
11
174.0574009999999987
21
-98.5967859999999945
0
LINE
8
BLACK
6
CONTINUOUS
10
174.0574009999999987
20
-98.5967859999999945
11
173.0900780000000054
21
-98.0528869999999984
0
LINE
8
BLACK
6
CONTINUOUS
10
173.0900780000000054
20
-98.0528869999999984
11
172.1418879999999945
21
-97.4762799999999885
0
LINE
8
BLACK
6
CONTINUOUS
10
172.1418879999999945
20
-97.4762799999999885
11
171.2139369999999872
21
-96.8676359999999903
0
LINE
8
BLACK
6
CONTINUOUS
10
171.2139369999999872
20
-96.8676359999999903
11
170.3073059999999828
21
-96.2276669999999967
0
LINE
8
BLACK
6
CONTINUOUS
10
170.3073059999999828
20
-96.2276669999999967
11
169.4230529999999817
21
-95.557116999999991
0
LINE
8
BLACK
6
CONTINUOUS
10
169.4230529999999817
20
-95.557116999999991
11
168.5622089999999957
21
-94.8567680000000024
0
LINE
8
BLACK
6
CONTINUOUS
10
168.5622089999999957
20
-94.8567680000000024
11
167.7257779999999912
21
-94.1274379999999979
0
LINE
8
BLACK
6
CONTINUOUS
10
167.7257779999999912
20
-94.1274379999999979
11
166.9147339999999815
21
-93.3699759999999941
0
LINE
8
BLACK
6
CONTINUOUS
10
166.9147339999999815
20
-93.3699759999999941
11
166.1300239999999917
21
-92.5852659999999901
0
LINE
8
BLACK
6
CONTINUOUS
10
166.1300239999999917
20
-92.5852659999999901
11
165.3725619999999878
21
-91.7742219999999946
0
LINE
8
BLACK
6
CONTINUOUS
10
165.3725619999999878
20
-91.7742219999999946
11
164.6432319999999834
21
-90.93779099999999
0
LINE
8
BLACK
6
CONTINUOUS
10
164.6432319999999834
20
-90.93779099999999
11
163.9428829999999948
21
-90.0769469999999899
0
LINE
8
BLACK
6
CONTINUOUS
10
163.9428829999999948
20
-90.0769469999999899
11
163.2723330000000033
21
-89.192694000000003
0
LINE
8
BLACK
6
CONTINUOUS
10
163.2723330000000033
20
-89.192694000000003
11
162.6323639999999955
21
-88.2860629999999986
0
LINE
8
BLACK
6
CONTINUOUS
10
162.6323639999999955
20
-88.2860629999999986
11
162.0237199999999973
21
-87.3581119999999913
0
LINE
8
BLACK
6
CONTINUOUS
10
162.0237199999999973
20
-87.3581119999999913
11
161.4471130000000016
21
-86.4099219999999946
0
LINE
8
BLACK
6
CONTINUOUS
10
161.4471130000000016
20
-86.4099219999999946
11
160.9032139999999913
21
-85.4425990000000013
0
LINE
8
BLACK
6
CONTINUOUS
10
160.9032139999999913
20
-85.4425990000000013
11
160.3926579999999831
21
-84.4572699999999941
0
LINE
8
BLACK
6
CONTINUOUS
10
160.3926579999999831
20
-84.4572699999999941
11
159.9160399999999811
21
-83.4550849999999969
0
LINE
8
BLACK
6
CONTINUOUS
10
159.9160399999999811
20
-83.4550849999999969
11
159.4739150000000052
21
-82.4372120000000024
0
LINE
8
BLACK
6
CONTINUOUS
10
159.4739150000000052
20
-82.4372120000000024
11
159.0668000000000006
21
-81.4048370000000006
0
LINE
8
BLACK
6
CONTINUOUS
10
159.0668000000000006
20
-81.4048370000000006
11
158.6951679999999953
21
-80.3591649999999902
0
LINE
8
BLACK
6
CONTINUOUS
10
158.6951679999999953
20
-80.3591649999999902
11
158.359453000000002
21
-79.3014149999999916
0
LINE
8
BLACK
6
CONTINUOUS
10
158.359453000000002
20
-79.3014149999999916
11
158.0600459999999998
21
-78.2328189999999921
0
LINE
8
BLACK
6
CONTINUOUS
10
158.0600459999999998
20
-78.2328189999999921
11
157.7972979999999836
21
-77.1546249999999958
0
LINE
8
BLACK
6
CONTINUOUS
10
157.7972979999999836
20
-77.1546249999999958
11
157.5715129999999817
21
-76.068088000000003
0
LINE
8
BLACK
6
CONTINUOUS
10
157.5715129999999817
20
-76.068088000000003
11
157.3829549999999813
21
-74.9744769999999932
0
LINE
8
BLACK
6
CONTINUOUS
10
157.3829549999999813
20
-74.9744769999999932
11
157.2318439999999953
21
-73.8750649999999922
0
LINE
8
BLACK
6
CONTINUOUS
10
157.2318439999999953
20
-73.8750649999999922
11
157.1183570000000032
21
-72.7711359999999985
0
LINE
8
BLACK
6
CONTINUOUS
10
157.1183570000000032
20
-72.7711359999999985
11
157.0426249999999868
21
-71.6639749999999935
0
LINE
8
BLACK
6
CONTINUOUS
10
157.0426249999999868
20
-71.6639749999999935
11
157.0047370000000058
21
-70.5548739999999981
0
LINE
8
BLACK
6
CONTINUOUS
10
157.0047370000000058
20
-70.5548739999999981
11
157.0047370000000058
21
-69.4555179999999979
0
LINE
8
BLACK
6
CONTINUOUS
10
157.0047370000000058
20
-69.4555179999999979
11
157.0047370000000058
21
-69.4451260000000019
0
LINE
8
BLACK
6
CONTINUOUS
10
157.0047370000000058
20
-69.4451260000000019
11
157.0426249999999868
21
-68.3360249999999922
0
LINE
8
BLACK
6
CONTINUOUS
10
157.0426249999999868
20
-68.3360249999999922
11
157.1183570000000032
21
-67.2288640000000015
0
LINE
8
BLACK
6
CONTINUOUS
10
157.1183570000000032
20
-67.2288640000000015
11
157.2318439999999953
21
-66.1249349999999936
0
LINE
8
BLACK
6
CONTINUOUS
10
157.2318439999999953
20
-66.1249349999999936
11
157.3829549999999813
21
-65.0255229999999926
0
LINE
8
BLACK
6
CONTINUOUS
10
157.3829549999999813
20
-65.0255229999999926
11
157.5715129999999817
21
-63.931911999999997
0
LINE
8
BLACK
6
CONTINUOUS
10
157.5715129999999817
20
-63.931911999999997
11
157.7972979999999836
21
-62.8453749999999971
0
LINE
8
BLACK
6
CONTINUOUS
10
157.7972979999999836
20
-62.8453749999999971
11
158.0600459999999998
21
-61.7671809999999937
0
LINE
8
BLACK
6
CONTINUOUS
10
158.0600459999999998
20
-61.7671809999999937
11
158.359453000000002
21
-60.6985849999999942
0
LINE
8
BLACK
6
CONTINUOUS
10
158.359453000000002
20
-60.6985849999999942
11
158.6951679999999953
21
-59.6408349999999956
0
LINE
8
BLACK
6
CONTINUOUS
10
158.6951679999999953
20
-59.6408349999999956
11
159.0668000000000006
21
-58.5951629999999994
0
LINE
8
BLACK
6
CONTINUOUS
10
159.0668000000000006
20
-58.5951629999999994
11
159.4739150000000052
21
-57.5627879999999976
0
LINE
8
BLACK
6
CONTINUOUS
10
159.4739150000000052
20
-57.5627879999999976
11
159.9160399999999811
21
-56.544914999999996
0
LINE
8
BLACK
6
CONTINUOUS
10
159.9160399999999811
20
-56.544914999999996
11
160.3926579999999831
21
-55.5427299999999988
0
LINE
8
BLACK
6
CONTINUOUS
10
160.3926579999999831
20
-55.5427299999999988
11
160.9032139999999913
21
-54.5574009999999987
0
LINE
8
BLACK
6
CONTINUOUS
10
160.9032139999999913
20
-54.5574009999999987
11
161.4471130000000016
21
-53.5900779999999983
0
LINE
8
BLACK
6
CONTINUOUS
10
161.4471130000000016
20
-53.5900779999999983
11
162.0237199999999973
21
-52.6418879999999945
0
LINE
8
BLACK
6
CONTINUOUS
10
162.0237199999999973
20
-52.6418879999999945
11
162.6323639999999955
21
-51.7139369999999943
0
LINE
8
BLACK
6
CONTINUOUS
10
162.6323639999999955
20
-51.7139369999999943
11
163.2723330000000033
21
-50.807305999999997
0
LINE
8
BLACK
6
CONTINUOUS
10
163.2723330000000033
20
-50.807305999999997
11
163.9428829999999948
21
-49.9230529999999959
0
LINE
8
BLACK
6
CONTINUOUS
10
163.9428829999999948
20
-49.9230529999999959
11
164.6432319999999834
21
-49.0622089999999957
0
LINE
8
BLACK
6
CONTINUOUS
10
164.6432319999999834
20
-49.0622089999999957
11
165.3725619999999878
21
-48.2257779999999983
0
LINE
8
BLACK
6
CONTINUOUS
10
165.3725619999999878
20
-48.2257779999999983
11
166.1300239999999917
21
-47.4147339999999957
0
LINE
8
BLACK
6
CONTINUOUS
10
166.1300239999999917
20
-47.4147339999999957
11
166.9147339999999815
21
-46.6300239999999988
0
LINE
8
BLACK
6
CONTINUOUS
10
166.9147339999999815
20
-46.6300239999999988
11
167.7257779999999912
21
-45.872561999999995
0
LINE
8
BLACK
6
CONTINUOUS
10
167.7257779999999912
20
-45.872561999999995
11
168.5622089999999957
21
-45.1432319999999976
0
LINE
8
BLACK
6
CONTINUOUS
10
168.5622089999999957
20
-45.1432319999999976
11
169.4230529999999817
21
-44.4428829999999948
0
LINE
8
BLACK
6
CONTINUOUS
10
169.4230529999999817
20
-44.4428829999999948
11
170.3073059999999828
21
-43.7723329999999962
0
LINE
8
BLACK
6
CONTINUOUS
10
170.3073059999999828
20
-43.7723329999999962
11
171.2139369999999872
21
-43.1323639999999955
0
LINE
8
BLACK
6
CONTINUOUS
10
171.2139369999999872
20
-43.1323639999999955
11
172.1418879999999945
21
-42.5237199999999973
0
LINE
8
BLACK
6
CONTINUOUS
10
172.1418879999999945
20
-42.5237199999999973
11
173.0900780000000054
21
-41.9471130000000016
0
LINE
8
BLACK
6
CONTINUOUS
10
173.0900780000000054
20
-41.9471130000000016
11
174.0574009999999987
21
-41.4032139999999984
0
LINE
8
BLACK
6
CONTINUOUS
10
174.0574009999999987
20
-41.4032139999999984
11
175.0427300000000059
21
-40.8926579999999973
0
LINE
8
BLACK
6
CONTINUOUS
10
175.0427300000000059
20
-40.8926579999999973
11
176.0449150000000031
21
-40.4160399999999953
0
LINE
8
BLACK
6
CONTINUOUS
10
176.0449150000000031
20
-40.4160399999999953
11
177.0627879999999834
21
-39.9739149999999981
0
LINE
8
BLACK
6
CONTINUOUS
10
177.0627879999999834
20
-39.9739149999999981
11
178.0951629999999852
21
-39.5668000000000006
0
LINE
8
BLACK
6
CONTINUOUS
10
178.0951629999999852
20
-39.5668000000000006
11
179.1408349999999814
21
-39.1951679999999953
0
LINE
8
BLACK
6
CONTINUOUS
10
179.1408349999999814
20
-39.1951679999999953
11
180.19858499999998
21
-38.8594529999999949
0
LINE
8
BLACK
6
CONTINUOUS
10
180.19858499999998
20
-38.8594529999999949
11
181.2671809999999937
21
-38.5600459999999998
0
LINE
8
BLACK
6
CONTINUOUS
10
181.2671809999999937
20
-38.5600459999999998
11
182.34537499999999
21
-38.2972979999999978
0
LINE
8
BLACK
6
CONTINUOUS
10
182.34537499999999
20
-38.2972979999999978
11
183.4319119999999828
21
-38.0715129999999959
0
LINE
8
BLACK
6
CONTINUOUS
10
183.4319119999999828
20
-38.0715129999999959
11
184.5255229999999926
21
-37.8829549999999955
0
LINE
8
BLACK
6
CONTINUOUS
10
184.5255229999999926
20
-37.8829549999999955
11
185.6249349999999936
21
-37.7318439999999953
0
LINE
8
BLACK
6
CONTINUOUS
10
185.6249349999999936
20
-37.7318439999999953
11
186.7288639999999873
21
-37.618356999999996
0
LINE
8
BLACK
6
CONTINUOUS
10
186.7288639999999873
20
-37.618356999999996
11
187.836024999999978
21
-37.542625000000001
0
LINE
8
BLACK
6
CONTINUOUS
10
187.836024999999978
20
-37.542625000000001
11
188.9451259999999877
21
-37.5047369999999987
0
LINE
8
BLACK
6
CONTINUOUS
10
188.9451259999999877
20
-37.5047369999999987
11
189.4208260000000053
21
-37.5047369999999987
0
LINE
8
BLACK
6
CONTINUOUS
10
189.4208260000000053
20
-37.5047369999999987
11
189.4264869999999803
21
-37.5036109999999994
0
LINE
8
BLACK
6
CONTINUOUS
10
189.4264869999999803
20
-37.5036109999999994
11
189.5735129999999913
21
-37.5036109999999994
0
LINE
8
BLACK
6
CONTINUOUS
10
189.5735129999999913
20
-37.5036109999999994
11
189.5791739999999947
21
-37.5047369999999987
0
LINE
8
BLACK
6
CONTINUOUS
10
159.
20
-69.6160830000000033
11
159.067986999999988
21
-69.406841
0
LINE
8
BLACK
6
CONTINUOUS
10
159.067986999999988
20
-69.406841
11
159.1784079999999904
21
-69.1901270000000039
0
LINE
8
BLACK
6
CONTINUOUS
10
159.1784079999999904
20
-69.1901270000000039
11
159.3213709999999992
21
-68.9933559999999915
0
LINE
8
BLACK
6
CONTINUOUS
10
159.3213709999999992
20
-68.9933559999999915
11
159.4933560000000057
21
-68.8213709999999992
0
LINE
8
BLACK
6
CONTINUOUS
10
159.4933560000000057
20
-68.8213709999999992
11
159.6901269999999897
21
-68.6784079999999904
0
LINE
8
BLACK
6
CONTINUOUS
10
159.6901269999999897
20
-68.6784079999999904
11
159.9068409999999858
21
-68.5679870000000022
0
LINE
8
BLACK
6
CONTINUOUS
10
159.9068409999999858
20
-68.5679870000000022
11
160.1381599999999992
21
-68.4928269999999912
0
LINE
8
BLACK
6
CONTINUOUS
10
160.1381599999999992
20
-68.4928269999999912
11
160.3783880000000011
21
-68.4547779999999904
0
LINE
8
BLACK
6
CONTINUOUS
10
160.3783880000000011
20
-68.4547779999999904
11
160.6216119999999989
21
-68.4547779999999904
0
LINE
8
BLACK
6
CONTINUOUS
10
160.6216119999999989
20
-68.4547779999999904
11
160.8618400000000008
21
-68.4928269999999912
0
LINE
8
BLACK
6
CONTINUOUS
10
160.8618400000000008
20
-68.4928269999999912
11
161.0931589999999858
21
-68.5679870000000022
0
LINE
8
BLACK
6
CONTINUOUS
10
161.0931589999999858
20
-68.5679870000000022
11
161.3098729999999819
21
-68.6784079999999904
0
LINE
8
BLACK
6
CONTINUOUS
10
161.3098729999999819
20
-68.6784079999999904
11
161.5066439999999943
21
-68.8213709999999992
0
LINE
8
BLACK
6
CONTINUOUS
10
161.5066439999999943
20
-68.8213709999999992
11
161.6786290000000008
21
-68.9933559999999915
0
LINE
8
BLACK
6
CONTINUOUS
10
161.6786290000000008
20
-68.9933559999999915
11
161.8215919999999812
21
-69.1901270000000039
0
LINE
8
BLACK
6
CONTINUOUS
10
161.8215919999999812
20
-69.1901270000000039
11
161.9320129999999835
21
-69.406841
0
LINE
8
BLACK
6
CONTINUOUS
10
161.9320129999999835
20
-69.406841
11
162.0071729999999945
21
-69.6381599999999992
0
LINE
8
BLACK
6
CONTINUOUS
10
162.0071729999999945
20
-69.6381599999999992
11
162.0452219999999954
21
-69.8783880000000011
0
LINE
8
BLACK
6
CONTINUOUS
10
162.0452219999999954
20
-69.8783880000000011
11
162.0452219999999954
21
-70.1216119999999989
0
LINE
8
BLACK
6
CONTINUOUS
10
162.0452219999999954
20
-70.1216119999999989
11
162.0071729999999945
21
-70.3618400000000008
0
LINE
8
BLACK
6
CONTINUOUS
10
162.0071729999999945
20
-70.3618400000000008
11
161.9320129999999835
21
-70.593159
0
LINE
8
BLACK
6
CONTINUOUS
10
161.9320129999999835
20
-70.593159
11
161.8215919999999812
21
-70.8098729999999961
0
LINE
8
BLACK
6
CONTINUOUS
10
161.8215919999999812
20
-70.8098729999999961
11
161.6786290000000008
21
-71.0066439999999943
0
LINE
8
BLACK
6
CONTINUOUS
10
161.6786290000000008
20
-71.0066439999999943
11
161.5066439999999943
21
-71.1786290000000008
0
LINE
8
BLACK
6
CONTINUOUS
10
161.5066439999999943
20
-71.1786290000000008
11
161.3098729999999819
21
-71.3215919999999954
0
LINE
8
BLACK
6
CONTINUOUS
10
161.3098729999999819
20
-71.3215919999999954
11
161.0931589999999858
21
-71.4320129999999978
0
LINE
8
BLACK
6
CONTINUOUS
10
161.0931589999999858
20
-71.4320129999999978
11
160.8618400000000008
21
-71.5071729999999945
0
LINE
8
BLACK
6
CONTINUOUS
10
160.8618400000000008
20
-71.5071729999999945
11
160.6216119999999989
21
-71.5452219999999954
0
LINE
8
BLACK
6
CONTINUOUS
10
160.6216119999999989
20
-71.5452219999999954
11
160.3783880000000011
21
-71.5452219999999954
0
LINE
8
BLACK
6
CONTINUOUS
10
160.3783880000000011
20
-71.5452219999999954
11
160.1381599999999992
21
-71.5071729999999945
0
LINE
8
BLACK
6
CONTINUOUS
10
160.1381599999999992
20
-71.5071729999999945
11
159.9068409999999858
21
-71.4320129999999978
0
LINE
8
BLACK
6
CONTINUOUS
10
159.9068409999999858
20
-71.4320129999999978
11
159.6901269999999897
21
-71.3215919999999954
0
LINE
8
BLACK
6
CONTINUOUS
10
159.6901269999999897
20
-71.3215919999999954
11
159.4933560000000057
21
-71.1786290000000008
0
LINE
8
BLACK
6
CONTINUOUS
10
159.4933560000000057
20
-71.1786290000000008
11
159.3213709999999992
21
-71.0066439999999943
0
LINE
8
BLACK
6
CONTINUOUS
10
159.3213709999999992
20
-71.0066439999999943
11
159.1784079999999904
21
-70.8098729999999961
0
LINE
8
BLACK
6
CONTINUOUS
10
159.1784079999999904
20
-70.8098729999999961
11
159.067986999999988
21
-70.593159
0
LINE
8
BLACK
6
CONTINUOUS
10
159.067986999999988
20
-70.593159
11
159.
21
-70.3839159999999993
0
LINE
8
BLACK
6
CONTINUOUS
10
159.
20
-70.3839159999999993
11
159.
21
-70.5444820000000021
0
LINE
8
BLACK
6
CONTINUOUS
10
159.
20
-70.5444820000000021
11
159.038866999999982
21
-71.632750999999999
0
LINE
8
BLACK
6
CONTINUOUS
10
159.038866999999982
20
-71.632750999999999
11
159.1165529999999819
21
-72.7189389999999918
0
LINE
8
BLACK
6
CONTINUOUS
10
159.1165529999999819
20
-72.7189389999999918
11
159.2329579999999964
21
-73.8016629999999907
0
LINE
8
BLACK
6
CONTINUOUS
10
159.2329579999999964
20
-73.8016629999999907
11
159.3879330000000039
21
-74.8795420000000007
0
LINE
8
BLACK
6
CONTINUOUS
10
159.3879330000000039
20
-74.8795420000000007
11
159.5812819999999874
21
-75.9512029999999925
0
LINE
8
BLACK
6
CONTINUOUS
10
159.5812819999999874
20
-75.9512029999999925
11
159.8127580000000023
21
-77.01527999999999
0
LINE
8
BLACK
6
CONTINUOUS
10
159.8127580000000023
20
-77.01527999999999
11
160.0820659999999975
21
-78.070416999999992
0
LINE
8
BLACK
6
CONTINUOUS
10
160.0820659999999975
20
-78.070416999999992
11
160.3888619999999889
21
-79.1152689999999978
0
LINE
8
BLACK
6
CONTINUOUS
10
160.3888619999999889
20
-79.1152689999999978
11
160.7327559999999949
21
-80.1485059999999976
0
LINE
8
BLACK
6
CONTINUOUS
10
160.7327559999999949
20
-80.1485059999999976
11
161.1133099999999843
21
-81.168808999999996
0
LINE
8
BLACK
6
CONTINUOUS
10
161.1133099999999843
20
-81.168808999999996
11
161.5300379999999905
21
-82.1748800000000017
0
LINE
8
BLACK
6
CONTINUOUS
10
161.5300379999999905
20
-82.1748800000000017
11
161.9824099999999873
21
-83.1654359999999997
0
LINE
8
BLACK
6
CONTINUOUS
10
161.9824099999999873
20
-83.1654359999999997
11
162.4698479999999847
21
-84.1392139999999955
0
LINE
8
BLACK
6
CONTINUOUS
10
162.4698479999999847
20
-84.1392139999999955
11
162.9917329999999822
21
-85.0949739999999935
0
LINE
8
BLACK
6
CONTINUOUS
10
162.9917329999999822
20
-85.0949739999999935
11
163.547397999999987
21
-86.0314979999999991
0
LINE
8
BLACK
6
CONTINUOUS
10
163.547397999999987
20
-86.0314979999999991
11
164.1361359999999934
21
-86.9475920000000002
0
LINE
8
BLACK
6
CONTINUOUS
10
164.1361359999999934
20
-86.9475920000000002
11
164.7571959999999933
21
-87.8420890000000014
0
LINE
8
BLACK
6
CONTINUOUS
10
164.7571959999999933
20
-87.8420890000000014
11
165.4097869999999944
21
-88.7138489999999962
0
LINE
8
BLACK
6
CONTINUOUS
10
165.4097869999999944
20
-88.7138489999999962
11
166.0930779999999913
21
-89.56176099999999
0
LINE
8
BLACK
6
CONTINUOUS
10
166.0930779999999913
20
-89.56176099999999
11
166.8061969999999974
21
-90.3847439999999978
0
LINE
8
BLACK
6
CONTINUOUS
10
166.8061969999999974
20
-90.3847439999999978
11
167.5482360000000028
21
-91.1817499999999939
0
LINE
8
BLACK
6
CONTINUOUS
10
167.5482360000000028
20
-91.1817499999999939
11
168.3182500000000061
21
-91.9517639999999972
0
LINE
8
BLACK
6
CONTINUOUS
10
168.3182500000000061
20
-91.9517639999999972
11
169.115255999999988
21
-92.6938030000000026
0
LINE
8
BLACK
6
CONTINUOUS
10
169.115255999999988
20
-92.6938030000000026
11
169.9302509999999984
21
-93.3999999999999915
0
LINE
8
BLACK
6
CONTINUOUS
10
169.9302509999999984
20
-93.3999999999999915
11
199.9585779999999886
21
-93.3999999999999915
0
LINE
8
BLACK
6
CONTINUOUS
10
199.9585779999999886
20
-93.3999999999999915
11
203.4292889999999829
21
-89.9292889999999971
0
LINE
8
BLACK
6
CONTINUOUS
10
203.4292889999999829
20
-89.9292889999999971
11
203.4843569999999886
21
-89.9012309999999957
0
LINE
8
BLACK
6
CONTINUOUS
10
203.4843569999999886
20
-89.9012309999999957
11
203.485857999999979
21
-89.9010049999999978
0
LINE
8
BLACK
6
CONTINUOUS
10
203.485857999999979
20
-89.9010049999999978
11
210.3999999999999773
21
-88.9132699999999971
0
LINE
8
BLACK
6
CONTINUOUS
10
210.3999999999999773
20
-88.9132699999999971
11
210.3999999999999773
21
-86.5
0
LINE
8
BLACK
6
CONTINUOUS
10
210.3999999999999773
20
-86.5
11
210.4190979999999911
21
-86.4412209999999988
0
LINE
8
BLACK
6
CONTINUOUS
10
210.4190979999999911
20
-86.4412209999999988
11
210.4551569999999856
21
-86.4150219999999933
0
LINE
8
BLACK
6
CONTINUOUS
10
210.4551569999999856
20
-86.4150219999999933
11
210.4844479999999862
21
-86.2677719999999937
0
LINE
8
BLACK
6
CONTINUOUS
10
210.4844479999999862
20
-86.2677719999999937
11
210.544462999999979
21
-86.1228830000000016
0
LINE
8
BLACK
6
CONTINUOUS
10
210.544462999999979
20
-86.1228830000000016
11
210.6315919999999835
21
-85.9924850000000021
0
LINE
8
BLACK
6
CONTINUOUS
10
210.6315919999999835
20
-85.9924850000000021
11
210.7424849999999878
21
-85.8815919999999977
0
LINE
8
BLACK
6
CONTINUOUS
10
210.7424849999999878
20
-85.8815919999999977
11
210.8728830000000016
21
-85.7944629999999933
0
LINE
8
BLACK
6
CONTINUOUS
10
210.8728830000000016
20
-85.7944629999999933
11
211.0177719999999795
21
-85.7344480000000004
0
LINE
8
BLACK
6
CONTINUOUS
10
211.0177719999999795
20
-85.7344480000000004
11
211.1715859999999907
21
-85.7038519999999977
0
LINE
8
BLACK
6
CONTINUOUS
10
211.1715859999999907
20
-85.7038519999999977
11
211.25
21
-85.7000000000000028
0
LINE
8
BLACK
6
CONTINUOUS
10
211.25
20
-85.7000000000000028
11
212.668629999999979
21
-85.7000000000000028
0
LINE
8
BLACK
6
CONTINUOUS
10
212.668629999999979
20
-85.7000000000000028
11
214.25
21
-84.1186289999999985
0
LINE
8
BLACK
6
CONTINUOUS
10
214.25
20
-84.1186289999999985
11
214.25
21
-80.5
0
LINE
8
BLACK
6
CONTINUOUS
10
214.25
20
-80.5
11
214.2548149999999794
21
-80.4019830000000013
0
LINE
8
BLACK
6
CONTINUOUS
10
214.2548149999999794
20
-80.4019830000000013
11
214.293059999999997
21
-80.2097150000000028
0
LINE
8
BLACK
6
CONTINUOUS
10
214.293059999999997
20
-80.2097150000000028
11
214.3680789999999945
21
-80.0286029999999897
0
LINE
8
BLACK
6
CONTINUOUS
10
214.3680789999999945
20
-80.0286029999999897
11
214.4769900000000007
21
-79.8656069999999971
0
LINE
8
BLACK
6
CONTINUOUS
10
214.4769900000000007
20
-79.8656069999999971
11
214.6156069999999829
21
-79.7269900000000007
0
LINE
8
BLACK
6
CONTINUOUS
10
214.6156069999999829
20
-79.7269900000000007
11
214.7786030000000039
21
-79.6180789999999945
0
LINE
8
BLACK
6
CONTINUOUS
10
214.7786030000000039
20
-79.6180789999999945
11
214.7999999999999829
21
-79.6092159999999893
0
LINE
8
BLACK
6
CONTINUOUS
10
214.7999999999999829
20
-79.6092159999999893
11
214.7999999999999829
21
-73.5
0
LINE
8
BLACK
6
CONTINUOUS
10
214.7999999999999829
20
-73.5
11
214.8048149999999907
21
-73.4019830000000013
0
LINE
8
BLACK
6
CONTINUOUS
10
214.8048149999999907
20
-73.4019830000000013
11
214.8430599999999799
21
-73.2097150000000028
0
LINE
8
BLACK
6
CONTINUOUS
10
214.8430599999999799
20
-73.2097150000000028
11
214.9180789999999774
21
-73.0286029999999897
0
LINE
8
BLACK
6
CONTINUOUS
10
214.9180789999999774
20
-73.0286029999999897
11
215.0269899999999836
21
-72.8656069999999971
0
LINE
8
BLACK
6
CONTINUOUS
10
215.0269899999999836
20
-72.8656069999999971
11
215.1656069999999943
21
-72.7269900000000007
0
LINE
8
BLACK
6
CONTINUOUS
10
215.1656069999999943
20
-72.7269900000000007
11
215.3286029999999869
21
-72.6180789999999945
0
LINE
8
BLACK
6
CONTINUOUS
10
215.3286029999999869
20
-72.6180789999999945
11
215.5097149999999999
21
-72.543059999999997
0
LINE
8
BLACK
6
CONTINUOUS
10
215.5097149999999999
20
-72.543059999999997
11
215.7019829999999843
21
-72.5048149999999936
0
LINE
8
BLACK
6
CONTINUOUS
10
215.7019829999999843
20
-72.5048149999999936
11
215.7999999999999829
21
-72.5
0
LINE
8
BLACK
6
CONTINUOUS
10
215.7999999999999829
20
-72.5
11
219.8991059999999891
21
-72.5
0
LINE
8
BLACK
6
CONTINUOUS
10
219.8991059999999891
20
-72.5
11
219.9611329999999896
21
-71.632750999999999
0
LINE
8
BLACK
6
CONTINUOUS
10
219.9611329999999896
20
-71.632750999999999
11
220.
21
-70.5444820000000021
0
LINE
8
BLACK
6
CONTINUOUS
10
220.
20
-70.5444820000000021
11
220.
21
-70.5377999999999901
0
LINE
8
BLACK
6
CONTINUOUS
10
220.
20
-70.5377999999999901
11
219.9820129999999949
21
-70.593159
0
LINE
8
BLACK
6
CONTINUOUS
10
219.9820129999999949
20
-70.593159
11
219.8715919999999926
21
-70.8098729999999961
0
LINE
8
BLACK
6
CONTINUOUS
10
219.8715919999999926
20
-70.8098729999999961
11
219.7286289999999838
21
-71.0066439999999943
0
LINE
8
BLACK
6
CONTINUOUS
10
219.7286289999999838
20
-71.0066439999999943
11
219.5566439999999773
21
-71.1786290000000008
0
LINE
8
BLACK
6
CONTINUOUS
10
219.5566439999999773
20
-71.1786290000000008
11
219.3598729999999932
21
-71.3215919999999954
0
LINE
8
BLACK
6
CONTINUOUS
10
219.3598729999999932
20
-71.3215919999999954
11
219.1431589999999971
21
-71.4320129999999978
0
LINE
8
BLACK
6
CONTINUOUS
10
219.1431589999999971
20
-71.4320129999999978
11
218.9118399999999838
21
-71.5071729999999945
0
LINE
8
BLACK
6
CONTINUOUS
10
218.9118399999999838
20
-71.5071729999999945
11
218.6716119999999819
21
-71.5452219999999954
0
LINE
8
BLACK
6
CONTINUOUS
10
218.6716119999999819
20
-71.5452219999999954
11
218.428387999999984
21
-71.5452219999999954
0
LINE
8
BLACK
6
CONTINUOUS
10
218.428387999999984
20
-71.5452219999999954
11
218.1881599999999821
21
-71.5071729999999945
0
LINE
8
BLACK
6
CONTINUOUS
10
218.1881599999999821
20
-71.5071729999999945
11
217.9568409999999972
21
-71.4320129999999978
0
LINE
8
BLACK
6
CONTINUOUS
10
217.9568409999999972
20
-71.4320129999999978
11
217.7401270000000011
21
-71.3215919999999954
0
LINE
8
BLACK
6
CONTINUOUS
10
217.7401270000000011
20
-71.3215919999999954
11
217.5433559999999886
21
-71.1786290000000008
0
LINE
8
BLACK
6
CONTINUOUS
10
217.5433559999999886
20
-71.1786290000000008
11
217.3713709999999821
21
-71.0066439999999943
0
LINE
8
BLACK
6
CONTINUOUS
10
217.3713709999999821
20
-71.0066439999999943
11
217.2284080000000017
21
-70.8098729999999961
0
LINE
8
BLACK
6
CONTINUOUS
10
217.2284080000000017
20
-70.8098729999999961
11
217.1179869999999994
21
-70.593159
0
LINE
8
BLACK
6
CONTINUOUS
10
217.1179869999999994
20
-70.593159
11
217.0428269999999884
21
-70.3618400000000008
0
LINE
8
BLACK
6
CONTINUOUS
10
217.0428269999999884
20
-70.3618400000000008
11
217.0047779999999875
21
-70.1216119999999989
0
LINE
8
BLACK
6
CONTINUOUS
10
217.0047779999999875
20
-70.1216119999999989
11
217.0047779999999875
21
-69.8783880000000011
0
LINE
8
BLACK
6
CONTINUOUS
10
217.0047779999999875
20
-69.8783880000000011
11
217.0428269999999884
21
-69.6381599999999992
0
LINE
8
BLACK
6
CONTINUOUS
10
217.0428269999999884
20
-69.6381599999999992
11
217.1179869999999994
21
-69.406841
0
LINE
8
BLACK
6
CONTINUOUS
10
217.1179869999999994
20
-69.406841
11
217.2284080000000017
21
-69.1901270000000039
0
LINE
8
BLACK
6
CONTINUOUS
10
217.2284080000000017
20
-69.1901270000000039
11
217.3713709999999821
21
-68.9933559999999915
0
LINE
8
BLACK
6
CONTINUOUS
10
217.3713709999999821
20
-68.9933559999999915
11
217.5433559999999886
21
-68.8213709999999992
0
LINE
8
BLACK
6
CONTINUOUS
10
217.5433559999999886
20
-68.8213709999999992
11
217.7401270000000011
21
-68.6784079999999904
0
LINE
8
BLACK
6
CONTINUOUS
10
217.7401270000000011
20
-68.6784079999999904
11
217.9568409999999972
21
-68.5679870000000022
0
LINE
8
BLACK
6
CONTINUOUS
10
217.9568409999999972
20
-68.5679870000000022
11
218.1881599999999821
21
-68.4928269999999912
0
LINE
8
BLACK
6
CONTINUOUS
10
218.1881599999999821
20
-68.4928269999999912
11
218.428387999999984
21
-68.4547779999999904
0
LINE
8
BLACK
6
CONTINUOUS
10
218.428387999999984
20
-68.4547779999999904
11
218.6716119999999819
21
-68.4547779999999904
0
LINE
8
BLACK
6
CONTINUOUS
10
218.6716119999999819
20
-68.4547779999999904
11
218.9118399999999838
21
-68.4928269999999912
0
LINE
8
BLACK
6
CONTINUOUS
10
218.9118399999999838
20
-68.4928269999999912
11
219.1431589999999971
21
-68.5679870000000022
0
LINE
8
BLACK
6
CONTINUOUS
10
219.1431589999999971
20
-68.5679870000000022
11
219.3598729999999932
21
-68.6784079999999904
0
LINE
8
BLACK
6
CONTINUOUS
10
219.3598729999999932
20
-68.6784079999999904
11
219.5566439999999773
21
-68.8213709999999992
0
LINE
8
BLACK
6
CONTINUOUS
10
219.5566439999999773
20
-68.8213709999999992
11
219.7286289999999838
21
-68.9933559999999915
0
LINE
8
BLACK
6
CONTINUOUS
10
219.7286289999999838
20
-68.9933559999999915
11
219.8715919999999926
21
-69.1901270000000039
0
LINE
8
BLACK
6
CONTINUOUS
10
219.8715919999999926
20
-69.1901270000000039
11
219.9820129999999949
21
-69.406841
0
LINE
8
BLACK
6
CONTINUOUS
10
219.9820129999999949
20
-69.406841
11
220.
21
-69.4621989999999983
0
LINE
8
BLACK
6
CONTINUOUS
10
220.
20
-69.4621989999999983
11
220.
21
-69.4555179999999979
0
LINE
8
BLACK
6
CONTINUOUS
10
220.
20
-69.4555179999999979
11
219.9611329999999896
21
-68.367249000000001
0
LINE
8
BLACK
6
CONTINUOUS
10
219.9611329999999896
20
-68.367249000000001
11
219.8834469999999897
21
-67.281060999999994
0
LINE
8
BLACK
6
CONTINUOUS
10
219.8834469999999897
20
-67.281060999999994
11
219.7670420000000036
21
-66.1983369999999951
0
LINE
8
BLACK
6
CONTINUOUS
10
219.7670420000000036
20
-66.1983369999999951
11
219.6120669999999961
21
-65.1204579999999993
0
LINE
8
BLACK
6
CONTINUOUS
10
219.6120669999999961
20
-65.1204579999999993
11
219.4187179999999842
21
-64.0487969999999933
0
LINE
8
BLACK
6
CONTINUOUS
10
219.4187179999999842
20
-64.0487969999999933
11
219.1872419999999977
21
-62.9847199999999958
0
LINE
8
BLACK
6
CONTINUOUS
10
219.1872419999999977
20
-62.9847199999999958
11
218.9179340000000025
21
-61.9295829999999938
0
LINE
8
BLACK
6
CONTINUOUS
10
218.9179340000000025
20
-61.9295829999999938
11
218.6111379999999826
21
-60.884730999999995
0
LINE
8
BLACK
6
CONTINUOUS
10
218.6111379999999826
20
-60.884730999999995
11
218.2672439999999767
21
-59.8514939999999953
0
LINE
8
BLACK
6
CONTINUOUS
10
218.2672439999999767
20
-59.8514939999999953
11
217.8866899999999873
21
-58.8311909999999969
0
LINE
8
BLACK
6
CONTINUOUS
10
217.8866899999999873
20
-58.8311909999999969
11
217.4699619999999811
21
-57.8251199999999983
0
LINE
8
BLACK
6
CONTINUOUS
10
217.4699619999999811
20
-57.8251199999999983
11
217.0175899999999842
21
-56.8345640000000003
0
LINE
8
BLACK
6
CONTINUOUS
10
217.0175899999999842
20
-56.8345640000000003
11
216.5301519999999869
21
-55.8607859999999974
0
LINE
8
BLACK
6
CONTINUOUS
10
216.5301519999999869
20
-55.8607859999999974
11
216.0082669999999894
21
-54.9050259999999994
0
LINE
8
BLACK
6
CONTINUOUS
10
216.0082669999999894
20
-54.9050259999999994
11
215.4526019999999846
21
-53.9685020000000009
0
LINE
8
BLACK
6
CONTINUOUS
10
215.4526019999999846
20
-53.9685020000000009
11
215.3764449999999897
21
-53.8499999999999943
0
LINE
8
BLACK
6
CONTINUOUS
10
215.3764449999999897
20
-53.8499999999999943
11
212.5
21
-53.8499999999999943
0
LINE
8
BLACK
6
CONTINUOUS
10
212.5
20
-53.8499999999999943
11
212.4166850000000011
21
-53.8459069999999969
0
LINE
8
BLACK
6
CONTINUOUS
10
212.4166850000000011
20
-53.8459069999999969
11
212.3899999999999864
21
-53.840598
0
LINE
8
BLACK
6
CONTINUOUS
10
212.3899999999999864
20
-53.840598
11
212.3899999999999864
21
-53.8499999999999943
0
LINE
8
BLACK
6
CONTINUOUS
10
212.3899999999999864
20
-53.8499999999999943
11
210.6899999999999977
21
-53.8499999999999943
0
LINE
8
BLACK
6
CONTINUOUS
10
210.6899999999999977
20
-53.8499999999999943
11
210.6899999999999977
21
-52.1499999999999986
0
LINE
8
BLACK
6
CONTINUOUS
10
210.6899999999999977
20
-52.1499999999999986
11
212.3899999999999864
21
-52.1499999999999986
0
LINE
8
BLACK
6
CONTINUOUS
10
212.3899999999999864
20
-52.1499999999999986
11
212.3899999999999864
21
-52.1594009999999955
0
LINE
8
BLACK
6
CONTINUOUS
10
212.3899999999999864
20
-52.1594009999999955
11
212.4166850000000011
21
-52.154092999999996
0
LINE
8
BLACK
6
CONTINUOUS
10
212.4166850000000011
20
-52.154092999999996
11
212.5
21
-52.1499999999999986
0
LINE
8
BLACK
6
CONTINUOUS
10
212.5
20
-52.1499999999999986
11
214.2368819999999801
21
-52.1499999999999986
0
LINE
8
BLACK
6
CONTINUOUS
10
214.2368819999999801
20
-52.1499999999999986
11
213.5902129999999772
21
-51.2861509999999967
0
LINE
8
BLACK
6
CONTINUOUS
10
213.5902129999999772
20
-51.2861509999999967
11
212.9069219999999802
21
-50.4382389999999958
0
LINE
8
BLACK
6
CONTINUOUS
10
212.9069219999999802
20
-50.4382389999999958
11
212.1938030000000026
21
-49.6152559999999951
0
LINE
8
BLACK
6
CONTINUOUS
10
212.1938030000000026
20
-49.6152559999999951
11
211.4517639999999972
21
-48.818249999999999
0
LINE
8
BLACK
6
CONTINUOUS
10
211.4517639999999972
20
-48.818249999999999
11
210.6817499999999939
21
-48.0482359999999957
0
LINE
8
BLACK
6
CONTINUOUS
10
210.6817499999999939
20
-48.0482359999999957
11
209.8847439999999835
21
-47.3061969999999974
0
LINE
8
BLACK
6
CONTINUOUS
10
209.8847439999999835
20
-47.3061969999999974
11
209.06176099999999
21
-46.5930779999999984
0
LINE
8
BLACK
6
CONTINUOUS
10
209.06176099999999
20
-46.5930779999999984
11
208.213848999999982
21
-45.9097870000000015
0
LINE
8
BLACK
6
CONTINUOUS
10
208.213848999999982
20
-45.9097870000000015
11
207.3420889999999872
21
-45.2571960000000004
0
LINE
8
BLACK
6
CONTINUOUS
10
207.3420889999999872
20
-45.2571960000000004
11
206.447591999999986
21
-44.6361360000000005
0
LINE
8
BLACK
6
CONTINUOUS
10
206.447591999999986
20
-44.6361360000000005
11
205.5314979999999991
21
-44.0473980000000012
0
LINE
8
BLACK
6
CONTINUOUS
10
205.5314979999999991
20
-44.0473980000000012
11
204.5949739999999792
21
-43.4917329999999964
0
LINE
8
BLACK
6
CONTINUOUS
10
204.5949739999999792
20
-43.4917329999999964
11
203.6392139999999813
21
-42.9698479999999989
0
LINE
8
BLACK
6
CONTINUOUS
10
203.6392139999999813
20
-42.9698479999999989
11
202.6654359999999997
21
-42.4824100000000016
0
LINE
8
BLACK
6
CONTINUOUS
10
202.6654359999999997
20
-42.4824100000000016
11
201.6748800000000017
21
-42.0300379999999976
0
LINE
8
BLACK
6
CONTINUOUS
10
201.6748800000000017
20
-42.0300379999999976
11
200.6688089999999818
21
-41.6133099999999985
0
LINE
8
BLACK
6
CONTINUOUS
10
200.6688089999999818
20
-41.6133099999999985
11
199.6485059999999976
21
-41.2327559999999949
0
LINE
8
BLACK
6
CONTINUOUS
10
199.6485059999999976
20
-41.2327559999999949
11
198.6152689999999836
21
-40.888861999999996
0
LINE
8
BLACK
6
CONTINUOUS
10
198.6152689999999836
20
-40.888861999999996
11
197.570416999999992
21
-40.5820659999999975
0
LINE
8
BLACK
6
CONTINUOUS
10
197.570416999999992
20
-40.5820659999999975
11
196.51527999999999
21
-40.3127579999999952
0
LINE
8
BLACK
6
CONTINUOUS
10
196.51527999999999
20
-40.3127579999999952
11
195.4512029999999925
21
-40.0812820000000016
0
LINE
8
BLACK
6
CONTINUOUS
10
195.4512029999999925
20
-40.0812820000000016
11
194.3795419999999865
21
-39.8879329999999968
0
LINE
8
BLACK
6
CONTINUOUS
10
194.3795419999999865
20
-39.8879329999999968
11
193.8969779999999901
21
-39.8185509999999994
0
LINE
8
BLACK
6
CONTINUOUS
10
193.8969779999999901
20
-39.8185509999999994
11
196.9142129999999895
21
-42.8357859999999988
0
LINE
8
BLACK
6
CONTINUOUS
10
196.9142129999999895
20
-42.8357859999999988
11
197.0036639999999863
21
-42.9312919999999991
0
LINE
8
BLACK
6
CONTINUOUS
10
197.0036639999999863
20
-42.9312919999999991
11
197.0036800000000028
21
-42.9313080000000014
0
LINE
8
BLACK
6
CONTINUOUS
10
197.0036800000000028
20
-42.9313080000000014
11
197.0612289999999973
21
-43.0063079999999971
0
LINE
8
BLACK
6
CONTINUOUS
10
197.0612289999999973
20
-43.0063079999999971
11
197.1629399999999919
21
-43.1388589999999965
0
LINE
8
BLACK
6
CONTINUOUS
10
197.1629399999999919
20
-43.1388589999999965
11
197.2937450000000013
21
-43.3654229999999998
0
LINE
8
BLACK
6
CONTINUOUS
10
197.2937450000000013
20
-43.3654229999999998
11
197.3938599999999894
21
-43.6071209999999994
0
LINE
8
BLACK
6
CONTINUOUS
10
197.3938599999999894
20
-43.6071209999999994
11
197.4615709999999922
21
-43.8598189999999946
0
LINE
8
BLACK
6
CONTINUOUS
10
197.4615709999999922
20
-43.8598189999999946
11
197.4957179999999823
21
-44.1191940000000002
0
LINE
8
BLACK
6
CONTINUOUS
10
197.4957179999999823
20
-44.1191940000000002
11
197.5
21
-44.25
0
LINE
8
BLACK
6
CONTINUOUS
10
197.5
20
-44.25
11
197.5
21
-82.5
0
LINE
8
BLACK
6
CONTINUOUS
10
197.5
20
-82.5
11
200.1799999999999784
21
-82.5
0
LINE
8
BLACK
6
CONTINUOUS
10
200.1799999999999784
20
-82.5
11
200.2780169999999771
21
-82.5048149999999936
0
LINE
8
BLACK
6
CONTINUOUS
10
200.2780169999999771
20
-82.5048149999999936
11
200.3100000000000023
21
-82.5111759999999919
0
LINE
8
BLACK
6
CONTINUOUS
10
200.3100000000000023
20
-82.5111759999999919
11
200.341982999999999
21
-82.5048149999999936
0
LINE
8
BLACK
6
CONTINUOUS
10
200.341982999999999
20
-82.5048149999999936
11
200.4399999999999977
21
-82.5
0
LINE
8
BLACK
6
CONTINUOUS
10
200.4399999999999977
20
-82.5
11
200.5457859999999926
21
-82.5
0
LINE
8
BLACK
6
CONTINUOUS
10
200.5457859999999926
20
-82.5
11
203.9599999999999795
21
-79.0857859999999988
0
LINE
8
BLACK
6
CONTINUOUS
10
203.9599999999999795
20
-79.0857859999999988
11
203.9599999999999795
21
-75.
0
LINE
8
BLACK
6
CONTINUOUS
10
203.9599999999999795
20
-75.
11
203.9599999999999795
21
-71.3499999999999943
0
LINE
8
BLACK
6
CONTINUOUS
10
203.9599999999999795
20
-71.3499999999999943
11
203.9648149999999873
21
-71.2519829999999956
0
LINE
8
BLACK
6
CONTINUOUS
10
203.9648149999999873
20
-71.2519829999999956
11
204.0030600000000049
21
-71.0597149999999971
0
LINE
8
BLACK
6
CONTINUOUS
10
204.0030600000000049
20
-71.0597149999999971
11
204.0780790000000025
21
-70.8786029999999982
0
LINE
8
BLACK
6
CONTINUOUS
10
204.0780790000000025
20
-70.8786029999999982
11
204.1240029999999877
21
-70.8098729999999961
0
LINE
8
BLACK
6
CONTINUOUS
10
204.1240029999999877
20
-70.8098729999999961
11
204.1869889999999828
21
-70.715605999999994
0
LINE
8
BLACK
6
CONTINUOUS
10
204.1869889999999828
20
-70.715605999999994
11
204.2528930000000003
21
-70.6428930000000008
0
LINE
8
BLACK
6
CONTINUOUS
10
204.2528930000000003
20
-70.6428930000000008
11
205.7928929999999923
21
-69.1028929999999946
0
LINE
8
BLACK
6
CONTINUOUS
10
205.7928929999999923
20
-69.1028929999999946
11
205.8656069999999829
21
-69.0369889999999913
0
LINE
8
BLACK
6
CONTINUOUS
10
205.8656069999999829
20
-69.0369889999999913
11
205.9747050000000002
21
-68.9640929999999912
0
LINE
8
BLACK
6
CONTINUOUS
10
205.9747050000000002
20
-68.9640929999999912
11
206.0286030000000039
21
-68.9280789999999968
0
LINE
8
BLACK
6
CONTINUOUS
10
206.0286030000000039
20
-68.9280789999999968
11
206.2097149999999885
21
-68.8530599999999993
0
LINE
8
BLACK
6
CONTINUOUS
10
206.2097149999999885
20
-68.8530599999999993
11
206.4019830000000013
21
-68.8148149999999958
0
LINE
8
BLACK
6
CONTINUOUS
10
206.4019830000000013
20
-68.8148149999999958
11
206.5
21
-68.8100000000000023
0
LINE
8
BLACK
6
CONTINUOUS
10
206.5
20
-68.8100000000000023
11
210.2757859999999823
21
-68.8100000000000023
0
LINE
8
BLACK
6
CONTINUOUS
10
210.2757859999999823
20
-68.8100000000000023
11
212.2999999999999829
21
-66.7857860000000016
0
LINE
8
BLACK
6
CONTINUOUS
10
212.2999999999999829
20
-66.7857860000000016
11
212.2999999999999829
21
-65.5
0
LINE
8
BLACK
6
CONTINUOUS
10
212.2999999999999829
20
-65.5
11
212.3048149999999907
21
-65.4019830000000013
0
LINE
8
BLACK
6
CONTINUOUS
10
212.3048149999999907
20
-65.4019830000000013
11
212.3430599999999799
21
-65.2097150000000028
0
LINE
8
BLACK
6
CONTINUOUS
10
212.3430599999999799
20
-65.2097150000000028
11
212.4180789999999774
21
-65.0286030000000039
0
LINE
8
BLACK
6
CONTINUOUS
10
212.4180789999999774
20
-65.0286030000000039
11
212.5269899999999836
21
-64.8656069999999971
0
LINE
8
BLACK
6
CONTINUOUS
10
212.5269899999999836
20
-64.8656069999999971
11
212.6656069999999943
21
-64.7269900000000007
0
LINE
8
BLACK
6
CONTINUOUS
10
212.6656069999999943
20
-64.7269900000000007
11
212.8286029999999869
21
-64.6180789999999945
0
LINE
8
BLACK
6
CONTINUOUS
10
212.8286029999999869
20
-64.6180789999999945
11
213.0097149999999999
21
-64.543059999999997
0
LINE
8
BLACK
6
CONTINUOUS
10
213.0097149999999999
20
-64.543059999999997
11
213.2019829999999843
21
-64.5048149999999936
0
LINE
8
BLACK
6
CONTINUOUS
10
213.2019829999999843
20
-64.5048149999999936
11
213.3980169999999816
21
-64.5048149999999936
0
LINE
8
BLACK
6
CONTINUOUS
10
213.3980169999999816
20
-64.5048149999999936
11
213.5902849999999944
21
-64.543059999999997
0
LINE
8
BLACK
6
CONTINUOUS
10
213.5902849999999944
20
-64.543059999999997
11
213.771396999999979
21
-64.6180789999999945
0
LINE
8
BLACK
6
CONTINUOUS
10
213.771396999999979
20
-64.6180789999999945
11
213.934393
21
-64.7269900000000007
0
LINE
8
BLACK
6
CONTINUOUS
10
213.934393
20
-64.7269900000000007
11
214.0730099999999823
21
-64.8656069999999971
0
LINE
8
BLACK
6
CONTINUOUS
10
214.0730099999999823
20
-64.8656069999999971
11
214.1819209999999885
21
-65.0286030000000039
0
LINE
8
BLACK
6
CONTINUOUS
10
214.1819209999999885
20
-65.0286030000000039
11
214.256939999999986
21
-65.2097150000000028
0
LINE
8
BLACK
6
CONTINUOUS
10
214.256939999999986
20
-65.2097150000000028
11
214.2951850000000036
21
-65.4019830000000013
0
LINE
8
BLACK
6
CONTINUOUS
10
214.2951850000000036
20
-65.4019830000000013
11
214.2999999999999829
21
-65.5
0
LINE
8
BLACK
6
CONTINUOUS
10
214.2999999999999829
20
-65.5
11
214.2999999999999829
21
-67.2000000000000028
0
LINE
8
BLACK
6
CONTINUOUS
10
214.2999999999999829
20
-67.2000000000000028
11
214.2951850000000036
21
-67.2980170000000015
0
LINE
8
BLACK
6
CONTINUOUS
10
214.2951850000000036
20
-67.2980170000000015
11
214.2612619999999879
21
-67.4685589999999991
0
LINE
8
BLACK
6
CONTINUOUS
10
214.2612619999999879
20
-67.4685589999999991
11
214.256939999999986
21
-67.4902850000000001
0
LINE
8
BLACK
6
CONTINUOUS
10
214.256939999999986
20
-67.4902850000000001
11
214.1819209999999885
21
-67.6713969999999989
0
LINE
8
BLACK
6
CONTINUOUS
10
214.1819209999999885
20
-67.6713969999999989
11
214.0730099999999823
21
-67.8343940000000032
0
LINE
8
BLACK
6
CONTINUOUS
10
214.0730099999999823
20
-67.8343940000000032
11
214.0071059999999932
21
-67.9071069999999963
0
LINE
8
BLACK
6
CONTINUOUS
10
214.0071059999999932
20
-67.9071069999999963
11
211.397106999999977
21
-70.5171069999999958
0
LINE
8
BLACK
6
CONTINUOUS
10
211.397106999999977
20
-70.5171069999999958
11
211.3243939999999839
21
-70.5830109999999991
0
LINE
8
BLACK
6
CONTINUOUS
10
211.3243939999999839
20
-70.5830109999999991
11
211.2080119999999965
21
-70.6607729999999918
0
LINE
8
BLACK
6
CONTINUOUS
10
211.2080119999999965
20
-70.6607729999999918
11
211.1613969999999938
21
-70.6919209999999936
0
LINE
8
BLACK
6
CONTINUOUS
10
211.1613969999999938
20
-70.6919209999999936
11
210.9802849999999808
21
-70.7669399999999911
0
LINE
8
BLACK
6
CONTINUOUS
10
210.9802849999999808
20
-70.7669399999999911
11
210.7880169999999964
21
-70.8051849999999945
0
LINE
8
BLACK
6
CONTINUOUS
10
210.7880169999999964
20
-70.8051849999999945
11
210.6899999999999977
21
-70.8100000000000023
0
LINE
8
BLACK
6
CONTINUOUS
10
210.6899999999999977
20
-70.8100000000000023
11
206.914213999999987
21
-70.8100000000000023
0
LINE
8
BLACK
6
CONTINUOUS
10
206.914213999999987
20
-70.8100000000000023
11
205.9599999999999795
21
-71.7642139999999955
0
LINE
8
BLACK
6
CONTINUOUS
10
205.9599999999999795
20
-71.7642139999999955
11
205.9599999999999795
21
-75.
0
LINE
8
BLACK
6
CONTINUOUS
10
205.9599999999999795
20
-75.
11
205.9599999999999795
21
-79.5
0
LINE
8
BLACK
6
CONTINUOUS
10
205.9599999999999795
20
-79.5
11
205.9551850000000002
21
-79.5980169999999987
0
LINE
8
BLACK
6
CONTINUOUS
10
205.9551850000000002
20
-79.5980169999999987
11
205.9169399999999825
21
-79.7902849999999972
0
LINE
8
BLACK
6
CONTINUOUS
10
205.9169399999999825
20
-79.7902849999999972
11
205.841920999999985
21
-79.9713969999999961
0
LINE
8
BLACK
6
CONTINUOUS
10
205.841920999999985
20
-79.9713969999999961
11
205.8036969999999997
21
-80.0286029999999897
0
LINE
8
BLACK
6
CONTINUOUS
10
205.8036969999999997
20
-80.0286029999999897
11
205.7330099999999788
21
-80.1343940000000003
0
LINE
8
BLACK
6
CONTINUOUS
10
205.7330099999999788
20
-80.1343940000000003
11
205.6671069999999872
21
-80.2071069999999935
0
LINE
8
BLACK
6
CONTINUOUS
10
205.6671069999999872
20
-80.2071069999999935
11
201.6671069999999872
21
-84.2071069999999935
0
LINE
8
BLACK
6
CONTINUOUS
10
201.6671069999999872
20
-84.2071069999999935
11
201.5943939999999941
21
-84.2730109999999968
0
LINE
8
BLACK
6
CONTINUOUS
10
201.5943939999999941
20
-84.2730109999999968
11
201.482137999999992
21
-84.3480169999999987
0
LINE
8
BLACK
6
CONTINUOUS
10
201.482137999999992
20
-84.3480169999999987
11
201.431397000000004
21
-84.3819209999999913
0
LINE
8
BLACK
6
CONTINUOUS
10
201.431397000000004
20
-84.3819209999999913
11
201.250284999999991
21
-84.456940000000003
0
LINE
8
BLACK
6
CONTINUOUS
10
201.250284999999991
20
-84.456940000000003
11
201.0580169999999782
21
-84.4951849999999922
0
LINE
8
BLACK
6
CONTINUOUS
10
201.0580169999999782
20
-84.4951849999999922
11
200.9599999999999795
21
-84.5
0
LINE
8
BLACK
6
CONTINUOUS
10
200.9599999999999795
20
-84.5
11
200.4399999999999977
21
-84.5
0
LINE
8
BLACK
6
CONTINUOUS
10
200.4399999999999977
20
-84.5
11
200.341982999999999
21
-84.4951849999999922
0
LINE
8
BLACK
6
CONTINUOUS
10
200.341982999999999
20
-84.4951849999999922
11
200.3100000000000023
21
-84.4888229999999965
0
LINE
8
BLACK
6
CONTINUOUS
10
200.3100000000000023
20
-84.4888229999999965
11
200.2780169999999771
21
-84.4951849999999922
0
LINE
8
BLACK
6
CONTINUOUS
10
200.2780169999999771
20
-84.4951849999999922
11
200.1799999999999784
21
-84.5
0
LINE
8
BLACK
6
CONTINUOUS
10
200.1799999999999784
20
-84.5
11
196.5
21
-84.5
0
LINE
8
BLACK
6
CONTINUOUS
10
196.5
20
-84.5
11
196.4019830000000013
21
-84.4951849999999922
0
LINE
8
BLACK
6
CONTINUOUS
10
196.4019830000000013
20
-84.4951849999999922
11
196.2097149999999885
21
-84.456940000000003
0
LINE
8
BLACK
6
CONTINUOUS
10
196.2097149999999885
20
-84.456940000000003
11
196.0909910000000025
21
-84.4077630000000028
0
LINE
8
BLACK
6
CONTINUOUS
10
196.0909910000000025
20
-84.4077630000000028
11
195.8901809999999841
21
-84.4615709999999922
0
LINE
8
BLACK
6
CONTINUOUS
10
195.8901809999999841
20
-84.4615709999999922
11
195.6308059999999784
21
-84.4957179999999966
0
LINE
8
BLACK
6
CONTINUOUS
10
195.6308059999999784
20
-84.4957179999999966
11
195.3691939999999931
21
-84.4957179999999966
0
LINE
8
BLACK
6
CONTINUOUS
10
195.3691939999999931
20
-84.4957179999999966
11
195.1098189999999875
21
-84.4615709999999922
0
LINE
8
BLACK
6
CONTINUOUS
10
195.1098189999999875
20
-84.4615709999999922
11
194.857120999999978
21
-84.3938599999999894
0
LINE
8
BLACK
6
CONTINUOUS
10
194.857120999999978
20
-84.3938599999999894
11
194.6154229999999927
21
-84.2937450000000013
0
LINE
8
BLACK
6
CONTINUOUS
10
194.6154229999999927
20
-84.2937450000000013
11
194.388859999999994
21
-84.1629389999999944
0
LINE
8
BLACK
6
CONTINUOUS
10
194.388859999999994
20
-84.1629389999999944
11
194.1813080000000014
21
-84.0036800000000028
0
LINE
8
BLACK
6
CONTINUOUS
10
194.1813080000000014
20
-84.0036800000000028
11
193.9963199999999972
21
-83.8186919999999986
0
LINE
8
BLACK
6
CONTINUOUS
10
193.9963199999999972
20
-83.8186919999999986
11
193.8370609999999772
21
-83.6111399999999918
0
LINE
8
BLACK
6
CONTINUOUS
10
193.8370609999999772
20
-83.6111399999999918
11
193.7728939999999795
21
-83.5
0
LINE
8
BLACK
6
CONTINUOUS
10
193.7728939999999795
20
-83.5
11
185.6542139999999961
21
-83.5
0
LINE
8
BLACK
6
CONTINUOUS
10
185.6542139999999961
20
-83.5
11
185.0771069999999838
21
-84.077106999999998
0
LINE
8
BLACK
6
CONTINUOUS
10
185.0771069999999838
20
-84.077106999999998
11
185.0043939999999907
21
-84.1430110000000013
0
LINE
8
BLACK
6
CONTINUOUS
10
185.0043939999999907
20
-84.1430110000000013
11
184.9084660000000042
21
-84.2071069999999935
0
LINE
8
BLACK
6
CONTINUOUS
10
184.9084660000000042
20
-84.2071069999999935
11
184.8413970000000006
21
-84.2519209999999958
0
LINE
8
BLACK
6
CONTINUOUS
10
184.8413970000000006
20
-84.2519209999999958
11
184.6602849999999876
21
-84.3269399999999933
0
LINE
8
BLACK
6
CONTINUOUS
10
184.6602849999999876
20
-84.3269399999999933
11
184.4680170000000032
21
-84.3651849999999968
0
LINE
8
BLACK
6
CONTINUOUS
10
184.4680170000000032
20
-84.3651849999999968
11
184.3700000000000045
21
-84.3699999999999903
0
LINE
8
BLACK
6
CONTINUOUS
10
184.3700000000000045
20
-84.3699999999999903
11
177.4499999999999886
21
-84.3699999999999903
0
LINE
8
BLACK
6
CONTINUOUS
10
177.4499999999999886
20
-84.3699999999999903
11
177.3519829999999899
21
-84.3651849999999968
0
LINE
8
BLACK
6
CONTINUOUS
10
177.3519829999999899
20
-84.3651849999999968
11
177.1597150000000056
21
-84.3269399999999933
0
LINE
8
BLACK
6
CONTINUOUS
10
177.1597150000000056
20
-84.3269399999999933
11
176.9786029999999926
21
-84.2519209999999958
0
LINE
8
BLACK
6
CONTINUOUS
10
176.9786029999999926
20
-84.2519209999999958
11
176.815607
21
-84.1430099999999896
0
LINE
8
BLACK
6
CONTINUOUS
10
176.815607
20
-84.1430099999999896
11
176.6769899999999893
21
-84.0043929999999932
0
LINE
8
BLACK
6
CONTINUOUS
10
176.6769899999999893
20
-84.0043929999999932
11
176.5680789999999831
21
-83.8413970000000006
0
LINE
8
BLACK
6
CONTINUOUS
10
176.5680789999999831
20
-83.8413970000000006
11
176.4930599999999856
21
-83.6602850000000018
0
LINE
8
BLACK
6
CONTINUOUS
10
176.4930599999999856
20
-83.6602850000000018
11
176.4548149999999964
21
-83.4680170000000032
0
LINE
8
BLACK
6
CONTINUOUS
10
176.4548149999999964
20
-83.4680170000000032
11
176.4548149999999964
21
-83.2719829999999916
0
LINE
8
BLACK
6
CONTINUOUS
10
176.4548149999999964
20
-83.2719829999999916
11
176.4930599999999856
21
-83.0797149999999931
0
LINE
8
BLACK
6
CONTINUOUS
10
176.4930599999999856
20
-83.0797149999999931
11
176.5680789999999831
21
-82.8986029999999943
0
LINE
8
BLACK
6
CONTINUOUS
10
176.5680789999999831
20
-82.8986029999999943
11
176.6769899999999893
21
-82.7356070000000017
0
LINE
8
BLACK
6
CONTINUOUS
10
176.6769899999999893
20
-82.7356070000000017
11
176.815607
21
-82.596989999999991
0
LINE
8
BLACK
6
CONTINUOUS
10
176.815607
20
-82.596989999999991
11
176.9786029999999926
21
-82.488078999999999
0
LINE
8
BLACK
6
CONTINUOUS
10
176.9786029999999926
20
-82.488078999999999
11
177.1597150000000056
21
-82.4130600000000015
0
LINE
8
BLACK
6
CONTINUOUS
10
177.1597150000000056
20
-82.4130600000000015
11
177.3519829999999899
21
-82.3748149999999981
0
LINE
8
BLACK
6
CONTINUOUS
10
177.3519829999999899
20
-82.3748149999999981
11
177.4499999999999886
21
-82.3699999999999903
0
LINE
8
BLACK
6
CONTINUOUS
10
177.4499999999999886
20
-82.3699999999999903
11
183.9557859999999891
21
-82.3699999999999903
0
LINE
8
BLACK
6
CONTINUOUS
10
183.9557859999999891
20
-82.3699999999999903
11
184.5328930000000014
21
-81.7928929999999923
0
LINE
8
BLACK
6
CONTINUOUS
10
184.5328930000000014
20
-81.7928929999999923
11
184.605606999999992
21
-81.7269890000000032
0
LINE
8
BLACK
6
CONTINUOUS
10
184.605606999999992
20
-81.7269890000000032
11
184.70873899999998
21
-81.6580790000000007
0
LINE
8
BLACK
6
CONTINUOUS
10
184.70873899999998
20
-81.6580790000000007
11
184.7686029999999846
21
-81.6180789999999945
0
LINE
8
BLACK
6
CONTINUOUS
10
184.7686029999999846
20
-81.6180789999999945
11
184.9497149999999976
21
-81.543059999999997
0
LINE
8
BLACK
6
CONTINUOUS
10
184.9497149999999976
20
-81.543059999999997
11
185.141982999999982
21
-81.5048149999999936
0
LINE
8
BLACK
6
CONTINUOUS
10
185.141982999999982
20
-81.5048149999999936
11
185.2399999999999807
21
-81.5
0
LINE
8
BLACK
6
CONTINUOUS
10
185.2399999999999807
20
-81.5
11
193.5
21
-81.5
0
LINE
8
BLACK
6
CONTINUOUS
10
193.5
20
-81.5
11
193.5
21
-45.0784269999999978
0
LINE
8
BLACK
6
CONTINUOUS
10
193.5
20
-45.0784269999999978
11
189.7107859999999846
21
-41.2892140000000012
0
LINE
8
BLACK
6
CONTINUOUS
10
189.7107859999999846
20
-41.2892140000000012
11
189.6213199999999972
21
-41.1936919999999986
0
LINE
8
BLACK
6
CONTINUOUS
10
189.6213199999999972
20
-41.1936919999999986
11
189.4620599999999797
21
-40.9861409999999964
0
LINE
8
BLACK
6
CONTINUOUS
10
189.4620599999999797
20
-40.9861409999999964
11
189.3312549999999987
21
-40.7595770000000002
0
LINE
8
BLACK
6
CONTINUOUS
10
189.3312549999999987
20
-40.7595770000000002
11
189.2311399999999821
21
-40.5178790000000006
0
LINE
8
BLACK
6
CONTINUOUS
10
189.2311399999999821
20
-40.5178790000000006
11
189.1634300000000053
21
-40.2651809999999983
0
LINE
8
BLACK
6
CONTINUOUS
10
189.1634300000000053
20
-40.2651809999999983
11
189.1292819999999892
21
-40.0058059999999998
0
LINE
8
BLACK
6
CONTINUOUS
10
189.1292819999999892
20
-40.0058059999999998
11
189.1292819999999892
21
-39.7441940000000002
0
LINE
8
BLACK
6
CONTINUOUS
10
189.1292819999999892
20
-39.7441940000000002
11
189.1614309999999932
21
-39.5
0
LINE
8
BLACK
6
CONTINUOUS
10
189.1614309999999932
20
-39.5
11
188.9555179999999837
21
-39.5
0
LINE
8
BLACK
6
CONTINUOUS
10
188.9555179999999837
20
-39.5
11
187.8672489999999868
21
-39.5388669999999962
0
LINE
8
BLACK
6
CONTINUOUS
10
187.8672489999999868
20
-39.5388669999999962
11
186.781060999999994
21
-39.6165529999999961
0
LINE
8
BLACK
6
CONTINUOUS
10
186.781060999999994
20
-39.6165529999999961
11
185.6983369999999809
21
-39.7329579999999964
0
LINE
8
BLACK
6
CONTINUOUS
10
185.6983369999999809
20
-39.7329579999999964
11
184.6204579999999851
21
-39.8879329999999968
0
LINE
8
BLACK
6
CONTINUOUS
10
184.6204579999999851
20
-39.8879329999999968
11
183.5487969999999791
21
-40.0812820000000016
0
LINE
8
BLACK
6
CONTINUOUS
10
183.5487969999999791
20
-40.0812820000000016
11
182.4847199999999816
21
-40.3127579999999952
0
LINE
8
BLACK
6
CONTINUOUS
10
182.4847199999999816
20
-40.3127579999999952
11
181.4295829999999796
21
-40.5820659999999975
0
LINE
8
BLACK
6
CONTINUOUS
10
181.4295829999999796
20
-40.5820659999999975
11
180.3847309999999879
21
-40.888861999999996
0
LINE
8
BLACK
6
CONTINUOUS
10
180.3847309999999879
20
-40.888861999999996
11
179.3514940000000024
21
-41.2327559999999949
0
LINE
8
BLACK
6
CONTINUOUS
10
179.3514940000000024
20
-41.2327559999999949
11
178.3311909999999898
21
-41.6133099999999985
0
LINE
8
BLACK
6
CONTINUOUS
10
178.3311909999999898
20
-41.6133099999999985
11
177.3251199999999983
21
-42.0300379999999976
0
LINE
8
BLACK
6
CONTINUOUS
10
177.3251199999999983
20
-42.0300379999999976
11
176.3345640000000003
21
-42.4824100000000016
0
LINE
8
BLACK
6
CONTINUOUS
10
176.3345640000000003
20
-42.4824100000000016
11
175.3607859999999903
21
-42.9698479999999989
0
LINE
8
BLACK
6
CONTINUOUS
10
175.3607859999999903
20
-42.9698479999999989
11
174.4050259999999923
21
-43.4917329999999964
0
LINE
8
BLACK
6
CONTINUOUS
10
174.4050259999999923
20
-43.4917329999999964
11
173.4685020000000009
21
-44.0473980000000012
0
LINE
8
BLACK
6
CONTINUOUS
10
173.4685020000000009
20
-44.0473980000000012
11
172.5524079999999856
21
-44.6361360000000005
0
LINE
8
BLACK
6
CONTINUOUS
10
172.5524079999999856
20
-44.6361360000000005
11
171.6579109999999844
21
-45.2571960000000004
0
LINE
8
BLACK
6
CONTINUOUS
10
171.6579109999999844
20
-45.2571960000000004
11
170.7861509999999896
21
-45.9097870000000015
0
LINE
8
BLACK
6
CONTINUOUS
10
170.7861509999999896
20
-45.9097870000000015
11
169.9382389999999816
21
-46.5930779999999984
0
LINE
8
BLACK
6
CONTINUOUS
10
169.9382389999999816
20
-46.5930779999999984
11
169.115255999999988
21
-47.3061969999999974
0
LINE
8
BLACK
6
CONTINUOUS
10
169.115255999999988
20
-47.3061969999999974
11
168.3182500000000061
21
-48.0482359999999957
0
LINE
8
BLACK
6
CONTINUOUS
10
168.3182500000000061
20
-48.0482359999999957
11
167.5482360000000028
21
-48.818249999999999
0
LINE
8
BLACK
6
CONTINUOUS
10
167.5482360000000028
20
-48.818249999999999
11
166.8061969999999974
21
-49.6152559999999951
0
LINE
8
BLACK
6
CONTINUOUS
10
166.8061969999999974
20
-49.6152559999999951
11
166.0930779999999913
21
-50.4382389999999958
0
LINE
8
BLACK
6
CONTINUOUS
10
166.0930779999999913
20
-50.4382389999999958
11
165.4097869999999944
21
-51.2861509999999967
0
LINE
8
BLACK
6
CONTINUOUS
10
165.4097869999999944
20
-51.2861509999999967
11
164.7571959999999933
21
-52.1579109999999986
0
LINE
8
BLACK
6
CONTINUOUS
10
164.7571959999999933
20
-52.1579109999999986
11
164.1361359999999934
21
-53.0524079999999998
0
LINE
8
BLACK
6
CONTINUOUS
10
164.1361359999999934
20
-53.0524079999999998
11
163.547397999999987
21
-53.9685020000000009
0
LINE
8
BLACK
6
CONTINUOUS
10
163.547397999999987
20
-53.9685020000000009
11
162.9917329999999822
21
-54.9050259999999994
0
LINE
8
BLACK
6
CONTINUOUS
10
162.9917329999999822
20
-54.9050259999999994
11
162.4698479999999847
21
-55.8607859999999974
0
LINE
8
BLACK
6
CONTINUOUS
10
162.4698479999999847
20
-55.8607859999999974
11
161.9824099999999873
21
-56.8345640000000003
0
LINE
8
BLACK
6
CONTINUOUS
10
161.9824099999999873
20
-56.8345640000000003
11
161.5300379999999905
21
-57.8251199999999983
0
LINE
8
BLACK
6
CONTINUOUS
10
161.5300379999999905
20
-57.8251199999999983
11
161.1133099999999843
21
-58.8311909999999969
0
LINE
8
BLACK
6
CONTINUOUS
10
161.1133099999999843
20
-58.8311909999999969
11
160.7327559999999949
21
-59.8514939999999953
0
LINE
8
BLACK
6
CONTINUOUS
10
160.7327559999999949
20
-59.8514939999999953
11
160.3888619999999889
21
-60.884730999999995
0
LINE
8
BLACK
6
CONTINUOUS
10
160.3888619999999889
20
-60.884730999999995
11
160.0820659999999975
21
-61.9295829999999938
0
LINE
8
BLACK
6
CONTINUOUS
10
160.0820659999999975
20
-61.9295829999999938
11
159.8127580000000023
21
-62.9847199999999958
0
LINE
8
BLACK
6
CONTINUOUS
10
159.8127580000000023
20
-62.9847199999999958
11
159.5812819999999874
21
-64.0487969999999933
0
LINE
8
BLACK
6
CONTINUOUS
10
159.5812819999999874
20
-64.0487969999999933
11
159.3879330000000039
21
-65.1204579999999993
0
LINE
8
BLACK
6
CONTINUOUS
10
159.3879330000000039
20
-65.1204579999999993
11
159.2329579999999964
21
-66.1983369999999951
0
LINE
8
BLACK
6
CONTINUOUS
10
159.2329579999999964
20
-66.1983369999999951
11
159.1165529999999819
21
-67.281060999999994
0
LINE
8
BLACK
6
CONTINUOUS
10
159.1165529999999819
20
-67.281060999999994
11
159.038866999999982
21
-68.367249000000001
0
LINE
8
BLACK
6
CONTINUOUS
10
159.038866999999982
20
-68.367249000000001
11
159.
21
-69.4555179999999979
0
LINE
8
BLACK
6
CONTINUOUS
10
159.
20
-69.4555179999999979
11
159.
21
-69.6160830000000033
0
LINE
8
BLACK
6
CONTINUOUS
10
191.9476799999999912
20
-3.545061
11
193.5778289999999799
21
-3.6251449999999998
0
LINE
8
BLACK
6
CONTINUOUS
10
193.5778289999999799
20
-3.6251449999999998
11
195.2055210000000045
21
-3.7452109999999998
0
LINE
8
BLACK
6
CONTINUOUS
10
195.2055210000000045
20
-3.7452109999999998
11
196.8297769999999787
21
-3.9051859999999996
0
LINE
8
BLACK
6
CONTINUOUS
10
196.8297769999999787
20
-3.9051859999999996
11
198.4496169999999893
21
-4.1049749999999996
0
LINE
8
BLACK
6
CONTINUOUS
10
198.4496169999999893
20
-4.1049749999999996
11
200.0640669999999943
21
-4.3444560000000001
0
LINE
8
BLACK
6
CONTINUOUS
10
200.0640669999999943
20
-4.3444560000000001
11
201.6721529999999802
21
-4.6234849999999996
0
LINE
8
BLACK
6
CONTINUOUS
10
201.6721529999999802
20
-4.6234849999999996
11
203.2729070000000036
21
-4.9418949999999997
0
LINE
8
BLACK
6
CONTINUOUS
10
203.2729070000000036
20
-4.9418949999999997
11
204.8653639999999996
21
-5.299493
0
LINE
8
BLACK
6
CONTINUOUS
10
204.8653639999999996
20
-5.299493
11
206.4485659999999996
21
-5.6960649999999999
0
LINE
8
BLACK
6
CONTINUOUS
10
206.4485659999999996
20
-5.6960649999999999
11
208.0215589999999963
21
-6.1313699999999995
0
LINE
8
BLACK
6
CONTINUOUS
10
208.0215589999999963
20
-6.1313699999999995
11
209.5833959999999934
21
-6.6051479999999998
0
LINE
8
BLACK
6
CONTINUOUS
10
209.5833959999999934
20
-6.6051479999999998
11
211.1331339999999841
21
-7.1171129999999998
0
LINE
8
BLACK
6
CONTINUOUS
10
211.1331339999999841
20
-7.1171129999999998
11
212.6698419999999885
21
-7.6669559999999999
0
LINE
8
BLACK
6
CONTINUOUS
10
212.6698419999999885
20
-7.6669559999999999
11
214.192592999999988
21
-8.254346
0
LINE
8
BLACK
6
CONTINUOUS
10
214.192592999999988
20
-8.254346
11
215.7004709999999932
21
-8.8789289999999994
0
LINE
8
BLACK
6
CONTINUOUS
10
215.7004709999999932
20
-8.8789289999999994
11
217.1925659999999993
21
-9.5403289999999998
0
LINE
8
BLACK
6
CONTINUOUS
10
217.1925659999999993
20
-9.5403289999999998
11
218.66798
21
-10.2381479999999989
0
LINE
8
BLACK
6
CONTINUOUS
10
218.66798
20
-10.2381479999999989
11
220.1258239999999944
21
-10.9719649999999991
0
LINE
8
BLACK
6
CONTINUOUS
10
220.1258239999999944
20
-10.9719649999999991
11
221.5652209999999798
21
-11.741339
0
LINE
8
BLACK
6
CONTINUOUS
10
221.5652209999999798
20
-11.741339
11
222.9853029999999876
21
-12.5458049999999997
0
LINE
8
BLACK
6
CONTINUOUS
10
222.9853029999999876
20
-12.5458049999999997
11
224.3852139999999906
21
-13.384879999999999
0
LINE
8
BLACK
6
CONTINUOUS
10
224.3852139999999906
20
-13.384879999999999
11
225.764111999999983
21
-14.2580569999999991
0
LINE
8
BLACK
6
CONTINUOUS
10
225.764111999999983
20
-14.2580569999999991
11
227.1211649999999906
21
-15.1648109999999985
0
LINE
8
BLACK
6
CONTINUOUS
10
227.1211649999999906
20
-15.1648109999999985
11
228.4555579999999964
21
-16.1045960000000008
0
LINE
8
BLACK
6
CONTINUOUS
10
228.4555579999999964
20
-16.1045960000000008
11
229.7664839999999913
21
-17.0768459999999997
0
LINE
8
BLACK
6
CONTINUOUS
10
229.7664839999999913
20
-17.0768459999999997
11
231.0531560000000013
21
-18.0809739999999977
0
LINE
8
BLACK
6
CONTINUOUS
10
231.0531560000000013
20
-18.0809739999999977
11
232.3147979999999961
21
-19.116377
0
LINE
8
BLACK
6
CONTINUOUS
10
232.3147979999999961
20
-19.116377
11
233.5506489999999928
21
-20.1824300000000001
0
LINE
8
BLACK
6
CONTINUOUS
10
233.5506489999999928
20
-20.1824300000000001
11
234.7599659999999915
21
-21.2784909999999989
0
LINE
8
BLACK
6
CONTINUOUS
10
234.7599659999999915
20
-21.2784909999999989
11
235.9420209999999827
21
-22.4039000000000001
0
LINE
8
BLACK
6
CONTINUOUS
10
235.9420209999999827
20
-22.4039000000000001
11
237.0960999999999785
21
-23.5579789999999996
0
LINE
8
BLACK
6
CONTINUOUS
10
237.0960999999999785
20
-23.5579789999999996
11
238.2215089999999975
21
-24.7400339999999979
0
LINE
8
BLACK
6
CONTINUOUS
10
238.2215089999999975
20
-24.7400339999999979
11
239.3175699999999892
21
-25.9493510000000001
0
LINE
8
BLACK
6
CONTINUOUS
10
239.3175699999999892
20
-25.9493510000000001
11
240.383623
21
-27.1852020000000003
0
LINE
8
BLACK
6
CONTINUOUS
10
240.383623
20
-27.1852020000000003
11
241.4190260000000023
21
-28.4468439999999987
0
LINE
8
BLACK
6
CONTINUOUS
10
241.4190260000000023
20
-28.4468439999999987
11
242.4231539999999825
21
-29.7335159999999981
0
LINE
8
BLACK
6
CONTINUOUS
10
242.4231539999999825
20
-29.7335159999999981
11
243.395403999999985
21
-31.0444420000000001
0
LINE
8
BLACK
6
CONTINUOUS
10
243.395403999999985
20
-31.0444420000000001
11
244.3351889999999855
21
-32.3788349999999951
0
LINE
8
BLACK
6
CONTINUOUS
10
244.3351889999999855
20
-32.3788349999999951
11
245.241942999999992
21
-33.7358879999999957
0
LINE
8
BLACK
6
CONTINUOUS
10
245.241942999999992
20
-33.7358879999999957
11
246.1151199999999903
21
-35.1147859999999952
0
LINE
8
BLACK
6
CONTINUOUS
10
246.1151199999999903
20
-35.1147859999999952
11
246.9541949999999986
21
-36.5146969999999982
0
LINE
8
BLACK
6
CONTINUOUS
10
246.9541949999999986
20
-36.5146969999999982
11
247.7586609999999894
21
-37.9347789999999989
0
LINE
8
BLACK
6
CONTINUOUS
10
247.7586609999999894
20
-37.9347789999999989
11
248.5280349999999885
21
-39.3741759999999985
0
LINE
8
BLACK
6
CONTINUOUS
10
248.5280349999999885
20
-39.3741759999999985
11
249.2618519999999762
21
-40.83202
0
LINE
8
BLACK
6
CONTINUOUS
10
249.2618519999999762
20
-40.83202
11
249.959670999999986
21
-42.3074340000000007
0
LINE
8
BLACK
6
CONTINUOUS
10
249.959670999999986
20
-42.3074340000000007
11
250.6210710000000006
21
-43.7995289999999997
0
LINE
8
BLACK
6
CONTINUOUS
10
250.6210710000000006
20
-43.7995289999999997
11
251.2456540000000018
21
-45.3074069999999978
0
LINE
8
BLACK
6
CONTINUOUS
10
251.2456540000000018
20
-45.3074069999999978
11
251.833044000000001
21
-46.8301579999999973
0
LINE
8
BLACK
6
CONTINUOUS
10
251.833044000000001
20
-46.8301579999999973
11
252.3828869999999824
21
-48.3668659999999946
0
LINE
8
BLACK
6
CONTINUOUS
10
252.3828869999999824
20
-48.3668659999999946
11
252.894851999999986
21
-49.9166039999999995
0
LINE
8
BLACK
6
CONTINUOUS
10
252.894851999999986
20
-49.9166039999999995
11
253.368629999999996
21
-51.4784409999999966
0
LINE
8
BLACK
6
CONTINUOUS
10
253.368629999999996
20
-51.4784409999999966
11
253.8039349999999956
21
-53.0514340000000004
0
LINE
8
BLACK
6
CONTINUOUS
10
253.8039349999999956
20
-53.0514340000000004
11
254.2005069999999876
21
-54.6346360000000004
0
LINE
8
BLACK
6
CONTINUOUS
10
254.2005069999999876
20
-54.6346360000000004
11
254.5581049999999834
21
-56.2270929999999964
0
LINE
8
BLACK
6
CONTINUOUS
10
254.5581049999999834
20
-56.2270929999999964
11
254.8765149999999835
21
-57.8278469999999984
0
LINE
8
BLACK
6
CONTINUOUS
10
254.8765149999999835
20
-57.8278469999999984
11
255.1555439999999919
21
-59.4359329999999986
0
LINE
8
BLACK
6
CONTINUOUS
10
255.1555439999999919
20
-59.4359329999999986
11
255.3950249999999755
21
-61.0503829999999965
0
LINE
8
BLACK
6
CONTINUOUS
10
255.3950249999999755
20
-61.0503829999999965
11
255.5948139999999853
21
-62.670223
0
LINE
8
BLACK
6
CONTINUOUS
10
255.5948139999999853
20
-62.670223
11
255.7547889999999882
21
-64.2944789999999955
0
LINE
8
BLACK
6
CONTINUOUS
10
255.7547889999999882
20
-64.2944789999999955
11
255.8748549999999966
21
-65.9221709999999916
0
LINE
8
BLACK
6
CONTINUOUS
10
255.8748549999999966
20
-65.9221709999999916
11
255.954938999999996
21
-67.5523199999999946
0
LINE
8
BLACK
6
CONTINUOUS
10
255.954938999999996
20
-67.5523199999999946
11
255.9949929999999938
21
-69.1839429999999993
0
LINE
8
BLACK
6
CONTINUOUS
10
255.9949929999999938
20
-69.1839429999999993
11
255.9949929999999938
21
-70.8160570000000007
0
LINE
8
BLACK
6
CONTINUOUS
10
255.9949929999999938
20
-70.8160570000000007
11
255.954938999999996
21
-72.4476799999999912
0
LINE
8
BLACK
6
CONTINUOUS
10
255.954938999999996
20
-72.4476799999999912
11
255.8748549999999966
21
-74.0778289999999942
0
LINE
8
BLACK
6
CONTINUOUS
10
255.8748549999999966
20
-74.0778289999999942
11
255.7547889999999882
21
-75.7055209999999903
0
LINE
8
BLACK
6
CONTINUOUS
10
255.7547889999999882
20
-75.7055209999999903
11
255.5948139999999853
21
-77.3297769999999929
0
LINE
8
BLACK
6
CONTINUOUS
10
255.5948139999999853
20
-77.3297769999999929
11
255.3950249999999755
21
-78.9496170000000035
0
LINE
8
BLACK
6
CONTINUOUS
10
255.3950249999999755
20
-78.9496170000000035
11
255.1555439999999919
21
-80.5640669999999943
0
LINE
8
BLACK
6
CONTINUOUS
10
255.1555439999999919
20
-80.5640669999999943
11
254.8765149999999835
21
-82.1721529999999944
0
LINE
8
BLACK
6
CONTINUOUS
10
254.8765149999999835
20
-82.1721529999999944
11
254.5581049999999834
21
-83.7729069999999894
0
LINE
8
BLACK
6
CONTINUOUS
10
254.5581049999999834
20
-83.7729069999999894
11
254.2005069999999876
21
-85.3653639999999996
0
LINE
8
BLACK
6
CONTINUOUS
10
254.2005069999999876
20
-85.3653639999999996
11
253.8039349999999956
21
-86.9485659999999996
0
LINE
8
BLACK
6
CONTINUOUS
10
253.8039349999999956
20
-86.9485659999999996
11
253.368629999999996
21
-88.5215589999999963
0
LINE
8
BLACK
6
CONTINUOUS
10
253.368629999999996
20
-88.5215589999999963
11
252.894851999999986
21
-90.0833959999999934
0
LINE
8
BLACK
6
CONTINUOUS
10
252.894851999999986
20
-90.0833959999999934
11
252.3828869999999824
21
-91.6331339999999983
0
LINE
8
BLACK
6
CONTINUOUS
10
252.3828869999999824
20
-91.6331339999999983
11
251.833044000000001
21
-93.1698420000000027
0
LINE
8
BLACK
6
CONTINUOUS
10
251.833044000000001
20
-93.1698420000000027
11
251.2456540000000018
21
-94.6925930000000022
0
LINE
8
BLACK
6
CONTINUOUS
10
251.2456540000000018
20
-94.6925930000000022
11
250.6210710000000006
21
-96.2004709999999932
0
LINE
8
BLACK
6
CONTINUOUS
10
250.6210710000000006
20
-96.2004709999999932
11
249.959670999999986
21
-97.6925659999999993
0
LINE
8
BLACK
6
CONTINUOUS
10
249.959670999999986
20
-97.6925659999999993
11
249.2618519999999762
21
-99.16798
0
LINE
8
BLACK
6
CONTINUOUS
10
249.2618519999999762
20
-99.16798
11
248.5280349999999885
21
-100.6258239999999944
0
LINE
8
BLACK
6
CONTINUOUS
10
248.5280349999999885
20
-100.6258239999999944
11
247.7586609999999894
21
-102.065220999999994
0
LINE
8
BLACK
6
CONTINUOUS
10
247.7586609999999894
20
-102.065220999999994
11
246.9541949999999986
21
-103.4853030000000018
0
LINE
8
BLACK
6
CONTINUOUS
10
246.9541949999999986
20
-103.4853030000000018
11
246.1151199999999903
21
-104.8852139999999906
0
LINE
8
BLACK
6
CONTINUOUS
10
246.1151199999999903
20
-104.8852139999999906
11
245.241942999999992
21
-106.2641119999999972
0
LINE
8
BLACK
6
CONTINUOUS
10
245.241942999999992
20
-106.2641119999999972
11
244.3351889999999855
21
-107.6211649999999906
0
LINE
8
BLACK
6
CONTINUOUS
10
244.3351889999999855
20
-107.6211649999999906
11
243.395403999999985
21
-108.9555579999999964
0
LINE
8
BLACK
6
CONTINUOUS
10
243.395403999999985
20
-108.9555579999999964
11
242.4231539999999825
21
-110.2664839999999913
0
LINE
8
BLACK
6
CONTINUOUS
10
242.4231539999999825
20
-110.2664839999999913
11
241.4190260000000023
21
-111.5531560000000013
0
LINE
8
BLACK
6
CONTINUOUS
10
241.4190260000000023
20
-111.5531560000000013
11
240.383623
21
-112.8147979999999961
0
LINE
8
BLACK
6
CONTINUOUS
10
240.383623
20
-112.8147979999999961
11
239.3175699999999892
21
-114.0506489999999928
0
LINE
8
BLACK
6
CONTINUOUS
10
239.3175699999999892
20
-114.0506489999999928
11
238.2215089999999975
21
-115.2599659999999915
0
LINE
8
BLACK
6
CONTINUOUS
10
238.2215089999999975
20
-115.2599659999999915
11
237.0960999999999785
21
-116.4420209999999969
0
LINE
8
BLACK
6
CONTINUOUS
10
237.0960999999999785
20
-116.4420209999999969
11
235.9420209999999827
21
-117.5960999999999927
0
LINE
8
BLACK
6
CONTINUOUS
10
235.9420209999999827
20
-117.5960999999999927
11
234.7599659999999915
21
-118.7215089999999975
0
LINE
8
BLACK
6
CONTINUOUS
10
234.7599659999999915
20
-118.7215089999999975
11
233.5506489999999928
21
-119.8175699999999892
0
LINE
8
BLACK
6
CONTINUOUS
10
233.5506489999999928
20
-119.8175699999999892
11
232.3147979999999961
21
-120.883623
0
LINE
8
BLACK
6
CONTINUOUS
10
232.3147979999999961
20
-120.883623
11
231.0531560000000013
21
-121.9190259999999881
0
LINE
8
BLACK
6
CONTINUOUS
10
231.0531560000000013
20
-121.9190259999999881
11
229.7664839999999913
21
-122.9231539999999967
0
LINE
8
BLACK
6
CONTINUOUS
10
229.7664839999999913
20
-122.9231539999999967
11
228.4555579999999964
21
-123.8954039999999992
0
LINE
8
BLACK
6
CONTINUOUS
10
228.4555579999999964
20
-123.8954039999999992
11
227.1211649999999906
21
-124.8351889999999997
0
LINE
8
BLACK
6
CONTINUOUS
10
227.1211649999999906
20
-124.8351889999999997
11
225.764111999999983
21
-125.741942999999992
0
LINE
8
BLACK
6
CONTINUOUS
10
225.764111999999983
20
-125.741942999999992
11
224.3852139999999906
21
-126.6151199999999903
0
LINE
8
BLACK
6
CONTINUOUS
10
224.3852139999999906
20
-126.6151199999999903
11
222.9853029999999876
21
-127.4541949999999986
0
LINE
8
BLACK
6
CONTINUOUS
10
222.9853029999999876
20
-127.4541949999999986
11
221.5652209999999798
21
-128.2586609999999894
0
LINE
8
BLACK
6
CONTINUOUS
10
221.5652209999999798
20
-128.2586609999999894
11
220.1258239999999944
21
-129.0280349999999885
0
LINE
8
BLACK
6
CONTINUOUS
10
220.1258239999999944
20
-129.0280349999999885
11
218.66798
21
-129.7618520000000046
0
LINE
8
BLACK
6
CONTINUOUS
10
218.66798
20
-129.7618520000000046
11
217.1925659999999993
21
-130.459670999999986
0
LINE
8
BLACK
6
CONTINUOUS
10
217.1925659999999993
20
-130.459670999999986
11
215.7004709999999932
21
-131.1210710000000006
0
LINE
8
BLACK
6
CONTINUOUS
10
215.7004709999999932
20
-131.1210710000000006
11
214.192592999999988
21
-131.7456540000000018
0
LINE
8
BLACK
6
CONTINUOUS
10
214.192592999999988
20
-131.7456540000000018
11
212.6698419999999885
21
-132.333044000000001
0
LINE
8
BLACK
6
CONTINUOUS
10
212.6698419999999885
20
-132.333044000000001
11
211.1331339999999841
21
-132.8828869999999824
0
LINE
8
BLACK
6
CONTINUOUS
10
211.1331339999999841
20
-132.8828869999999824
11
209.5833959999999934
21
-133.394851999999986
0
LINE
8
BLACK
6
CONTINUOUS
10
209.5833959999999934
20
-133.394851999999986
11
208.0215589999999963
21
-133.868629999999996
0
LINE
8
BLACK
6
CONTINUOUS
10
208.0215589999999963
20
-133.868629999999996
11
206.4485659999999996
21
-134.3039349999999956
0
LINE
8
BLACK
6
CONTINUOUS
10
206.4485659999999996
20
-134.3039349999999956
11
204.8653639999999996
21
-134.7005069999999876
0
LINE
8
BLACK
6
CONTINUOUS
10
204.8653639999999996
20
-134.7005069999999876
11
203.2729070000000036
21
-135.0581049999999834
0
LINE
8
BLACK
6
CONTINUOUS
10
203.2729070000000036
20
-135.0581049999999834
11
201.6721529999999802
21
-135.3765149999999835
0
LINE
8
BLACK
6
CONTINUOUS
10
201.6721529999999802
20
-135.3765149999999835
11
200.0640669999999943
21
-135.6555439999999919
0
LINE
8
BLACK
6
CONTINUOUS
10
200.0640669999999943
20
-135.6555439999999919
11
198.4496169999999893
21
-135.895025000000004
0
LINE
8
BLACK
6
CONTINUOUS
10
198.4496169999999893
20
-135.895025000000004
11
196.8297769999999787
21
-136.0948139999999853
0
LINE
8
BLACK
6
CONTINUOUS
10
196.8297769999999787
20
-136.0948139999999853
11
195.2055210000000045
21
-136.2547889999999882
0
LINE
8
BLACK
6
CONTINUOUS
10
195.2055210000000045
20
-136.2547889999999882
11
193.5778289999999799
21
-136.3748549999999966
0
LINE
8
BLACK
6
CONTINUOUS
10
193.5778289999999799
20
-136.3748549999999966
11
191.9476799999999912
21
-136.454938999999996
0
LINE
8
BLACK
6
CONTINUOUS
10
191.9476799999999912
20
-136.454938999999996
11
190.3160570000000007
21
-136.4949929999999938
0
LINE
8
BLACK
6
CONTINUOUS
10
190.3160570000000007
20
-136.4949929999999938
11
188.6839429999999993
21
-136.4949929999999938
0
LINE
8
BLACK
6
CONTINUOUS
10
188.6839429999999993
20
-136.4949929999999938
11
187.0523199999999804
21
-136.454938999999996
0
LINE
8
BLACK
6
CONTINUOUS
10
187.0523199999999804
20
-136.454938999999996
11
185.4221709999999916
21
-136.3748549999999966
0
LINE
8
BLACK
6
CONTINUOUS
10
185.4221709999999916
20
-136.3748549999999966
11
183.7944789999999955
21
-136.2547889999999882
0
LINE
8
BLACK
6
CONTINUOUS
10
183.7944789999999955
20
-136.2547889999999882
11
182.1702229999999929
21
-136.0948139999999853
0
LINE
8
BLACK
6
CONTINUOUS
10
182.1702229999999929
20
-136.0948139999999853
11
180.5503829999999823
21
-135.895025000000004
0
LINE
8
BLACK
6
CONTINUOUS
10
180.5503829999999823
20
-135.895025000000004
11
178.9359330000000057
21
-135.6555439999999919
0
LINE
8
BLACK
6
CONTINUOUS
10
178.9359330000000057
20
-135.6555439999999919
11
177.3278469999999913
21
-135.3765149999999835
0
LINE
8
BLACK
6
CONTINUOUS
10
177.3278469999999913
20
-135.3765149999999835
11
175.7270929999999964
21
-135.0581049999999834
0
LINE
8
BLACK
6
CONTINUOUS
10
175.7270929999999964
20
-135.0581049999999834
11
174.1346360000000004
21
-134.7005069999999876
0
LINE
8
BLACK
6
CONTINUOUS
10
174.1346360000000004
20
-134.7005069999999876
11
172.5514340000000004
21
-134.3039349999999956
0
LINE
8
BLACK
6
CONTINUOUS
10
172.5514340000000004
20
-134.3039349999999956
11
170.9784410000000037
21
-133.868629999999996
0
LINE
8
BLACK
6
CONTINUOUS
10
170.9784410000000037
20
-133.868629999999996
11
169.4166039999999782
21
-133.394851999999986
0
LINE
8
BLACK
6
CONTINUOUS
10
169.4166039999999782
20
-133.394851999999986
11
167.8668659999999875
21
-132.8828869999999824
0
LINE
8
BLACK
6
CONTINUOUS
10
167.8668659999999875
20
-132.8828869999999824
11
166.3301579999999831
21
-132.333044000000001
0
LINE
8
BLACK
6
CONTINUOUS
10
166.3301579999999831
20
-132.333044000000001
11
164.8074069999999836
21
-131.7456540000000018
0
LINE
8
BLACK
6
CONTINUOUS
10
164.8074069999999836
20
-131.7456540000000018
11
163.2995290000000068
21
-131.1210710000000006
0
LINE
8
BLACK
6
CONTINUOUS
10
163.2995290000000068
20
-131.1210710000000006
11
161.8074340000000007
21
-130.459670999999986
0
LINE
8
BLACK
6
CONTINUOUS
10
161.8074340000000007
20
-130.459670999999986
11
160.33202
21
-129.7618520000000046
0
LINE
8
BLACK
6
CONTINUOUS
10
160.33202
20
-129.7618520000000046
11
158.8741760000000056
21
-129.0280349999999885
0
LINE
8
BLACK
6
CONTINUOUS
10
158.8741760000000056
20
-129.0280349999999885
11
157.4347789999999918
21
-128.2586609999999894
0
LINE
8
BLACK
6
CONTINUOUS
10
157.4347789999999918
20
-128.2586609999999894
11
156.014696999999984
21
-127.4541949999999986
0
LINE
8
BLACK
6
CONTINUOUS
10
156.014696999999984
20
-127.4541949999999986
11
154.614785999999981
21
-126.6151199999999903
0
LINE
8
BLACK
6
CONTINUOUS
10
154.614785999999981
20
-126.6151199999999903
11
153.2358879999999886
21
-125.741942999999992
0
LINE
8
BLACK
6
CONTINUOUS
10
153.2358879999999886
20
-125.741942999999992
11
151.8788349999999809
21
-124.8351889999999997
0
LINE
8
BLACK
6
CONTINUOUS
10
151.8788349999999809
20
-124.8351889999999997
11
150.5444420000000036
21
-123.8954039999999992
0
LINE
8
BLACK
6
CONTINUOUS
10
150.5444420000000036
20
-123.8954039999999992
11
149.2335159999999803
21
-122.9231539999999967
0
LINE
8
BLACK
6
CONTINUOUS
10
149.2335159999999803
20
-122.9231539999999967
11
147.9468439999999987
21
-121.9190259999999881
0
LINE
8
BLACK
6
CONTINUOUS
10
147.9468439999999987
20
-121.9190259999999881
11
146.6852020000000039
21
-120.883623
0
LINE
8
BLACK
6
CONTINUOUS
10
146.6852020000000039
20
-120.883623
11
145.4493510000000072
21
-119.8175699999999892
0
LINE
8
BLACK
6
CONTINUOUS
10
145.4493510000000072
20
-119.8175699999999892
11
144.2400339999999801
21
-118.7215089999999975
0
LINE
8
BLACK
6
CONTINUOUS
10
144.2400339999999801
20
-118.7215089999999975
11
143.0579789999999889
21
-117.5960999999999927
0
LINE
8
BLACK
6
CONTINUOUS
10
143.0579789999999889
20
-117.5960999999999927
11
141.903899999999993
21
-116.4420209999999969
0
LINE
8
BLACK
6
CONTINUOUS
10
141.903899999999993
20
-116.4420209999999969
11
140.7784910000000025
21
-115.2599659999999915
0
LINE
8
BLACK
6
CONTINUOUS
10
140.7784910000000025
20
-115.2599659999999915
11
139.6824299999999823
21
-114.0506489999999928
0
LINE
8
BLACK
6
CONTINUOUS
10
139.6824299999999823
20
-114.0506489999999928
11
138.616377
21
-112.8147979999999961
0
LINE
8
BLACK
6
CONTINUOUS
10
138.616377
20
-112.8147979999999961
11
137.5809739999999977
21
-111.5531560000000013
0
LINE
8
BLACK
6
CONTINUOUS
10
137.5809739999999977
20
-111.5531560000000013
11
136.5768459999999891
21
-110.2664839999999913
0
LINE
8
BLACK
6
CONTINUOUS
10
136.5768459999999891
20
-110.2664839999999913
11
135.6045959999999866
21
-108.9555579999999964
0
LINE
8
BLACK
6
CONTINUOUS
10
135.6045959999999866
20
-108.9555579999999964
11
134.6648109999999861
21
-107.6211649999999906
0
LINE
8
BLACK
6
CONTINUOUS
10
134.6648109999999861
20
-107.6211649999999906
11
133.758057000000008
21
-106.2641119999999972
0
LINE
8
BLACK
6
CONTINUOUS
10
133.758057000000008
20
-106.2641119999999972
11
132.8848799999999812
21
-104.8852139999999906
0
LINE
8
BLACK
6
CONTINUOUS
10
132.8848799999999812
20
-104.8852139999999906
11
132.0458050000000014
21
-103.4853030000000018
0
LINE
8
BLACK
6
CONTINUOUS
10
132.0458050000000014
20
-103.4853030000000018
11
131.2413389999999822
21
-102.065220999999994
0
LINE
8
BLACK
6
CONTINUOUS
10
131.2413389999999822
20
-102.065220999999994
11
130.4719649999999831
21
-100.6258239999999944
0
LINE
8
BLACK
6
CONTINUOUS
10
130.4719649999999831
20
-100.6258239999999944
11
129.7381479999999954
21
-99.16798
0
LINE
8
BLACK
6
CONTINUOUS
10
129.7381479999999954
20
-99.16798
11
129.0403289999999856
21
-97.6925659999999993
0
LINE
8
BLACK
6
CONTINUOUS
10
129.0403289999999856
20
-97.6925659999999993
11
128.3789289999999994
21
-96.2004709999999932
0
LINE
8
BLACK
6
CONTINUOUS
10
128.3789289999999994
20
-96.2004709999999932
11
127.7543459999999982
21
-94.6925930000000022
0
LINE
8
BLACK
6
CONTINUOUS
10
127.7543459999999982
20
-94.6925930000000022
11
127.166955999999999
21
-93.1698420000000027
0
LINE
8
BLACK
6
CONTINUOUS
10
127.166955999999999
20
-93.1698420000000027
11
126.6171129999999891
21
-91.6331339999999983
0
LINE
8
BLACK
6
CONTINUOUS
10
126.6171129999999891
20
-91.6331339999999983
11
126.1051479999999998
21
-90.0833959999999934
0
LINE
8
BLACK
6
CONTINUOUS
10
126.1051479999999998
20
-90.0833959999999934
11
125.6313699999999898
21
-88.5215589999999963
0
LINE
8
BLACK
6
CONTINUOUS
10
125.6313699999999898
20
-88.5215589999999963
11
125.1960649999999902
21
-86.9485659999999996
0
LINE
8
BLACK
6
CONTINUOUS
10
125.1960649999999902
20
-86.9485659999999996
11
124.7994929999999982
21
-85.3653639999999996
0
LINE
8
BLACK
6
CONTINUOUS
10
124.7994929999999982
20
-85.3653639999999996
11
124.4418949999999882
21
-83.7729069999999894
0
LINE
8
BLACK
6
CONTINUOUS
10
124.4418949999999882
20
-83.7729069999999894
11
124.1234849999999881
21
-82.1721529999999944
0
LINE
8
BLACK
6
CONTINUOUS
10
124.1234849999999881
20
-82.1721529999999944
11
123.8444559999999939
21
-80.5640669999999943
0
LINE
8
BLACK
6
CONTINUOUS
10
123.8444559999999939
20
-80.5640669999999943
11
123.604974999999996
21
-78.9496170000000035
0
LINE
8
BLACK
6
CONTINUOUS
10
123.604974999999996
20
-78.9496170000000035
11
123.4051860000000005
21
-77.3297769999999929
0
LINE
8
BLACK
6
CONTINUOUS
10
123.4051860000000005
20
-77.3297769999999929
11
123.2452109999999976
21
-75.7055209999999903
0
LINE
8
BLACK
6
CONTINUOUS
10
123.2452109999999976
20
-75.7055209999999903
11
123.1251449999999892
21
-74.0778289999999942
0
LINE
8
BLACK
6
CONTINUOUS
10
123.1251449999999892
20
-74.0778289999999942
11
123.0450609999999898
21
-72.4476799999999912
0
LINE
8
BLACK
6
CONTINUOUS
10
123.0450609999999898
20
-72.4476799999999912
11
123.005006999999992
21
-70.8160570000000007
0
LINE
8
BLACK
6
CONTINUOUS
10
123.005006999999992
20
-70.8160570000000007
11
123.005006999999992
21
-69.427970000000002
0
LINE
8
BLACK
6
CONTINUOUS
10
123.005006999999992
20
-69.427970000000002
11
123.005006999999992
21
-69.1839429999999993
0
LINE
8
BLACK
6
CONTINUOUS
10
123.005006999999992
20
-69.1839429999999993
11
123.0450609999999898
21
-67.5523199999999946
0
LINE
8
BLACK
6
CONTINUOUS
10
123.0450609999999898
20
-67.5523199999999946
11
123.1251449999999892
21
-65.9221709999999916
0
LINE
8
BLACK
6
CONTINUOUS
10
123.1251449999999892
20
-65.9221709999999916
11
123.2452109999999976
21
-64.2944789999999955
0
LINE
8
BLACK
6
CONTINUOUS
10
123.2452109999999976
20
-64.2944789999999955
11
123.4051860000000005
21
-62.670223
0
LINE
8
BLACK
6
CONTINUOUS
10
123.4051860000000005
20
-62.670223
11
123.604974999999996
21
-61.0503829999999965
0
LINE
8
BLACK
6
CONTINUOUS
10
123.604974999999996
20
-61.0503829999999965
11
123.8444559999999939
21
-59.4359329999999986
0
LINE
8
BLACK
6
CONTINUOUS
10
123.8444559999999939
20
-59.4359329999999986
11
124.1234849999999881
21
-57.8278469999999984
0
LINE
8
BLACK
6
CONTINUOUS
10
124.1234849999999881
20
-57.8278469999999984
11
124.4418949999999882
21
-56.2270929999999964
0
LINE
8
BLACK
6
CONTINUOUS
10
124.4418949999999882
20
-56.2270929999999964
11
124.7994929999999982
21
-54.6346360000000004
0
LINE
8
BLACK
6
CONTINUOUS
10
124.7994929999999982
20
-54.6346360000000004
11
125.1960649999999902
21
-53.0514340000000004
0
LINE
8
BLACK
6
CONTINUOUS
10
125.1960649999999902
20
-53.0514340000000004
11
125.6313699999999898
21
-51.4784409999999966
0
LINE
8
BLACK
6
CONTINUOUS
10
125.6313699999999898
20
-51.4784409999999966
11
126.1051479999999998
21
-49.9166039999999995
0
LINE
8
BLACK
6
CONTINUOUS
10
126.1051479999999998
20
-49.9166039999999995
11
126.6171129999999891
21
-48.3668659999999946
0
LINE
8
BLACK
6
CONTINUOUS
10
126.6171129999999891
20
-48.3668659999999946
11
127.166955999999999
21
-46.8301579999999973
0
LINE
8
BLACK
6
CONTINUOUS
10
127.166955999999999
20
-46.8301579999999973
11
127.7543459999999982
21
-45.3074069999999978
0
LINE
8
BLACK
6
CONTINUOUS
10
127.7543459999999982
20
-45.3074069999999978
11
128.3789289999999994
21
-43.7995289999999997
0
LINE
8
BLACK
6
CONTINUOUS
10
128.3789289999999994
20
-43.7995289999999997
11
129.0403289999999856
21
-42.3074340000000007
0
LINE
8
BLACK
6
CONTINUOUS
10
129.0403289999999856
20
-42.3074340000000007
11
129.7381479999999954
21
-40.83202
0
LINE
8
BLACK
6
CONTINUOUS
10
129.7381479999999954
20
-40.83202
11
130.4719649999999831
21
-39.3741759999999985
0
LINE
8
BLACK
6
CONTINUOUS
10
130.4719649999999831
20
-39.3741759999999985
11
131.2413389999999822
21
-37.9347789999999989
0
LINE
8
BLACK
6
CONTINUOUS
10
131.2413389999999822
20
-37.9347789999999989
11
132.0458050000000014
21
-36.5146969999999982
0
LINE
8
BLACK
6
CONTINUOUS
10
132.0458050000000014
20
-36.5146969999999982
11
132.8848799999999812
21
-35.1147859999999952
0
LINE
8
BLACK
6
CONTINUOUS
10
132.8848799999999812
20
-35.1147859999999952
11
133.758057000000008
21
-33.7358879999999957
0
LINE
8
BLACK
6
CONTINUOUS
10
133.758057000000008
20
-33.7358879999999957
11
134.6648109999999861
21
-32.3788349999999951
0
LINE
8
BLACK
6
CONTINUOUS
10
134.6648109999999861
20
-32.3788349999999951
11
135.6045959999999866
21
-31.0444420000000001
0
LINE
8
BLACK
6
CONTINUOUS
10
135.6045959999999866
20
-31.0444420000000001
11
136.5768459999999891
21
-29.7335159999999981
0
LINE
8
BLACK
6
CONTINUOUS
10
136.5768459999999891
20
-29.7335159999999981
11
137.5809739999999977
21
-28.4468439999999987
0
LINE
8
BLACK
6
CONTINUOUS
10
137.5809739999999977
20
-28.4468439999999987
11
138.616377
21
-27.1852020000000003
0
LINE
8
BLACK
6
CONTINUOUS
10
138.616377
20
-27.1852020000000003
11
139.6824299999999823
21
-25.9493510000000001
0
LINE
8
BLACK
6
CONTINUOUS
10
139.6824299999999823
20
-25.9493510000000001
11
140.7784910000000025
21
-24.7400339999999979
0
LINE
8
BLACK
6
CONTINUOUS
10
140.7784910000000025
20
-24.7400339999999979
11
141.903899999999993
21
-23.5579789999999996
0
LINE
8
BLACK
6
CONTINUOUS
10
141.903899999999993
20
-23.5579789999999996
11
143.0579789999999889
21
-22.4039000000000001
0
LINE
8
BLACK
6
CONTINUOUS
10
143.0579789999999889
20
-22.4039000000000001
11
144.2400339999999801
21
-21.2784909999999989
0
LINE
8
BLACK
6
CONTINUOUS
10
144.2400339999999801
20
-21.2784909999999989
11
145.4493510000000072
21
-20.1824300000000001
0
LINE
8
BLACK
6
CONTINUOUS
10
145.4493510000000072
20
-20.1824300000000001
11
146.6852020000000039
21
-19.116377
0
LINE
8
BLACK
6
CONTINUOUS
10
146.6852020000000039
20
-19.116377
11
147.9468439999999987
21
-18.0809739999999977
0
LINE
8
BLACK
6
CONTINUOUS
10
147.9468439999999987
20
-18.0809739999999977
11
149.2335159999999803
21
-17.0768459999999997
0
LINE
8
BLACK
6
CONTINUOUS
10
149.2335159999999803
20
-17.0768459999999997
11
150.5444420000000036
21
-16.1045960000000008
0
LINE
8
BLACK
6
CONTINUOUS
10
150.5444420000000036
20
-16.1045960000000008
11
151.8788349999999809
21
-15.1648109999999985
0
LINE
8
BLACK
6
CONTINUOUS
10
151.8788349999999809
20
-15.1648109999999985
11
153.2358879999999886
21
-14.2580569999999991
0
LINE
8
BLACK
6
CONTINUOUS
10
153.2358879999999886
20
-14.2580569999999991
11
154.614785999999981
21
-13.384879999999999
0
LINE
8
BLACK
6
CONTINUOUS
10
154.614785999999981
20
-13.384879999999999
11
156.014696999999984
21
-12.5458049999999997
0
LINE
8
BLACK
6
CONTINUOUS
10
156.014696999999984
20
-12.5458049999999997
11
157.4347789999999918
21
-11.741339
0
LINE
8
BLACK
6
CONTINUOUS
10
157.4347789999999918
20
-11.741339
11
158.8741760000000056
21
-10.9719649999999991
0
LINE
8
BLACK
6
CONTINUOUS
10
158.8741760000000056
20
-10.9719649999999991
11
160.33202
21
-10.2381479999999989
0
LINE
8
BLACK
6
CONTINUOUS
10
160.33202
20
-10.2381479999999989
11
161.8074340000000007
21
-9.5403289999999998
0
LINE
8
BLACK
6
CONTINUOUS
10
161.8074340000000007
20
-9.5403289999999998
11
163.2995290000000068
21
-8.8789289999999994
0
LINE
8
BLACK
6
CONTINUOUS
10
163.2995290000000068
20
-8.8789289999999994
11
164.8074069999999836
21
-8.254346
0
LINE
8
BLACK
6
CONTINUOUS
10
164.8074069999999836
20
-8.254346
11
166.3301579999999831
21
-7.6669559999999999
0
LINE
8
BLACK
6
CONTINUOUS
10
166.3301579999999831
20
-7.6669559999999999
11
167.8668659999999875
21
-7.1171129999999998
0
LINE
8
BLACK
6
CONTINUOUS
10
167.8668659999999875
20
-7.1171129999999998
11
169.4166039999999782
21
-6.6051479999999998
0
LINE
8
BLACK
6
CONTINUOUS
10
169.4166039999999782
20
-6.6051479999999998
11
170.9784410000000037
21
-6.1313699999999995
0
LINE
8
BLACK
6
CONTINUOUS
10
170.9784410000000037
20
-6.1313699999999995
11
172.5514340000000004
21
-5.6960649999999999
0
LINE
8
BLACK
6
CONTINUOUS
10
172.5514340000000004
20
-5.6960649999999999
11
174.1346360000000004
21
-5.299493
0
LINE
8
BLACK
6
CONTINUOUS
10
174.1346360000000004
20
-5.299493
11
175.7270929999999964
21
-4.9418949999999997
0
LINE
8
BLACK
6
CONTINUOUS
10
175.7270929999999964
20
-4.9418949999999997
11
177.3278469999999913
21
-4.6234849999999996
0
LINE
8
BLACK
6
CONTINUOUS
10
177.3278469999999913
20
-4.6234849999999996
11
178.9359330000000057
21
-4.3444560000000001
0
LINE
8
BLACK
6
CONTINUOUS
10
178.9359330000000057
20
-4.3444560000000001
11
180.5503829999999823
21
-4.1049749999999996
0
LINE
8
BLACK
6
CONTINUOUS
10
180.5503829999999823
20
-4.1049749999999996
11
182.1702229999999929
21
-3.9051859999999996
0
LINE
8
BLACK
6
CONTINUOUS
10
182.1702229999999929
20
-3.9051859999999996
11
183.7944789999999955
21
-3.7452109999999998
0
LINE
8
BLACK
6
CONTINUOUS
10
183.7944789999999955
20
-3.7452109999999998
11
185.4221709999999916
21
-3.6251449999999998
0
LINE
8
BLACK
6
CONTINUOUS
10
185.4221709999999916
20
-3.6251449999999998
11
187.0523199999999804
21
-3.545061
0
LINE
8
BLACK
6
CONTINUOUS
10
187.0523199999999804
20
-3.545061
11
188.6839429999999993
21
-3.505007
0
LINE
8
BLACK
6
CONTINUOUS
10
188.6839429999999993
20
-3.505007
11
190.3160570000000007
21
-3.505007
0
LINE
8
BLACK
6
CONTINUOUS
10
190.3160570000000007
20
-3.505007
11
191.9476799999999912
21
-3.545061
0
LINE
8
BLACK
6
CONTINUOUS
10
156.
20
-70.572029999999998
11
156.0390589999999804
21
-71.7154239999999987
0
LINE
8
BLACK
6
CONTINUOUS
10
156.0390589999999804
20
-71.7154239999999987
11
156.117131999999998
21
-72.8568179999999899
0
LINE
8
BLACK
6
CONTINUOUS
10
156.117131999999998
20
-72.8568179999999899
11
156.2341289999999958
21
-73.9948799999999949
0
LINE
8
BLACK
6
CONTINUOUS
10
156.2341289999999958
20
-73.9948799999999949
11
156.3899119999999812
21
-75.1282849999999911
0
LINE
8
BLACK
6
CONTINUOUS
10
156.3899119999999812
20
-75.1282849999999911
11
156.5842999999999847
21
-76.2557109999999909
0
LINE
8
BLACK
6
CONTINUOUS
10
156.5842999999999847
20
-76.2557109999999909
11
156.8170659999999828
21
-77.3758419999999916
0
LINE
8
BLACK
6
CONTINUOUS
10
156.8170659999999828
20
-77.3758419999999916
11
157.0879379999999799
21
-78.4873740000000026
0
LINE
8
BLACK
6
CONTINUOUS
10
157.0879379999999799
20
-78.4873740000000026
11
157.3966020000000015
21
-79.5890100000000018
0
LINE
8
BLACK
6
CONTINUOUS
10
157.3966020000000015
20
-79.5890100000000018
11
157.7426969999999926
21
-80.6794649999999933
0
LINE
8
BLACK
6
CONTINUOUS
10
157.7426969999999926
20
-80.6794649999999933
11
158.1258200000000045
21
-81.7574690000000004
0
LINE
8
BLACK
6
CONTINUOUS
10
158.1258200000000045
20
-81.7574690000000004
11
158.5455230000000029
21
-82.8217640000000017
0
LINE
8
BLACK
6
CONTINUOUS
10
158.5455230000000029
20
-82.8217640000000017
11
159.0013179999999977
21
-83.8711089999999899
0
LINE
8
BLACK
6
CONTINUOUS
10
159.0013179999999977
20
-83.8711089999999899
11
159.4926739999999938
21
-84.9042819999999949
0
LINE
8
BLACK
6
CONTINUOUS
10
159.4926739999999938
20
-84.9042819999999949
11
160.0190159999999935
21
-85.9200759999999946
0
LINE
8
BLACK
6
CONTINUOUS
10
160.0190159999999935
20
-85.9200759999999946
11
160.5797319999999786
21
-86.917309000000003
0
LINE
8
BLACK
6
CONTINUOUS
10
160.5797319999999786
20
-86.917309000000003
11
161.1741669999999829
21
-87.8948159999999916
0
LINE
8
BLACK
6
CONTINUOUS
10
161.1741669999999829
20
-87.8948159999999916
11
161.8016299999999887
21
-88.851460000000003
0
LINE
8
BLACK
6
CONTINUOUS
10
161.8016299999999887
20
-88.851460000000003
11
162.461387000000002
21
-89.7861229999999892
0
LINE
8
BLACK
6
CONTINUOUS
10
162.461387000000002
20
-89.7861229999999892
11
163.1526700000000005
21
-90.6977159999999998
0
LINE
8
BLACK
6
CONTINUOUS
10
163.1526700000000005
20
-90.6977159999999998
11
163.8746730000000014
21
-91.5851770000000016
0
LINE
8
BLACK
6
CONTINUOUS
10
163.8746730000000014
20
-91.5851770000000016
11
164.6265539999999987
21
-92.4474699999999956
0
LINE
8
BLACK
6
CONTINUOUS
10
164.6265539999999987
20
-92.4474699999999956
11
165.4074359999999899
21
-93.2835910000000013
0
LINE
8
BLACK
6
CONTINUOUS
10
165.4074359999999899
20
-93.2835910000000013
11
166.2164089999999987
21
-94.0925639999999959
0
LINE
8
BLACK
6
CONTINUOUS
10
166.2164089999999987
20
-94.0925639999999959
11
167.0525299999999902
21
-94.8734460000000013
0
LINE
8
BLACK
6
CONTINUOUS
10
167.0525299999999902
20
-94.8734460000000013
11
167.9148229999999842
21
-95.6253269999999986
0
LINE
8
BLACK
6
CONTINUOUS
10
167.9148229999999842
20
-95.6253269999999986
11
168.802283999999986
21
-96.3473299999999995
0
LINE
8
BLACK
6
CONTINUOUS
10
168.802283999999986
20
-96.3473299999999995
11
169.7138769999999965
21
-97.038612999999998
0
LINE
8
BLACK
6
CONTINUOUS
10
169.7138769999999965
20
-97.038612999999998
11
170.648539999999997
21
-97.698369999999997
0
LINE
8
BLACK
6
CONTINUOUS
10
170.648539999999997
20
-97.698369999999997
11
171.60518399999998
21
-98.3258329999999887
0
LINE
8
BLACK
6
CONTINUOUS
10
171.60518399999998
20
-98.3258329999999887
11
172.5826909999999828
21
-98.920267999999993
0
LINE
8
BLACK
6
CONTINUOUS
10
172.5826909999999828
20
-98.920267999999993
11
173.5799240000000054
21
-99.4809839999999923
0
LINE
8
BLACK
6
CONTINUOUS
10
173.5799240000000054
20
-99.4809839999999923
11
174.5957180000000051
21
-100.007325999999992
0
LINE
8
BLACK
6
CONTINUOUS
10
174.5957180000000051
20
-100.007325999999992
11
175.6288909999999817
21
-100.4986820000000023
0
LINE
8
BLACK
6
CONTINUOUS
10
175.6288909999999817
20
-100.4986820000000023
11
176.6782359999999983
21
-100.9544769999999971
0
LINE
8
BLACK
6
CONTINUOUS
10
176.6782359999999983
20
-100.9544769999999971
11
177.7425309999999854
21
-101.3741799999999955
0
LINE
8
BLACK
6
CONTINUOUS
10
177.7425309999999854
20
-101.3741799999999955
11
178.8205349999999783
21
-101.7573029999999932
0
LINE
8
BLACK
6
CONTINUOUS
10
178.8205349999999783
20
-101.7573029999999932
11
179.9109899999999982
21
-102.1033979999999985
0
LINE
8
BLACK
6
CONTINUOUS
10
179.9109899999999982
20
-102.1033979999999985
11
181.0126259999999832
21
-102.4120619999999917
0
LINE
8
BLACK
6
CONTINUOUS
10
181.0126259999999832
20
-102.4120619999999917
11
182.1241579999999942
21
-102.6829339999999888
0
LINE
8
BLACK
6
CONTINUOUS
10
182.1241579999999942
20
-102.6829339999999888
11
183.2442889999999807
21
-102.9157000000000011
0
LINE
8
BLACK
6
CONTINUOUS
10
183.2442889999999807
20
-102.9157000000000011
11
184.3717149999999947
21
-103.1100879999999904
0
LINE
8
BLACK
6
CONTINUOUS
10
184.3717149999999947
20
-103.1100879999999904
11
185.5051200000000051
21
-103.26587099999999
0
LINE
8
BLACK
6
CONTINUOUS
10
185.5051200000000051
20
-103.26587099999999
11
186.6431819999999959
21
-103.382868000000002
0
LINE
8
BLACK
6
CONTINUOUS
10
186.6431819999999959
20
-103.382868000000002
11
187.7845759999999871
21
-103.4609409999999912
0
LINE
8
BLACK
6
CONTINUOUS
10
187.7845759999999871
20
-103.4609409999999912
11
188.9279699999999877
21
-103.5
0
LINE
8
BLACK
6
CONTINUOUS
10
188.9279699999999877
20
-103.5
11
190.0720299999999838
21
-103.5
0
LINE
8
BLACK
6
CONTINUOUS
10
190.0720299999999838
20
-103.5
11
191.2154239999999845
21
-103.4609409999999912
0
LINE
8
BLACK
6
CONTINUOUS
10
191.2154239999999845
20
-103.4609409999999912
11
192.3568180000000041
21
-103.382868000000002
0
LINE
8
BLACK
6
CONTINUOUS
10
192.3568180000000041
20
-103.382868000000002
11
193.4948799999999949
21
-103.26587099999999
0
LINE
8
BLACK
6
CONTINUOUS
10
193.4948799999999949
20
-103.26587099999999
11
194.6282850000000053
21
-103.1100879999999904
0
LINE
8
BLACK
6
CONTINUOUS
10
194.6282850000000053
20
-103.1100879999999904
11
195.7557109999999909
21
-102.9157000000000011
0
LINE
8
BLACK
6
CONTINUOUS
10
195.7557109999999909
20
-102.9157000000000011
11
196.8758419999999774
21
-102.6829339999999888
0
LINE
8
BLACK
6
CONTINUOUS
10
196.8758419999999774
20
-102.6829339999999888
11
197.9873739999999884
21
-102.4120619999999917
0
LINE
8
BLACK
6
CONTINUOUS
10
197.9873739999999884
20
-102.4120619999999917
11
199.0890100000000018
21
-102.1033979999999985
0
LINE
8
BLACK
6
CONTINUOUS
10
199.0890100000000018
20
-102.1033979999999985
11
200.1794649999999933
21
-101.7573029999999932
0
LINE
8
BLACK
6
CONTINUOUS
10
200.1794649999999933
20
-101.7573029999999932
11
201.2574689999999862
21
-101.3741799999999955
0
LINE
8
BLACK
6
CONTINUOUS
10
201.2574689999999862
20
-101.3741799999999955
11
202.3217640000000017
21
-100.9544769999999971
0
LINE
8
BLACK
6
CONTINUOUS
10
202.3217640000000017
20
-100.9544769999999971
11
203.3711089999999899
21
-100.4986820000000023
0
LINE
8
BLACK
6
CONTINUOUS
10
203.3711089999999899
20
-100.4986820000000023
11
204.4042819999999949
21
-100.007325999999992
0
LINE
8
BLACK
6
CONTINUOUS
10
204.4042819999999949
20
-100.007325999999992
11
205.4200759999999946
21
-99.4809839999999923
0
LINE
8
BLACK
6
CONTINUOUS
10
205.4200759999999946
20
-99.4809839999999923
11
206.4173089999999888
21
-98.920267999999993
0
LINE
8
BLACK
6
CONTINUOUS
10
206.4173089999999888
20
-98.920267999999993
11
207.3948159999999916
21
-98.3258329999999887
0
LINE
8
BLACK
6
CONTINUOUS
10
207.3948159999999916
20
-98.3258329999999887
11
208.351460000000003
21
-97.698369999999997
0
LINE
8
BLACK
6
CONTINUOUS
10
208.351460000000003
20
-97.698369999999997
11
209.2861230000000035
21
-97.038612999999998
0
LINE
8
BLACK
6
CONTINUOUS
10
209.2861230000000035
20
-97.038612999999998
11
210.1977159999999856
21
-96.3473299999999995
0
LINE
8
BLACK
6
CONTINUOUS
10
210.1977159999999856
20
-96.3473299999999995
11
211.0851769999999874
21
-95.6253269999999986
0
LINE
8
BLACK
6
CONTINUOUS
10
211.0851769999999874
20
-95.6253269999999986
11
211.9474699999999814
21
-94.8734460000000013
0
LINE
8
BLACK
6
CONTINUOUS
10
211.9474699999999814
20
-94.8734460000000013
11
212.7835910000000013
21
-94.0925639999999959
0
LINE
8
BLACK
6
CONTINUOUS
10
212.7835910000000013
20
-94.0925639999999959
11
213.5925639999999817
21
-93.2835910000000013
0
LINE
8
BLACK
6
CONTINUOUS
10
213.5925639999999817
20
-93.2835910000000013
11
214.3734460000000013
21
-92.4474699999999956
0
LINE
8
BLACK
6
CONTINUOUS
10
214.3734460000000013
20
-92.4474699999999956
11
215.1253269999999986
21
-91.5851770000000016
0
LINE
8
BLACK
6
CONTINUOUS
10
215.1253269999999986
20
-91.5851770000000016
11
215.8473299999999995
21
-90.6977159999999998
0
LINE
8
BLACK
6
CONTINUOUS
10
215.8473299999999995
20
-90.6977159999999998
11
216.538612999999998
21
-89.7861229999999892
0
LINE
8
BLACK
6
CONTINUOUS
10
216.538612999999998
20
-89.7861229999999892
11
217.1983699999999828
21
-88.851460000000003
0
LINE
8
BLACK
6
CONTINUOUS
10
217.1983699999999828
20
-88.851460000000003
11
217.8258329999999887
21
-87.8948159999999916
0
LINE
8
BLACK
6
CONTINUOUS
10
217.8258329999999887
20
-87.8948159999999916
11
218.420267999999993
21
-86.917309000000003
0
LINE
8
BLACK
6
CONTINUOUS
10
218.420267999999993
20
-86.917309000000003
11
218.9809839999999781
21
-85.9200759999999946
0
LINE
8
BLACK
6
CONTINUOUS
10
218.9809839999999781
20
-85.9200759999999946
11
219.5073259999999777
21
-84.9042819999999949
0
LINE
8
BLACK
6
CONTINUOUS
10
219.5073259999999777
20
-84.9042819999999949
11
219.9986820000000023
21
-83.8711089999999899
0
LINE
8
BLACK
6
CONTINUOUS
10
219.9986820000000023
20
-83.8711089999999899
11
220.4544769999999971
21
-82.8217640000000017
0
LINE
8
BLACK
6
CONTINUOUS
10
220.4544769999999971
20
-82.8217640000000017
11
220.8741799999999955
21
-81.7574690000000004
0
LINE
8
BLACK
6
CONTINUOUS
10
220.8741799999999955
20
-81.7574690000000004
11
221.257302999999979
21
-80.6794649999999933
0
LINE
8
BLACK
6
CONTINUOUS
10
221.257302999999979
20
-80.6794649999999933
11
221.6033979999999985
21
-79.5890100000000018
0
LINE
8
BLACK
6
CONTINUOUS
10
221.6033979999999985
20
-79.5890100000000018
11
221.9120619999999917
21
-78.4873740000000026
0
LINE
8
BLACK
6
CONTINUOUS
10
221.9120619999999917
20
-78.4873740000000026
11
222.1829339999999888
21
-77.3758419999999916
0
LINE
8
BLACK
6
CONTINUOUS
10
222.1829339999999888
20
-77.3758419999999916
11
222.4156999999999869
21
-76.2557109999999909
0
LINE
8
BLACK
6
CONTINUOUS
10
222.4156999999999869
20
-76.2557109999999909
11
222.6100879999999904
21
-75.1282849999999911
0
LINE
8
BLACK
6
CONTINUOUS
10
222.6100879999999904
20
-75.1282849999999911
11
222.7658709999999758
21
-73.9948799999999949
0
LINE
8
BLACK
6
CONTINUOUS
10
222.7658709999999758
20
-73.9948799999999949
11
222.882868000000002
21
-72.8568179999999899
0
LINE
8
BLACK
6
CONTINUOUS
10
222.882868000000002
20
-72.8568179999999899
11
222.9609409999999912
21
-71.7154239999999987
0
LINE
8
BLACK
6
CONTINUOUS
10
222.9609409999999912
20
-71.7154239999999987
11
223.
21
-70.572029999999998
0
LINE
8
BLACK
6
CONTINUOUS
10
223.
20
-70.572029999999998
11
223.
21
-69.427970000000002
0
LINE
8
BLACK
6
CONTINUOUS
10
223.
20
-69.427970000000002
11
222.9609409999999912
21
-68.2845760000000013
0
LINE
8
BLACK
6
CONTINUOUS
10
222.9609409999999912
20
-68.2845760000000013
11
222.882868000000002
21
-67.1431819999999959
0
LINE
8
BLACK
6
CONTINUOUS
10
222.882868000000002
20
-67.1431819999999959
11
222.7658709999999758
21
-66.0051199999999909
0
LINE
8
BLACK
6
CONTINUOUS
10
222.7658709999999758
20
-66.0051199999999909
11
222.6100879999999904
21
-64.8717149999999947
0
LINE
8
BLACK
6
CONTINUOUS
10
222.6100879999999904
20
-64.8717149999999947
11
222.4156999999999869
21
-63.7442889999999949
0
LINE
8
BLACK
6
CONTINUOUS
10
222.4156999999999869
20
-63.7442889999999949
11
222.1829339999999888
21
-62.6241579999999942
0
LINE
8
BLACK
6
CONTINUOUS
10
222.1829339999999888
20
-62.6241579999999942
11
221.9120619999999917
21
-61.5126259999999974
0
LINE
8
BLACK
6
CONTINUOUS
10
221.9120619999999917
20
-61.5126259999999974
11
221.6033979999999985
21
-60.4109899999999982
0
LINE
8
BLACK
6
CONTINUOUS
10
221.6033979999999985
20
-60.4109899999999982
11
221.257302999999979
21
-59.3205349999999996
0
LINE
8
BLACK
6
CONTINUOUS
10
221.257302999999979
20
-59.3205349999999996
11
220.8741799999999955
21
-58.2425309999999996
0
LINE
8
BLACK
6
CONTINUOUS
10
220.8741799999999955
20
-58.2425309999999996
11
220.4544769999999971
21
-57.1782359999999983
0
LINE
8
BLACK
6
CONTINUOUS
10
220.4544769999999971
20
-57.1782359999999983
11
219.9986820000000023
21
-56.1288909999999959
0
LINE
8
BLACK
6
CONTINUOUS
10
219.9986820000000023
20
-56.1288909999999959
11
219.5073259999999777
21
-55.095717999999998
0
LINE
8
BLACK
6
CONTINUOUS
10
219.5073259999999777
20
-55.095717999999998
11
218.9809839999999781
21
-54.0799239999999983
0
LINE
8
BLACK
6
CONTINUOUS
10
218.9809839999999781
20
-54.0799239999999983
11
218.420267999999993
21
-53.082690999999997
0
LINE
8
BLACK
6
CONTINUOUS
10
218.420267999999993
20
-53.082690999999997
11
217.8258329999999887
21
-52.1051839999999942
0
LINE
8
BLACK
6
CONTINUOUS
10
217.8258329999999887
20
-52.1051839999999942
11
217.1983699999999828
21
-51.148539999999997
0
LINE
8
BLACK
6
CONTINUOUS
10
217.1983699999999828
20
-51.148539999999997
11
216.538612999999998
21
-50.2138769999999965
0
LINE
8
BLACK
6
CONTINUOUS
10
216.538612999999998
20
-50.2138769999999965
11
215.8473299999999995
21
-49.3022840000000002
0
LINE
8
BLACK
6
CONTINUOUS
10
215.8473299999999995
20
-49.3022840000000002
11
215.1253269999999986
21
-48.4148229999999984
0
LINE
8
BLACK
6
CONTINUOUS
10
215.1253269999999986
20
-48.4148229999999984
11
214.3734460000000013
21
-47.5525299999999973
0
LINE
8
BLACK
6
CONTINUOUS
10
214.3734460000000013
20
-47.5525299999999973
11
213.5925639999999817
21
-46.7164089999999987
0
LINE
8
BLACK
6
CONTINUOUS
10
213.5925639999999817
20
-46.7164089999999987
11
212.7835910000000013
21
-45.907435999999997
0
LINE
8
BLACK
6
CONTINUOUS
10
212.7835910000000013
20
-45.907435999999997
11
211.9474699999999814
21
-45.1265539999999987
0
LINE
8
BLACK
6
CONTINUOUS
10
211.9474699999999814
20
-45.1265539999999987
11
211.0851769999999874
21
-44.3746730000000014
0
LINE
8
BLACK
6
CONTINUOUS
10
211.0851769999999874
20
-44.3746730000000014
11
210.1977159999999856
21
-43.6526700000000005
0
LINE
8
BLACK
6
CONTINUOUS
10
210.1977159999999856
20
-43.6526700000000005
11
209.2861230000000035
21
-42.9613869999999949
0
LINE
8
BLACK
6
CONTINUOUS
10
209.2861230000000035
20
-42.9613869999999949
11
208.351460000000003
21
-42.3016299999999958
0
LINE
8
BLACK
6
CONTINUOUS
10
208.351460000000003
20
-42.3016299999999958
11
207.3948159999999916
21
-41.6741669999999971
0
LINE
8
BLACK
6
CONTINUOUS
10
207.3948159999999916
20
-41.6741669999999971
11
206.4173089999999888
21
-41.0797319999999999
0
LINE
8
BLACK
6
CONTINUOUS
10
206.4173089999999888
20
-41.0797319999999999
11
205.4200759999999946
21
-40.5190160000000006
0
LINE
8
BLACK
6
CONTINUOUS
10
205.4200759999999946
20
-40.5190160000000006
11
204.4042819999999949
21
-39.9926740000000009
0
LINE
8
BLACK
6
CONTINUOUS
10
204.4042819999999949
20
-39.9926740000000009
11
203.3711089999999899
21
-39.5013179999999977
0
LINE
8
BLACK
6
CONTINUOUS
10
203.3711089999999899
20
-39.5013179999999977
11
202.3217640000000017
21
-39.0455229999999958
0
LINE
8
BLACK
6
CONTINUOUS
10
202.3217640000000017
20
-39.0455229999999958
11
201.2574689999999862
21
-38.6258199999999974
0
LINE
8
BLACK
6
CONTINUOUS
10
201.2574689999999862
20
-38.6258199999999974
11
200.1794649999999933
21
-38.2426969999999997
0
LINE
8
BLACK
6
CONTINUOUS
10
200.1794649999999933
20
-38.2426969999999997
11
199.0890100000000018
21
-37.8966020000000015
0
LINE
8
BLACK
6
CONTINUOUS
10
199.0890100000000018
20
-37.8966020000000015
11
197.9873739999999884
21
-37.5879380000000012
0
LINE
8
BLACK
6
CONTINUOUS
10
197.9873739999999884
20
-37.5879380000000012
11
196.8758419999999774
21
-37.317065999999997
0
LINE
8
BLACK
6
CONTINUOUS
10
196.8758419999999774
20
-37.317065999999997
11
195.7557109999999909
21
-37.0842999999999989
0
LINE
8
BLACK
6
CONTINUOUS
10
195.7557109999999909
20
-37.0842999999999989
11
194.6282850000000053
21
-36.8899119999999954
0
LINE
8
BLACK
6
CONTINUOUS
10
194.6282850000000053
20
-36.8899119999999954
11
193.4948799999999949
21
-36.7341289999999958
0
LINE
8
BLACK
6
CONTINUOUS
10
193.4948799999999949
20
-36.7341289999999958
11
192.3568180000000041
21
-36.617131999999998
0
LINE
8
BLACK
6
CONTINUOUS
10
192.3568180000000041
20
-36.617131999999998
11
191.2154239999999845
21
-36.5390590000000017
0
LINE
8
BLACK
6
CONTINUOUS
10
191.2154239999999845
20
-36.5390590000000017
11
190.0720299999999838
21
-36.5
0
LINE
8
BLACK
6
CONTINUOUS
10
190.0720299999999838
20
-36.5
11
188.9279699999999877
21
-36.5
0
LINE
8
BLACK
6
CONTINUOUS
10
188.9279699999999877
20
-36.5
11
187.7845759999999871
21
-36.5390590000000017
0
LINE
8
BLACK
6
CONTINUOUS
10
187.7845759999999871
20
-36.5390590000000017
11
186.6431819999999959
21
-36.617131999999998
0
LINE
8
BLACK
6
CONTINUOUS
10
186.6431819999999959
20
-36.617131999999998
11
185.5051200000000051
21
-36.7341289999999958
0
LINE
8
BLACK
6
CONTINUOUS
10
185.5051200000000051
20
-36.7341289999999958
11
184.3717149999999947
21
-36.8899119999999954
0
LINE
8
BLACK
6
CONTINUOUS
10
184.3717149999999947
20
-36.8899119999999954
11
183.2442889999999807
21
-37.0842999999999989
0
LINE
8
BLACK
6
CONTINUOUS
10
183.2442889999999807
20
-37.0842999999999989
11
182.1241579999999942
21
-37.317065999999997
0
LINE
8
BLACK
6
CONTINUOUS
10
182.1241579999999942
20
-37.317065999999997
11
181.0126259999999832
21
-37.5879380000000012
0
LINE
8
BLACK
6
CONTINUOUS
10
181.0126259999999832
20
-37.5879380000000012
11
179.9109899999999982
21
-37.8966020000000015
0
LINE
8
BLACK
6
CONTINUOUS
10
179.9109899999999982
20
-37.8966020000000015
11
178.8205349999999783
21
-38.2426969999999997
0
LINE
8
BLACK
6
CONTINUOUS
10
178.8205349999999783
20
-38.2426969999999997
11
177.7425309999999854
21
-38.6258199999999974
0
LINE
8
BLACK
6
CONTINUOUS
10
177.7425309999999854
20
-38.6258199999999974
11
176.6782359999999983
21
-39.0455229999999958
0
LINE
8
BLACK
6
CONTINUOUS
10
176.6782359999999983
20
-39.0455229999999958
11
175.6288909999999817
21
-39.5013179999999977
0
LINE
8
BLACK
6
CONTINUOUS
10
175.6288909999999817
20
-39.5013179999999977
11
174.5957180000000051
21
-39.9926740000000009
0
LINE
8
BLACK
6
CONTINUOUS
10
174.5957180000000051
20
-39.9926740000000009
11
173.5799240000000054
21
-40.5190160000000006
0
LINE
8
BLACK
6
CONTINUOUS
10
173.5799240000000054
20
-40.5190160000000006
11
172.5826909999999828
21
-41.0797319999999999
0
LINE
8
BLACK
6
CONTINUOUS
10
172.5826909999999828
20
-41.0797319999999999
11
171.60518399999998
21
-41.6741669999999971
0
LINE
8
BLACK
6
CONTINUOUS
10
171.60518399999998
20
-41.6741669999999971
11
170.648539999999997
21
-42.3016299999999958
0
LINE
8
BLACK
6
CONTINUOUS
10
170.648539999999997
20
-42.3016299999999958
11
169.7138769999999965
21
-42.9613869999999949
0
LINE
8
BLACK
6
CONTINUOUS
10
169.7138769999999965
20
-42.9613869999999949
11
168.802283999999986
21
-43.6526700000000005
0
LINE
8
BLACK
6
CONTINUOUS
10
168.802283999999986
20
-43.6526700000000005
11
167.9148229999999842
21
-44.3746730000000014
0
LINE
8
BLACK
6
CONTINUOUS
10
167.9148229999999842
20
-44.3746730000000014
11
167.0525299999999902
21
-45.1265539999999987
0
LINE
8
BLACK
6
CONTINUOUS
10
167.0525299999999902
20
-45.1265539999999987
11
166.2164089999999987
21
-45.907435999999997
0
LINE
8
BLACK
6
CONTINUOUS
10
166.2164089999999987
20
-45.907435999999997
11
165.4074359999999899
21
-46.7164089999999987
0
LINE
8
BLACK
6
CONTINUOUS
10
165.4074359999999899
20
-46.7164089999999987
11
164.6265539999999987
21
-47.5525299999999973
0
LINE
8
BLACK
6
CONTINUOUS
10
164.6265539999999987
20
-47.5525299999999973
11
163.8746730000000014
21
-48.4148229999999984
0
LINE
8
BLACK
6
CONTINUOUS
10
163.8746730000000014
20
-48.4148229999999984
11
163.1526700000000005
21
-49.3022840000000002
0
LINE
8
BLACK
6
CONTINUOUS
10
163.1526700000000005
20
-49.3022840000000002
11
162.461387000000002
21
-50.2138769999999965
0
LINE
8
BLACK
6
CONTINUOUS
10
162.461387000000002
20
-50.2138769999999965
11
161.8016299999999887
21
-51.148539999999997
0
LINE
8
BLACK
6
CONTINUOUS
10
161.8016299999999887
20
-51.148539999999997
11
161.1741669999999829
21
-52.1051839999999942
0
LINE
8
BLACK
6
CONTINUOUS
10
161.1741669999999829
20
-52.1051839999999942
11
160.5797319999999786
21
-53.082690999999997
0
LINE
8
BLACK
6
CONTINUOUS
10
160.5797319999999786
20
-53.082690999999997
11
160.0190159999999935
21
-54.0799239999999983
0
LINE
8
BLACK
6
CONTINUOUS
10
160.0190159999999935
20
-54.0799239999999983
11
159.4926739999999938
21
-55.095717999999998
0
LINE
8
BLACK
6
CONTINUOUS
10
159.4926739999999938
20
-55.095717999999998
11
159.0013179999999977
21
-56.1288909999999959
0
LINE
8
BLACK
6
CONTINUOUS
10
159.0013179999999977
20
-56.1288909999999959
11
158.5455230000000029
21
-57.1782359999999983
0
LINE
8
BLACK
6
CONTINUOUS
10
158.5455230000000029
20
-57.1782359999999983
11
158.1258200000000045
21
-58.2425309999999996
0
LINE
8
BLACK
6
CONTINUOUS
10
158.1258200000000045
20
-58.2425309999999996
11
157.7426969999999926
21
-59.3205349999999996
0
LINE
8
BLACK
6
CONTINUOUS
10
157.7426969999999926
20
-59.3205349999999996
11
157.3966020000000015
21
-60.4109899999999982
0
LINE
8
BLACK
6
CONTINUOUS
10
157.3966020000000015
20
-60.4109899999999982
11
157.0879379999999799
21
-61.5126259999999974
0
LINE
8
BLACK
6
CONTINUOUS
10
157.0879379999999799
20
-61.5126259999999974
11
156.8170659999999828
21
-62.6241579999999942
0
LINE
8
BLACK
6
CONTINUOUS
10
156.8170659999999828
20
-62.6241579999999942
11
156.5842999999999847
21
-63.7442889999999949
0
LINE
8
BLACK
6
CONTINUOUS
10
156.5842999999999847
20
-63.7442889999999949
11
156.3899119999999812
21
-64.8717149999999947
0
LINE
8
BLACK
6
CONTINUOUS
10
156.3899119999999812
20
-64.8717149999999947
11
156.2341289999999958
21
-66.0051199999999909
0
LINE
8
BLACK
6
CONTINUOUS
10
156.2341289999999958
20
-66.0051199999999909
11
156.117131999999998
21
-67.1431819999999959
0
LINE
8
BLACK
6
CONTINUOUS
10
156.117131999999998
20
-67.1431819999999959
11
156.0390589999999804
21
-68.2845760000000013
0
LINE
8
BLACK
6
CONTINUOUS
10
156.0390589999999804
20
-68.2845760000000013
11
156.
21
-69.427970000000002
0
LINE
8
BLACK
6
CONTINUOUS
10
156.
20
-69.427970000000002
11
156.
21
-70.572029999999998
0
CIRCLE
8
BLACK
10
204.9599999999999795
20
-75.
40
0.175
0
CIRCLE
8
BLACK
10
207.5
20
-75.
40
0.175
0
CIRCLE
8
BLACK
10
210.039999999999992
20
-75.
40
0.175
0
CIRCLE
8
BLACK
10
215.25
20
-80.5
40
0.175
0
CIRCLE
8
BLACK
10
212.75
20
-80.5
40
0.175
0
CIRCLE
8
BLACK
10
211.539999999999992
20
-53.
40
0.175
0
CIRCLE
8
BLACK
10
209.
20
-53.
40
0.175
0
CIRCLE
8
BLACK
10
206.4599999999999795
20
-53.
40
0.175
0
CIRCLE
8
BLACK
10
206.5
20
-62.1899999999999977
40
0.175
0
CIRCLE
8
BLACK
10
206.5
20
-64.730000000000004
40
0.175
0
CIRCLE
8
BLACK
10
206.5
20
-67.269999999999996
40
0.175
0
CIRCLE
8
BLACK
10
206.5
20
-69.8100000000000023
40
0.175
0
CIRCLE
8
BLACK
10
211.25
20
-86.5
40
0.175
0
CIRCLE
8
BLACK
10
208.75
20
-86.5
40
0.175
0
CIRCLE
8
BLACK
10
213.2999999999999829
20
-63.
40
0.175
0
CIRCLE
8
BLACK
10
213.2999999999999829
20
-65.5
40
0.175
0
CIRCLE
8
BLACK
10
177.4499999999999886
20
-65.5900000000000034
40
0.175
0
CIRCLE
8
BLACK
10
177.4499999999999886
20
-83.3699999999999903
40
0.175
0
CIRCLE
8
BLACK
10
200.3100000000000023
20
-83.3699999999999903
40
0.175
0
CIRCLE
8
BLACK
10
200.3100000000000023
20
-85.9099999999999966
40
0.175
0
CIRCLE
8
BLACK
10
177.4499999999999886
20
-50.3499999999999943
40
0.175
0
CIRCLE
8
BLACK
10
177.4499999999999886
20
-57.9699999999999989
40
0.175
0
CIRCLE
8
BLACK
10
177.4499999999999886
20
-60.509999999999998
40
0.175
0
CIRCLE
8
BLACK
10
177.4499999999999886
20
-63.0499999999999972
40
0.175
0
CIRCLE
8
BLACK
10
177.4499999999999886
20
-68.1299999999999955
40
0.175
0
CIRCLE
8
BLACK
10
177.4499999999999886
20
-70.6700000000000017
40
0.175
0
CIRCLE
8
BLACK
10
177.4499999999999886
20
-73.2099999999999937
40
0.175
0
CIRCLE
8
BLACK
10
177.4499999999999886
20
-75.75
40
0.175
0
CIRCLE
8
BLACK
10
177.4499999999999886
20
-78.289999999999992
40
0.175
0
CIRCLE
8
BLACK
10
177.4499999999999886
20
-80.8299999999999983
40
0.175
0
CIRCLE
8
BLACK
10
200.3100000000000023
20
-80.8299999999999983
40
0.175
0
CIRCLE
8
BLACK
10
200.3100000000000023
20
-78.289999999999992
40
0.175
0
CIRCLE
8
BLACK
10
200.3100000000000023
20
-75.75
40
0.175
0
CIRCLE
8
BLACK
10
200.3100000000000023
20
-73.2099999999999937
40
0.175
0
CIRCLE
8
BLACK
10
200.3100000000000023
20
-70.6700000000000017
40
0.175
0
CIRCLE
8
BLACK
10
200.3100000000000023
20
-68.1299999999999955
40
0.175
0
CIRCLE
8
BLACK
10
200.3100000000000023
20
-65.5900000000000034
40
0.175
0
CIRCLE
8
BLACK
10
200.3100000000000023
20
-63.0499999999999972
40
0.175
0
CIRCLE
8
BLACK
10
200.3100000000000023
20
-60.509999999999998
40
0.175
0
CIRCLE
8
BLACK
10
200.3100000000000023
20
-57.9699999999999989
40
0.175
0
CIRCLE
8
BLACK
10
200.3100000000000023
20
-55.4299999999999997
40
0.175
0
CIRCLE
8
BLACK
10
200.3100000000000023
20
-52.8900000000000006
40
0.175
0
CIRCLE
8
BLACK
10
200.3100000000000023
20
-50.3499999999999943
40
0.175
0
CIRCLE
8
BLACK
10
177.4499999999999886
20
-85.9099999999999966
40
0.175
0
CIRCLE
8
BLACK
10
177.4499999999999886
20
-55.4299999999999997
40
0.175
0
CIRCLE
8
BLACK
10
177.4499999999999886
20
-52.8900000000000006
40
0.175
0
CIRCLE
8
BLACK
10
164.5
20
-58.9600000000000009
40
0.175
0
CIRCLE
8
BLACK
10
164.5
20
-61.5
40
0.175
0
CIRCLE
8
BLACK
10
164.5
20
-64.039999999999992
40
0.175
0
CIRCLE
8
BLACK
10
164.5
20
-66.5799999999999983
40
0.175
0
CIRCLE
8
BLACK
10
164.5
20
-69.1199999999999903
40
0.175
0
CIRCLE
8
BLACK
10
164.5
20
-71.6599999999999966
40
0.175
0
CIRCLE
8
BLACK
10
216.
20
-53.5
40
0.25
0
CIRCLE
8
BLACK
10
182.
20
-95.5
40
0.3
0
CIRCLE
8
BLACK
10
197.
20
-95.5
40
0.25
0
CIRCLE
8
BLACK
10
218.5499999999999829
20
-70.
40
0.25
0
CIRCLE
8
BLACK
10
160.5
20
-70.
40
0.25
0
CIRCLE
8
BLACK
10
192.
20
-40.
40
0.25
0
CIRCLE
8
BLACK
10
169.4599999999999795
20
-82.539999999999992
40
0.25
0
CIRCLE
8
BLACK
10
202.
20
-48.
40
0.25
0
CIRCLE
8
BLACK
10
205.
20
-46.
40
0.25
0
CIRCLE
8
WHITE
10
216.
20
-53.5
40
0.175
0
CIRCLE
8
WHITE
10
182.
20
-95.5
40
0.175
0
CIRCLE
8
WHITE
10
197.
20
-95.5
40
0.175
0
CIRCLE
8
WHITE
10
218.5499999999999829
20
-70.
40
0.175
0
CIRCLE
8
WHITE
10
160.5
20
-70.
40
0.175
0
CIRCLE
8
WHITE
10
192.
20
-40.
40
0.175
0
CIRCLE
8
WHITE
10
169.4599999999999795
20
-82.539999999999992
40
0.175
0
CIRCLE
8
WHITE
10
202.
20
-48.
40
0.175
0
CIRCLE
8
WHITE
10
205.
20
-46.
40
0.175
0
CIRCLE
8
WHITE
10
204.9599999999999795
20
-75.
40
0.175
0
CIRCLE
8
WHITE
10
207.5
20
-75.
40
0.175
0
CIRCLE
8
WHITE
10
210.039999999999992
20
-75.
40
0.175
0
CIRCLE
8
WHITE
10
215.25
20
-80.5
40
0.175
0
CIRCLE
8
WHITE
10
212.75
20
-80.5
40
0.175
0
CIRCLE
8
WHITE
10
211.539999999999992
20
-53.
40
0.175
0
CIRCLE
8
WHITE
10
209.
20
-53.
40
0.175
0
CIRCLE
8
WHITE
10
206.4599999999999795
20
-53.
40
0.175
0
CIRCLE
8
WHITE
10
206.5
20
-62.1899999999999977
40
0.175
0
CIRCLE
8
WHITE
10
206.5
20
-64.730000000000004
40
0.175
0
CIRCLE
8
WHITE
10
206.5
20
-67.269999999999996
40
0.175
0
CIRCLE
8
WHITE
10
206.5
20
-69.8100000000000023
40
0.175
0
CIRCLE
8
WHITE
10
211.25
20
-86.5
40
0.175
0
CIRCLE
8
WHITE
10
208.75
20
-86.5
40
0.175
0
CIRCLE
8
WHITE
10
213.2999999999999829
20
-63.
40
0.175
0
CIRCLE
8
WHITE
10
213.2999999999999829
20
-65.5
40
0.175
0
CIRCLE
8
WHITE
10
177.4499999999999886
20
-65.5900000000000034
40
0.175
0
CIRCLE
8
WHITE
10
177.4499999999999886
20
-83.3699999999999903
40
0.175
0
CIRCLE
8
WHITE
10
200.3100000000000023
20
-83.3699999999999903
40
0.175
0
CIRCLE
8
WHITE
10
200.3100000000000023
20
-85.9099999999999966
40
0.175
0
CIRCLE
8
WHITE
10
177.4499999999999886
20
-50.3499999999999943
40
0.175
0
CIRCLE
8
WHITE
10
177.4499999999999886
20
-57.9699999999999989
40
0.175
0
CIRCLE
8
WHITE
10
177.4499999999999886
20
-60.509999999999998
40
0.175
0
CIRCLE
8
WHITE
10
177.4499999999999886
20
-63.0499999999999972
40
0.175
0
CIRCLE
8
WHITE
10
177.4499999999999886
20
-68.1299999999999955
40
0.175
0
CIRCLE
8
WHITE
10
177.4499999999999886
20
-70.6700000000000017
40
0.175
0
CIRCLE
8
WHITE
10
177.4499999999999886
20
-73.2099999999999937
40
0.175
0
CIRCLE
8
WHITE
10
177.4499999999999886
20
-75.75
40
0.175
0
CIRCLE
8
WHITE
10
177.4499999999999886
20
-78.289999999999992
40
0.175
0
CIRCLE
8
WHITE
10
177.4499999999999886
20
-80.8299999999999983
40
0.175
0
CIRCLE
8
WHITE
10
200.3100000000000023
20
-80.8299999999999983
40
0.175
0
CIRCLE
8
WHITE
10
200.3100000000000023
20
-78.289999999999992
40
0.175
0
CIRCLE
8
WHITE
10
200.3100000000000023
20
-75.75
40
0.175
0
CIRCLE
8
WHITE
10
200.3100000000000023
20
-73.2099999999999937
40
0.175
0
CIRCLE
8
WHITE
10
200.3100000000000023
20
-70.6700000000000017
40
0.175
0
CIRCLE
8
WHITE
10
200.3100000000000023
20
-68.1299999999999955
40
0.175
0
CIRCLE
8
WHITE
10
200.3100000000000023
20
-65.5900000000000034
40
0.175
0
CIRCLE
8
WHITE
10
200.3100000000000023
20
-63.0499999999999972
40
0.175
0
CIRCLE
8
WHITE
10
200.3100000000000023
20
-60.509999999999998
40
0.175
0
CIRCLE
8
WHITE
10
200.3100000000000023
20
-57.9699999999999989
40
0.175
0
CIRCLE
8
WHITE
10
200.3100000000000023
20
-55.4299999999999997
40
0.175
0
CIRCLE
8
WHITE
10
200.3100000000000023
20
-52.8900000000000006
40
0.175
0
CIRCLE
8
WHITE
10
200.3100000000000023
20
-50.3499999999999943
40
0.175
0
CIRCLE
8
WHITE
10
177.4499999999999886
20
-85.9099999999999966
40
0.175
0
CIRCLE
8
WHITE
10
177.4499999999999886
20
-55.4299999999999997
40
0.175
0
CIRCLE
8
WHITE
10
177.4499999999999886
20
-52.8900000000000006
40
0.175
0
CIRCLE
8
WHITE
10
164.5
20
-58.9600000000000009
40
0.175
0
CIRCLE
8
WHITE
10
164.5
20
-61.5
40
0.175
0
CIRCLE
8
WHITE
10
164.5
20
-64.039999999999992
40
0.175
0
CIRCLE
8
WHITE
10
164.5
20
-66.5799999999999983
40
0.175
0
CIRCLE
8
WHITE
10
164.5
20
-69.1199999999999903
40
0.175
0
CIRCLE
8
WHITE
10
164.5
20
-71.6599999999999966
40
0.175
  0
ENDSEC
  0
EOF
