  0
SECTION
  2
HEADER
  9
$ANGBASE
  50
0.0
  9
$ANGDIR
  70
1
  9
$MEASUREMENT
  70
1
  0
ENDSEC
  0
SECTION
  2
TABLES
  0
TABLE
  2
LTYPE
  70
4
  0
LTYPE
  5
40F
  2
CONTINUOUS
  70
0
  3
Solid line
  72
65
  73
0
  40
0.0
  0
LTYPE
  5
410
  2
DASHDOT
 70
0
  3
Dash Dot ____ _ ____ _
 72
65
 73
4
 40
2.0
 49
1.25
 49
-0.25
 49
0.25
 49
-0.25
  0
LTYPE
  5
411
  2
DASHED
 70
0
  3
Dashed __ __ __ __ __
 72
65
 73
2
 40
0.75
 49
0.5
 49
-0.25
  0
LTYPE
  5
43B
  2
DOTTED
 70
0
  3
Dotted .  .  .  .
 72
65
 73
2
 40
0.2
 49
0.0
 49
-0.2
  0
ENDTAB
  0
TABLE
  2
STYLE
  70
4
  0
STYLE
  2
KICAD
  70
0
  40
0
  41
1
  42
1
  50
0
  71
0
  3
isocp.shx
  0
STYLE
  2
KICADB
  70
0
  40
0
  41
1
  42
1
  50
0
  71
0
  3
isocp.shx
  0
STYLE
  2
KICADI
  70
0
  40
0
  41
1
  42
1
  50
15
  71
0
  3
isocp.shx
  0
STYLE
  2
KICADBI
  70
0
  40
0
  41
1
  42
1
  50
15
  71
0
  3
isocp.shx
  0
ENDTAB
  0
TABLE
  2
LAYER
  70
1
  0
LAYER
  2
BLACK
  70
0
  62
7
  6
CONTINUOUS
  0
ENDTAB
  0
ENDSEC
  0
SECTION
  2
ENTITIES
0
CIRCLE
8
BLACK
10
189.5
20
-70.
40
33.
0
LINE
8
BLACK
6
CONTINUOUS
10
215.8499999999999943
20
-53.3499999999999943
11
216.1499999999999773
21
-53.6499999999999986
0
LINE
8
BLACK
6
CONTINUOUS
10
216.1499999999999773
20
-53.3499999999999943
11
215.8499999999999943
21
-53.6499999999999986
0
CIRCLE
8
BLACK
10
169.4599999999999795
20
-82.539999999999992
40
0.35
0
CIRCLE
8
BLACK
10
202.
20
-48.
40
0.35
0
CIRCLE
8
BLACK
10
205.
20
-46.
40
0.35
0
LINE
8
BLACK
6
CONTINUOUS
10
160.25
20
-72.8499999999999943
11
160.25
21
-73.6499999999999915
0
LINE
8
BLACK
6
CONTINUOUS
10
159.8499999999999943
20
-73.25
11
160.6500000000000057
21
-73.25
0
LINE
8
BLACK
6
CONTINUOUS
10
182.
20
-95.0999999999999943
11
182.
21
-95.8999999999999915
0
LINE
8
BLACK
6
CONTINUOUS
10
181.5999999999999943
20
-95.5
11
182.4000000000000057
21
-95.5
0
LINE
8
BLACK
6
CONTINUOUS
10
197.
20
-95.0999999999999943
11
197.
21
-95.8999999999999915
0
LINE
8
BLACK
6
CONTINUOUS
10
196.5999999999999943
20
-95.5
11
197.3999999999999773
21
-95.5
0
LINE
8
BLACK
6
CONTINUOUS
10
209.0328449999999805
20
-86.7828449999999947
11
209.0328449999999805
21
-86.2171549999999911
0
LINE
8
BLACK
6
CONTINUOUS
10
209.0328449999999805
20
-86.2171549999999911
11
208.4671549999999911
21
-86.2171549999999911
0
LINE
8
BLACK
6
CONTINUOUS
10
208.4671549999999911
20
-86.2171549999999911
11
208.4671549999999911
21
-86.7828449999999947
0
LINE
8
BLACK
6
CONTINUOUS
10
208.4671549999999911
20
-86.7828449999999947
11
209.0328449999999805
21
-86.7828449999999947
0
LINE
8
BLACK
6
CONTINUOUS
10
211.5328449999999805
20
-86.7828449999999947
11
211.5328449999999805
21
-86.2171549999999911
0
LINE
8
BLACK
6
CONTINUOUS
10
211.5328449999999805
20
-86.2171549999999911
11
210.9671549999999911
21
-86.2171549999999911
0
LINE
8
BLACK
6
CONTINUOUS
10
210.9671549999999911
20
-86.2171549999999911
11
210.9671549999999911
21
-86.7828449999999947
0
LINE
8
BLACK
6
CONTINUOUS
10
210.9671549999999911
20
-86.7828449999999947
11
211.5328449999999805
21
-86.7828449999999947
0
LINE
8
BLACK
6
CONTINUOUS
10
213.0328449999999805
20
-80.7828449999999947
11
213.0328449999999805
21
-80.2171549999999911
0
LINE
8
BLACK
6
CONTINUOUS
10
213.0328449999999805
20
-80.2171549999999911
11
212.4671549999999911
21
-80.2171549999999911
0
LINE
8
BLACK
6
CONTINUOUS
10
212.4671549999999911
20
-80.2171549999999911
11
212.4671549999999911
21
-80.7828449999999947
0
LINE
8
BLACK
6
CONTINUOUS
10
212.4671549999999911
20
-80.7828449999999947
11
213.0328449999999805
21
-80.7828449999999947
0
LINE
8
BLACK
6
CONTINUOUS
10
215.5328449999999805
20
-80.7828449999999947
11
215.5328449999999805
21
-80.2171549999999911
0
LINE
8
BLACK
6
CONTINUOUS
10
215.5328449999999805
20
-80.2171549999999911
11
214.9671549999999911
21
-80.2171549999999911
0
LINE
8
BLACK
6
CONTINUOUS
10
214.9671549999999911
20
-80.2171549999999911
11
214.9671549999999911
21
-80.7828449999999947
0
LINE
8
BLACK
6
CONTINUOUS
10
214.9671549999999911
20
-80.7828449999999947
11
215.5328449999999805
21
-80.7828449999999947
0
LINE
8
BLACK
6
CONTINUOUS
10
177.4499999999999886
20
-50.7999999999999972
11
177.9000000000000057
21
-50.3499999999999943
0
LINE
8
BLACK
6
CONTINUOUS
10
177.9000000000000057
20
-50.3499999999999943
11
177.4499999999999886
21
-49.8999999999999986
0
LINE
8
BLACK
6
CONTINUOUS
10
177.4499999999999886
20
-49.8999999999999986
11
177.
21
-50.3499999999999943
0
LINE
8
BLACK
6
CONTINUOUS
10
177.
20
-50.3499999999999943
11
177.4499999999999886
21
-50.7999999999999972
0
LINE
8
BLACK
6
CONTINUOUS
10
177.4499999999999886
20
-53.3399999999999963
11
177.9000000000000057
21
-52.8900000000000006
0
LINE
8
BLACK
6
CONTINUOUS
10
177.9000000000000057
20
-52.8900000000000006
11
177.4499999999999886
21
-52.4399999999999977
0
LINE
8
BLACK
6
CONTINUOUS
10
177.4499999999999886
20
-52.4399999999999977
11
177.
21
-52.8900000000000006
0
LINE
8
BLACK
6
CONTINUOUS
10
177.
20
-52.8900000000000006
11
177.4499999999999886
21
-53.3399999999999963
0
LINE
8
BLACK
6
CONTINUOUS
10
177.4499999999999886
20
-55.8799999999999955
11
177.9000000000000057
21
-55.4299999999999997
0
LINE
8
BLACK
6
CONTINUOUS
10
177.9000000000000057
20
-55.4299999999999997
11
177.4499999999999886
21
-54.9799999999999969
0
LINE
8
BLACK
6
CONTINUOUS
10
177.4499999999999886
20
-54.9799999999999969
11
177.
21
-55.4299999999999997
0
LINE
8
BLACK
6
CONTINUOUS
10
177.
20
-55.4299999999999997
11
177.4499999999999886
21
-55.8799999999999955
0
LINE
8
BLACK
6
CONTINUOUS
10
177.4499999999999886
20
-58.4199999999999946
11
177.9000000000000057
21
-57.9699999999999989
0
LINE
8
BLACK
6
CONTINUOUS
10
177.9000000000000057
20
-57.9699999999999989
11
177.4499999999999886
21
-57.519999999999996
0
LINE
8
BLACK
6
CONTINUOUS
10
177.4499999999999886
20
-57.519999999999996
11
177.
21
-57.9699999999999989
0
LINE
8
BLACK
6
CONTINUOUS
10
177.
20
-57.9699999999999989
11
177.4499999999999886
21
-58.4199999999999946
0
LINE
8
BLACK
6
CONTINUOUS
10
177.4499999999999886
20
-60.9599999999999937
11
177.9000000000000057
21
-60.509999999999998
0
LINE
8
BLACK
6
CONTINUOUS
10
177.9000000000000057
20
-60.509999999999998
11
177.4499999999999886
21
-60.0599999999999952
0
LINE
8
BLACK
6
CONTINUOUS
10
177.4499999999999886
20
-60.0599999999999952
11
177.
21
-60.509999999999998
0
LINE
8
BLACK
6
CONTINUOUS
10
177.
20
-60.509999999999998
11
177.4499999999999886
21
-60.9599999999999937
0
LINE
8
BLACK
6
CONTINUOUS
10
177.4499999999999886
20
-63.5
11
177.9000000000000057
21
-63.0499999999999972
0
LINE
8
BLACK
6
CONTINUOUS
10
177.9000000000000057
20
-63.0499999999999972
11
177.4499999999999886
21
-62.5999999999999943
0
LINE
8
BLACK
6
CONTINUOUS
10
177.4499999999999886
20
-62.5999999999999943
11
177.
21
-63.0499999999999972
0
LINE
8
BLACK
6
CONTINUOUS
10
177.
20
-63.0499999999999972
11
177.4499999999999886
21
-63.5
0
LINE
8
BLACK
6
CONTINUOUS
10
177.4499999999999886
20
-66.039999999999992
11
177.9000000000000057
21
-65.5900000000000034
0
LINE
8
BLACK
6
CONTINUOUS
10
177.9000000000000057
20
-65.5900000000000034
11
177.4499999999999886
21
-65.1400000000000006
0
LINE
8
BLACK
6
CONTINUOUS
10
177.4499999999999886
20
-65.1400000000000006
11
177.
21
-65.5900000000000034
0
LINE
8
BLACK
6
CONTINUOUS
10
177.
20
-65.5900000000000034
11
177.4499999999999886
21
-66.039999999999992
0
LINE
8
BLACK
6
CONTINUOUS
10
177.4499999999999886
20
-68.5799999999999983
11
177.9000000000000057
21
-68.1299999999999955
0
LINE
8
BLACK
6
CONTINUOUS
10
177.9000000000000057
20
-68.1299999999999955
11
177.4499999999999886
21
-67.6799999999999926
0
LINE
8
BLACK
6
CONTINUOUS
10
177.4499999999999886
20
-67.6799999999999926
11
177.
21
-68.1299999999999955
0
LINE
8
BLACK
6
CONTINUOUS
10
177.
20
-68.1299999999999955
11
177.4499999999999886
21
-68.5799999999999983
0
LINE
8
BLACK
6
CONTINUOUS
10
177.4499999999999886
20
-71.1199999999999903
11
177.9000000000000057
21
-70.6700000000000017
0
LINE
8
BLACK
6
CONTINUOUS
10
177.9000000000000057
20
-70.6700000000000017
11
177.4499999999999886
21
-70.2199999999999989
0
LINE
8
BLACK
6
CONTINUOUS
10
177.4499999999999886
20
-70.2199999999999989
11
177.
21
-70.6700000000000017
0
LINE
8
BLACK
6
CONTINUOUS
10
177.
20
-70.6700000000000017
11
177.4499999999999886
21
-71.1199999999999903
0
LINE
8
BLACK
6
CONTINUOUS
10
177.4499999999999886
20
-73.6599999999999966
11
177.9000000000000057
21
-73.2099999999999937
0
LINE
8
BLACK
6
CONTINUOUS
10
177.9000000000000057
20
-73.2099999999999937
11
177.4499999999999886
21
-72.7599999999999909
0
LINE
8
BLACK
6
CONTINUOUS
10
177.4499999999999886
20
-72.7599999999999909
11
177.
21
-73.2099999999999937
0
LINE
8
BLACK
6
CONTINUOUS
10
177.
20
-73.2099999999999937
11
177.4499999999999886
21
-73.6599999999999966
0
LINE
8
BLACK
6
CONTINUOUS
10
177.4499999999999886
20
-76.2000000000000028
11
177.9000000000000057
21
-75.75
0
LINE
8
BLACK
6
CONTINUOUS
10
177.9000000000000057
20
-75.75
11
177.4499999999999886
21
-75.2999999999999972
0
LINE
8
BLACK
6
CONTINUOUS
10
177.4499999999999886
20
-75.2999999999999972
11
177.
21
-75.75
0
LINE
8
BLACK
6
CONTINUOUS
10
177.
20
-75.75
11
177.4499999999999886
21
-76.2000000000000028
0
LINE
8
BLACK
6
CONTINUOUS
10
177.4499999999999886
20
-78.7399999999999949
11
177.9000000000000057
21
-78.289999999999992
0
LINE
8
BLACK
6
CONTINUOUS
10
177.9000000000000057
20
-78.289999999999992
11
177.4499999999999886
21
-77.8400000000000034
0
LINE
8
BLACK
6
CONTINUOUS
10
177.4499999999999886
20
-77.8400000000000034
11
177.
21
-78.289999999999992
0
LINE
8
BLACK
6
CONTINUOUS
10
177.
20
-78.289999999999992
11
177.4499999999999886
21
-78.7399999999999949
0
LINE
8
BLACK
6
CONTINUOUS
10
177.4499999999999886
20
-81.2800000000000011
11
177.9000000000000057
21
-80.8299999999999983
0
LINE
8
BLACK
6
CONTINUOUS
10
177.9000000000000057
20
-80.8299999999999983
11
177.4499999999999886
21
-80.3799999999999955
0
LINE
8
BLACK
6
CONTINUOUS
10
177.4499999999999886
20
-80.3799999999999955
11
177.
21
-80.8299999999999983
0
LINE
8
BLACK
6
CONTINUOUS
10
177.
20
-80.8299999999999983
11
177.4499999999999886
21
-81.2800000000000011
0
LINE
8
BLACK
6
CONTINUOUS
10
177.4499999999999886
20
-83.8199999999999932
11
177.9000000000000057
21
-83.3699999999999903
0
LINE
8
BLACK
6
CONTINUOUS
10
177.9000000000000057
20
-83.3699999999999903
11
177.4499999999999886
21
-82.9200000000000017
0
LINE
8
BLACK
6
CONTINUOUS
10
177.4499999999999886
20
-82.9200000000000017
11
177.
21
-83.3699999999999903
0
LINE
8
BLACK
6
CONTINUOUS
10
177.
20
-83.3699999999999903
11
177.4499999999999886
21
-83.8199999999999932
0
LINE
8
BLACK
6
CONTINUOUS
10
177.4499999999999886
20
-86.3599999999999994
11
177.9000000000000057
21
-85.9099999999999966
0
LINE
8
BLACK
6
CONTINUOUS
10
177.9000000000000057
20
-85.9099999999999966
11
177.4499999999999886
21
-85.4599999999999937
0
LINE
8
BLACK
6
CONTINUOUS
10
177.4499999999999886
20
-85.4599999999999937
11
177.
21
-85.9099999999999966
0
LINE
8
BLACK
6
CONTINUOUS
10
177.
20
-85.9099999999999966
11
177.4499999999999886
21
-86.3599999999999994
0
LINE
8
BLACK
6
CONTINUOUS
10
200.3100000000000023
20
-50.7999999999999972
11
200.7599999999999909
21
-50.3499999999999943
0
LINE
8
BLACK
6
CONTINUOUS
10
200.7599999999999909
20
-50.3499999999999943
11
200.3100000000000023
21
-49.8999999999999986
0
LINE
8
BLACK
6
CONTINUOUS
10
200.3100000000000023
20
-49.8999999999999986
11
199.8599999999999852
21
-50.3499999999999943
0
LINE
8
BLACK
6
CONTINUOUS
10
199.8599999999999852
20
-50.3499999999999943
11
200.3100000000000023
21
-50.7999999999999972
0
LINE
8
BLACK
6
CONTINUOUS
10
200.3100000000000023
20
-53.3399999999999963
11
200.7599999999999909
21
-52.8900000000000006
0
LINE
8
BLACK
6
CONTINUOUS
10
200.7599999999999909
20
-52.8900000000000006
11
200.3100000000000023
21
-52.4399999999999977
0
LINE
8
BLACK
6
CONTINUOUS
10
200.3100000000000023
20
-52.4399999999999977
11
199.8599999999999852
21
-52.8900000000000006
0
LINE
8
BLACK
6
CONTINUOUS
10
199.8599999999999852
20
-52.8900000000000006
11
200.3100000000000023
21
-53.3399999999999963
0
LINE
8
BLACK
6
CONTINUOUS
10
200.3100000000000023
20
-55.8799999999999955
11
200.7599999999999909
21
-55.4299999999999997
0
LINE
8
BLACK
6
CONTINUOUS
10
200.7599999999999909
20
-55.4299999999999997
11
200.3100000000000023
21
-54.9799999999999969
0
LINE
8
BLACK
6
CONTINUOUS
10
200.3100000000000023
20
-54.9799999999999969
11
199.8599999999999852
21
-55.4299999999999997
0
LINE
8
BLACK
6
CONTINUOUS
10
199.8599999999999852
20
-55.4299999999999997
11
200.3100000000000023
21
-55.8799999999999955
0
LINE
8
BLACK
6
CONTINUOUS
10
200.3100000000000023
20
-58.4199999999999946
11
200.7599999999999909
21
-57.9699999999999989
0
LINE
8
BLACK
6
CONTINUOUS
10
200.7599999999999909
20
-57.9699999999999989
11
200.3100000000000023
21
-57.519999999999996
0
LINE
8
BLACK
6
CONTINUOUS
10
200.3100000000000023
20
-57.519999999999996
11
199.8599999999999852
21
-57.9699999999999989
0
LINE
8
BLACK
6
CONTINUOUS
10
199.8599999999999852
20
-57.9699999999999989
11
200.3100000000000023
21
-58.4199999999999946
0
LINE
8
BLACK
6
CONTINUOUS
10
200.3100000000000023
20
-60.9599999999999937
11
200.7599999999999909
21
-60.509999999999998
0
LINE
8
BLACK
6
CONTINUOUS
10
200.7599999999999909
20
-60.509999999999998
11
200.3100000000000023
21
-60.0599999999999952
0
LINE
8
BLACK
6
CONTINUOUS
10
200.3100000000000023
20
-60.0599999999999952
11
199.8599999999999852
21
-60.509999999999998
0
LINE
8
BLACK
6
CONTINUOUS
10
199.8599999999999852
20
-60.509999999999998
11
200.3100000000000023
21
-60.9599999999999937
0
LINE
8
BLACK
6
CONTINUOUS
10
200.3100000000000023
20
-63.5
11
200.7599999999999909
21
-63.0499999999999972
0
LINE
8
BLACK
6
CONTINUOUS
10
200.7599999999999909
20
-63.0499999999999972
11
200.3100000000000023
21
-62.5999999999999943
0
LINE
8
BLACK
6
CONTINUOUS
10
200.3100000000000023
20
-62.5999999999999943
11
199.8599999999999852
21
-63.0499999999999972
0
LINE
8
BLACK
6
CONTINUOUS
10
199.8599999999999852
20
-63.0499999999999972
11
200.3100000000000023
21
-63.5
0
LINE
8
BLACK
6
CONTINUOUS
10
200.3100000000000023
20
-66.039999999999992
11
200.7599999999999909
21
-65.5900000000000034
0
LINE
8
BLACK
6
CONTINUOUS
10
200.7599999999999909
20
-65.5900000000000034
11
200.3100000000000023
21
-65.1400000000000006
0
LINE
8
BLACK
6
CONTINUOUS
10
200.3100000000000023
20
-65.1400000000000006
11
199.8599999999999852
21
-65.5900000000000034
0
LINE
8
BLACK
6
CONTINUOUS
10
199.8599999999999852
20
-65.5900000000000034
11
200.3100000000000023
21
-66.039999999999992
0
LINE
8
BLACK
6
CONTINUOUS
10
200.3100000000000023
20
-68.5799999999999983
11
200.7599999999999909
21
-68.1299999999999955
0
LINE
8
BLACK
6
CONTINUOUS
10
200.7599999999999909
20
-68.1299999999999955
11
200.3100000000000023
21
-67.6799999999999926
0
LINE
8
BLACK
6
CONTINUOUS
10
200.3100000000000023
20
-67.6799999999999926
11
199.8599999999999852
21
-68.1299999999999955
0
LINE
8
BLACK
6
CONTINUOUS
10
199.8599999999999852
20
-68.1299999999999955
11
200.3100000000000023
21
-68.5799999999999983
0
LINE
8
BLACK
6
CONTINUOUS
10
200.3100000000000023
20
-71.1199999999999903
11
200.7599999999999909
21
-70.6700000000000017
0
LINE
8
BLACK
6
CONTINUOUS
10
200.7599999999999909
20
-70.6700000000000017
11
200.3100000000000023
21
-70.2199999999999989
0
LINE
8
BLACK
6
CONTINUOUS
10
200.3100000000000023
20
-70.2199999999999989
11
199.8599999999999852
21
-70.6700000000000017
0
LINE
8
BLACK
6
CONTINUOUS
10
199.8599999999999852
20
-70.6700000000000017
11
200.3100000000000023
21
-71.1199999999999903
0
LINE
8
BLACK
6
CONTINUOUS
10
200.3100000000000023
20
-73.6599999999999966
11
200.7599999999999909
21
-73.2099999999999937
0
LINE
8
BLACK
6
CONTINUOUS
10
200.7599999999999909
20
-73.2099999999999937
11
200.3100000000000023
21
-72.7599999999999909
0
LINE
8
BLACK
6
CONTINUOUS
10
200.3100000000000023
20
-72.7599999999999909
11
199.8599999999999852
21
-73.2099999999999937
0
LINE
8
BLACK
6
CONTINUOUS
10
199.8599999999999852
20
-73.2099999999999937
11
200.3100000000000023
21
-73.6599999999999966
0
LINE
8
BLACK
6
CONTINUOUS
10
200.3100000000000023
20
-76.2000000000000028
11
200.7599999999999909
21
-75.75
0
LINE
8
BLACK
6
CONTINUOUS
10
200.7599999999999909
20
-75.75
11
200.3100000000000023
21
-75.2999999999999972
0
LINE
8
BLACK
6
CONTINUOUS
10
200.3100000000000023
20
-75.2999999999999972
11
199.8599999999999852
21
-75.75
0
LINE
8
BLACK
6
CONTINUOUS
10
199.8599999999999852
20
-75.75
11
200.3100000000000023
21
-76.2000000000000028
0
LINE
8
BLACK
6
CONTINUOUS
10
200.3100000000000023
20
-78.7399999999999949
11
200.7599999999999909
21
-78.289999999999992
0
LINE
8
BLACK
6
CONTINUOUS
10
200.7599999999999909
20
-78.289999999999992
11
200.3100000000000023
21
-77.8400000000000034
0
LINE
8
BLACK
6
CONTINUOUS
10
200.3100000000000023
20
-77.8400000000000034
11
199.8599999999999852
21
-78.289999999999992
0
LINE
8
BLACK
6
CONTINUOUS
10
199.8599999999999852
20
-78.289999999999992
11
200.3100000000000023
21
-78.7399999999999949
0
LINE
8
BLACK
6
CONTINUOUS
10
200.3100000000000023
20
-81.2800000000000011
11
200.7599999999999909
21
-80.8299999999999983
0
LINE
8
BLACK
6
CONTINUOUS
10
200.7599999999999909
20
-80.8299999999999983
11
200.3100000000000023
21
-80.3799999999999955
0
LINE
8
BLACK
6
CONTINUOUS
10
200.3100000000000023
20
-80.3799999999999955
11
199.8599999999999852
21
-80.8299999999999983
0
LINE
8
BLACK
6
CONTINUOUS
10
199.8599999999999852
20
-80.8299999999999983
11
200.3100000000000023
21
-81.2800000000000011
0
LINE
8
BLACK
6
CONTINUOUS
10
200.3100000000000023
20
-83.8199999999999932
11
200.7599999999999909
21
-83.3699999999999903
0
LINE
8
BLACK
6
CONTINUOUS
10
200.7599999999999909
20
-83.3699999999999903
11
200.3100000000000023
21
-82.9200000000000017
0
LINE
8
BLACK
6
CONTINUOUS
10
200.3100000000000023
20
-82.9200000000000017
11
199.8599999999999852
21
-83.3699999999999903
0
LINE
8
BLACK
6
CONTINUOUS
10
199.8599999999999852
20
-83.3699999999999903
11
200.3100000000000023
21
-83.8199999999999932
0
LINE
8
BLACK
6
CONTINUOUS
10
200.3100000000000023
20
-86.3599999999999994
11
200.7599999999999909
21
-85.9099999999999966
0
LINE
8
BLACK
6
CONTINUOUS
10
200.7599999999999909
20
-85.9099999999999966
11
200.3100000000000023
21
-85.4599999999999937
0
LINE
8
BLACK
6
CONTINUOUS
10
200.3100000000000023
20
-85.4599999999999937
11
199.8599999999999852
21
-85.9099999999999966
0
LINE
8
BLACK
6
CONTINUOUS
10
199.8599999999999852
20
-85.9099999999999966
11
200.3100000000000023
21
-86.3599999999999994
0
LINE
8
BLACK
6
CONTINUOUS
10
163.
20
-63.3799999999999955
11
164.
21
-64.3799999999999955
0
LINE
8
BLACK
6
CONTINUOUS
10
164.
20
-63.3799999999999955
11
163.
21
-64.3799999999999955
0
CIRCLE
8
BLACK
10
163.5
20
-63.8799999999999955
40
0.5
0
LINE
8
BLACK
6
CONTINUOUS
10
163.
20
-65.9200000000000017
11
164.
21
-66.9200000000000017
0
LINE
8
BLACK
6
CONTINUOUS
10
164.
20
-65.9200000000000017
11
163.
21
-66.9200000000000017
0
CIRCLE
8
BLACK
10
163.5
20
-66.4200000000000017
40
0.5
0
LINE
8
BLACK
6
CONTINUOUS
10
163.
20
-68.4599999999999937
11
164.
21
-69.4599999999999937
0
LINE
8
BLACK
6
CONTINUOUS
10
164.
20
-68.4599999999999937
11
163.
21
-69.4599999999999937
0
CIRCLE
8
BLACK
10
163.5
20
-68.9599999999999937
40
0.5
0
LINE
8
BLACK
6
CONTINUOUS
10
163.
20
-71.
11
164.
21
-72.
0
LINE
8
BLACK
6
CONTINUOUS
10
164.
20
-71.
11
163.
21
-72.
0
CIRCLE
8
BLACK
10
163.5
20
-71.5
40
0.5
0
LINE
8
BLACK
6
CONTINUOUS
10
163.
20
-73.539999999999992
11
164.
21
-74.539999999999992
0
LINE
8
BLACK
6
CONTINUOUS
10
164.
20
-73.539999999999992
11
163.
21
-74.539999999999992
0
CIRCLE
8
BLACK
10
163.5
20
-74.039999999999992
40
0.5
0
LINE
8
BLACK
6
CONTINUOUS
10
163.
20
-76.0799999999999983
11
164.
21
-77.0799999999999983
0
LINE
8
BLACK
6
CONTINUOUS
10
164.
20
-76.0799999999999983
11
163.
21
-77.0799999999999983
0
CIRCLE
8
BLACK
10
163.5
20
-76.5799999999999983
40
0.5
0
LINE
8
BLACK
6
CONTINUOUS
10
205.9599999999999795
20
-52.5
11
206.9599999999999795
21
-53.5
0
LINE
8
BLACK
6
CONTINUOUS
10
206.9599999999999795
20
-52.5
11
205.9599999999999795
21
-53.5
0
CIRCLE
8
BLACK
10
206.4599999999999795
20
-53.
40
0.5
0
LINE
8
BLACK
6
CONTINUOUS
10
208.5
20
-52.5
11
209.5
21
-53.5
0
LINE
8
BLACK
6
CONTINUOUS
10
209.5
20
-52.5
11
208.5
21
-53.5
0
CIRCLE
8
BLACK
10
209.
20
-53.
40
0.5
0
LINE
8
BLACK
6
CONTINUOUS
10
209.5
20
-56.5
11
210.5
21
-57.5
0
LINE
8
BLACK
6
CONTINUOUS
10
210.5
20
-56.5
11
209.5
21
-57.5
0
CIRCLE
8
BLACK
10
210.
20
-57.
40
0.5
0
LINE
8
BLACK
6
CONTINUOUS
10
209.5
20
-59.0399999999999991
11
210.5
21
-60.0399999999999991
0
LINE
8
BLACK
6
CONTINUOUS
10
210.5
20
-59.0399999999999991
11
209.5
21
-60.0399999999999991
0
CIRCLE
8
BLACK
10
210.
20
-59.5399999999999991
40
0.5
0
LINE
8
BLACK
6
CONTINUOUS
10
209.5
20
-61.5799999999999983
11
210.5
21
-62.5799999999999983
0
LINE
8
BLACK
6
CONTINUOUS
10
210.5
20
-61.5799999999999983
11
209.5
21
-62.5799999999999983
0
CIRCLE
8
BLACK
10
210.
20
-62.0799999999999983
40
0.5
0
LINE
8
BLACK
6
CONTINUOUS
10
209.5
20
-64.1199999999999903
11
210.5
21
-65.1199999999999903
0
LINE
8
BLACK
6
CONTINUOUS
10
210.5
20
-64.1199999999999903
11
209.5
21
-65.1199999999999903
0
CIRCLE
8
BLACK
10
210.
20
-64.6199999999999903
40
0.5
0
LINE
8
BLACK
6
CONTINUOUS
10
209.5
20
-66.6599999999999966
11
210.5
21
-67.6599999999999966
0
LINE
8
BLACK
6
CONTINUOUS
10
210.5
20
-66.6599999999999966
11
209.5
21
-67.6599999999999966
0
CIRCLE
8
BLACK
10
210.
20
-67.1599999999999966
40
0.5
0
LINE
8
BLACK
6
CONTINUOUS
10
209.5
20
-69.2000000000000028
11
210.5
21
-70.2000000000000028
0
LINE
8
BLACK
6
CONTINUOUS
10
210.5
20
-69.2000000000000028
11
209.5
21
-70.2000000000000028
0
CIRCLE
8
BLACK
10
210.
20
-69.7000000000000028
40
0.5
0
LINE
8
BLACK
6
CONTINUOUS
10
211.039999999999992
20
-52.5
11
212.039999999999992
21
-53.5
0
LINE
8
BLACK
6
CONTINUOUS
10
212.039999999999992
20
-52.5
11
211.039999999999992
21
-53.5
0
CIRCLE
8
BLACK
10
211.539999999999992
20
-53.
40
0.5
0
LINE
8
BLACK
6
CONTINUOUS
10
215.2999999999999829
20
-70.5
11
216.2999999999999829
21
-71.5
0
LINE
8
BLACK
6
CONTINUOUS
10
216.2999999999999829
20
-70.5
11
215.2999999999999829
21
-71.5
0
CIRCLE
8
BLACK
10
215.7999999999999829
20
-71.
40
0.5
0
LINE
8
BLACK
6
CONTINUOUS
10
215.2999999999999829
20
-73.
11
216.2999999999999829
21
-74.
0
LINE
8
BLACK
6
CONTINUOUS
10
216.2999999999999829
20
-73.
11
215.2999999999999829
21
-74.
0
CIRCLE
8
BLACK
10
215.7999999999999829
20
-73.5
40
0.5
0
LINE
8
BLACK
6
CONTINUOUS
10
204.4099999999999966
20
-74.4500000000000028
11
205.5099999999999909
21
-75.5499999999999972
0
LINE
8
BLACK
6
CONTINUOUS
10
205.5099999999999909
20
-74.4500000000000028
11
204.4099999999999966
21
-75.5499999999999972
0
LINE
8
BLACK
6
CONTINUOUS
10
204.9599999999999795
20
-74.4500000000000028
11
204.9599999999999795
21
-75.5499999999999972
0
LINE
8
BLACK
6
CONTINUOUS
10
204.4099999999999966
20
-75.
11
205.5099999999999909
21
-75.
0
LINE
8
BLACK
6
CONTINUOUS
10
206.9499999999999886
20
-74.4500000000000028
11
208.0499999999999829
21
-75.5499999999999972
0
LINE
8
BLACK
6
CONTINUOUS
10
208.0499999999999829
20
-74.4500000000000028
11
206.9499999999999886
21
-75.5499999999999972
0
LINE
8
BLACK
6
CONTINUOUS
10
207.5
20
-74.4500000000000028
11
207.5
21
-75.5499999999999972
0
LINE
8
BLACK
6
CONTINUOUS
10
206.9499999999999886
20
-75.
11
208.0499999999999829
21
-75.
0
LINE
8
BLACK
6
CONTINUOUS
10
209.4899999999999807
20
-74.4500000000000028
11
210.5900000000000034
21
-75.5499999999999972
0
LINE
8
BLACK
6
CONTINUOUS
10
210.5900000000000034
20
-74.4500000000000028
11
209.4899999999999807
21
-75.5499999999999972
0
LINE
8
BLACK
6
CONTINUOUS
10
210.039999999999992
20
-74.4500000000000028
11
210.039999999999992
21
-75.5499999999999972
0
LINE
8
BLACK
6
CONTINUOUS
10
209.4899999999999807
20
-75.
11
210.5900000000000034
21
-75.
0
LINE
8
BLACK
6
CONTINUOUS
10
159.0827679999999873
20
-106.1398379999999975
11
159.0827679999999873
21
-104.1398379999999975
0
LINE
8
BLACK
6
CONTINUOUS
10
159.0827679999999873
20
-104.1398379999999975
11
159.5589579999999899
21
-104.1398379999999975
0
LINE
8
BLACK
6
CONTINUOUS
10
159.5589579999999899
20
-104.1398379999999975
11
159.8446730000000002
21
-104.2350759999999923
0
LINE
8
BLACK
6
CONTINUOUS
10
159.8446730000000002
20
-104.2350759999999923
11
160.0351489999999899
21
-104.4255519999999962
0
LINE
8
BLACK
6
CONTINUOUS
10
160.0351489999999899
20
-104.4255519999999962
11
160.1303869999999847
21
-104.616028
0
LINE
8
BLACK
6
CONTINUOUS
10
160.1303869999999847
20
-104.616028
11
160.2256249999999795
21
-104.9969799999999935
0
LINE
8
BLACK
6
CONTINUOUS
10
160.2256249999999795
20
-104.9969799999999935
11
160.2256249999999795
21
-105.2826949999999897
0
LINE
8
BLACK
6
CONTINUOUS
10
160.2256249999999795
20
-105.2826949999999897
11
160.1303869999999847
21
-105.6636469999999974
0
LINE
8
BLACK
6
CONTINUOUS
10
160.1303869999999847
20
-105.6636469999999974
11
160.0351489999999899
21
-105.8541230000000013
0
LINE
8
BLACK
6
CONTINUOUS
10
160.0351489999999899
20
-105.8541230000000013
11
159.8446730000000002
21
-106.0445999999999884
0
LINE
8
BLACK
6
CONTINUOUS
10
159.8446730000000002
20
-106.0445999999999884
11
159.5589579999999899
21
-106.1398379999999975
0
LINE
8
BLACK
6
CONTINUOUS
10
159.5589579999999899
20
-106.1398379999999975
11
159.0827679999999873
21
-106.1398379999999975
0
LINE
8
BLACK
6
CONTINUOUS
10
161.0827679999999873
20
-106.1398379999999975
11
161.0827679999999873
21
-104.8065039999999897
0
LINE
8
BLACK
6
CONTINUOUS
10
161.0827679999999873
20
-105.1874569999999949
11
161.1780059999999821
21
-104.9969799999999935
0
LINE
8
BLACK
6
CONTINUOUS
10
161.1780059999999821
20
-104.9969799999999935
11
161.2732440000000054
21
-104.9017419999999987
0
LINE
8
BLACK
6
CONTINUOUS
10
161.2732440000000054
20
-104.9017419999999987
11
161.463719999999995
21
-104.8065039999999897
0
LINE
8
BLACK
6
CONTINUOUS
10
161.463719999999995
20
-104.8065039999999897
11
161.6541969999999822
21
-104.8065039999999897
0
LINE
8
BLACK
6
CONTINUOUS
10
162.3208630000000028
20
-106.1398379999999975
11
162.3208630000000028
21
-104.8065039999999897
0
LINE
8
BLACK
6
CONTINUOUS
10
162.3208630000000028
20
-104.1398379999999975
11
162.2256249999999795
21
-104.2350759999999923
0
LINE
8
BLACK
6
CONTINUOUS
10
162.2256249999999795
20
-104.2350759999999923
11
162.3208630000000028
21
-104.3303140000000013
0
LINE
8
BLACK
6
CONTINUOUS
10
162.3208630000000028
20
-104.3303140000000013
11
162.4161009999999976
21
-104.2350759999999923
0
LINE
8
BLACK
6
CONTINUOUS
10
162.4161009999999976
20
-104.2350759999999923
11
162.3208630000000028
21
-104.1398379999999975
0
LINE
8
BLACK
6
CONTINUOUS
10
162.3208630000000028
20
-104.1398379999999975
11
162.3208630000000028
21
-104.3303140000000013
0
LINE
8
BLACK
6
CONTINUOUS
10
163.5589579999999899
20
-106.1398379999999975
11
163.3684820000000002
21
-106.0445999999999884
0
LINE
8
BLACK
6
CONTINUOUS
10
163.3684820000000002
20
-106.0445999999999884
11
163.2732440000000054
21
-105.8541230000000013
0
LINE
8
BLACK
6
CONTINUOUS
10
163.2732440000000054
20
-105.8541230000000013
11
163.2732440000000054
21
-104.1398379999999975
0
LINE
8
BLACK
6
CONTINUOUS
10
164.6065769999999873
20
-106.1398379999999975
11
164.4161009999999976
21
-106.0445999999999884
0
LINE
8
BLACK
6
CONTINUOUS
10
164.4161009999999976
20
-106.0445999999999884
11
164.3208630000000028
21
-105.8541230000000013
0
LINE
8
BLACK
6
CONTINUOUS
10
164.3208630000000028
20
-105.8541230000000013
11
164.3208630000000028
21
-104.1398379999999975
0
LINE
8
BLACK
6
CONTINUOUS
10
166.8922919999999976
20
-106.1398379999999975
11
166.8922919999999976
21
-104.1398379999999975
0
LINE
8
BLACK
6
CONTINUOUS
10
166.8922919999999976
20
-104.1398379999999975
11
167.5589589999999873
21
-105.5684089999999884
0
LINE
8
BLACK
6
CONTINUOUS
10
167.5589589999999873
20
-105.5684089999999884
11
168.2256249999999795
21
-104.1398379999999975
0
LINE
8
BLACK
6
CONTINUOUS
10
168.2256249999999795
20
-104.1398379999999975
11
168.2256249999999795
21
-106.1398379999999975
0
LINE
8
BLACK
6
CONTINUOUS
10
170.0351489999999899
20
-106.1398379999999975
11
170.0351489999999899
21
-105.0922190000000001
0
LINE
8
BLACK
6
CONTINUOUS
10
170.0351489999999899
20
-105.0922190000000001
11
169.9399109999999951
21
-104.9017419999999987
0
LINE
8
BLACK
6
CONTINUOUS
10
169.9399109999999951
20
-104.9017419999999987
11
169.7494350000000054
21
-104.8065039999999897
0
LINE
8
BLACK
6
CONTINUOUS
10
169.7494350000000054
20
-104.8065039999999897
11
169.3684820000000002
21
-104.8065039999999897
0
LINE
8
BLACK
6
CONTINUOUS
10
169.3684820000000002
20
-104.8065039999999897
11
169.1780059999999821
21
-104.9017419999999987
0
LINE
8
BLACK
6
CONTINUOUS
10
170.0351489999999899
20
-106.0445999999999884
11
169.8446730000000002
21
-106.1398379999999975
0
LINE
8
BLACK
6
CONTINUOUS
10
169.8446730000000002
20
-106.1398379999999975
11
169.3684820000000002
21
-106.1398379999999975
0
LINE
8
BLACK
6
CONTINUOUS
10
169.3684820000000002
20
-106.1398379999999975
11
169.1780059999999821
21
-106.0445999999999884
0
LINE
8
BLACK
6
CONTINUOUS
10
169.1780059999999821
20
-106.0445999999999884
11
169.0827679999999873
21
-105.8541230000000013
0
LINE
8
BLACK
6
CONTINUOUS
10
169.0827679999999873
20
-105.8541230000000013
11
169.0827679999999873
21
-105.6636469999999974
0
LINE
8
BLACK
6
CONTINUOUS
10
169.0827679999999873
20
-105.6636469999999974
11
169.1780059999999821
21
-105.4731709999999936
0
LINE
8
BLACK
6
CONTINUOUS
10
169.1780059999999821
20
-105.4731709999999936
11
169.3684820000000002
21
-105.3779329999999987
0
LINE
8
BLACK
6
CONTINUOUS
10
169.3684820000000002
20
-105.3779329999999987
11
169.8446730000000002
21
-105.3779329999999987
0
LINE
8
BLACK
6
CONTINUOUS
10
169.8446730000000002
20
-105.3779329999999987
11
170.0351489999999899
21
-105.2826949999999897
0
LINE
8
BLACK
6
CONTINUOUS
10
170.9875299999999925
20
-104.8065039999999897
11
170.9875299999999925
21
-106.8065039999999897
0
LINE
8
BLACK
6
CONTINUOUS
10
170.9875299999999925
20
-104.9017419999999987
11
171.1780059999999821
21
-104.8065039999999897
0
LINE
8
BLACK
6
CONTINUOUS
10
171.1780059999999821
20
-104.8065039999999897
11
171.5589589999999873
21
-104.8065039999999897
0
LINE
8
BLACK
6
CONTINUOUS
10
171.5589589999999873
20
-104.8065039999999897
11
171.7494350000000054
21
-104.9017419999999987
0
LINE
8
BLACK
6
CONTINUOUS
10
171.7494350000000054
20
-104.9017419999999987
11
171.8446730000000002
21
-104.9969799999999935
0
LINE
8
BLACK
6
CONTINUOUS
10
171.8446730000000002
20
-104.9969799999999935
11
171.9399109999999951
21
-105.1874569999999949
0
LINE
8
BLACK
6
CONTINUOUS
10
171.9399109999999951
20
-105.1874569999999949
11
171.9399109999999951
21
-105.7588849999999923
0
LINE
8
BLACK
6
CONTINUOUS
10
171.9399109999999951
20
-105.7588849999999923
11
171.8446730000000002
21
-105.9493609999999961
0
LINE
8
BLACK
6
CONTINUOUS
10
171.8446730000000002
20
-105.9493609999999961
11
171.7494350000000054
21
-106.0445999999999884
0
LINE
8
BLACK
6
CONTINUOUS
10
171.7494350000000054
20
-106.0445999999999884
11
171.5589589999999873
21
-106.1398379999999975
0
LINE
8
BLACK
6
CONTINUOUS
10
171.5589589999999873
20
-106.1398379999999975
11
171.1780059999999821
21
-106.1398379999999975
0
LINE
8
BLACK
6
CONTINUOUS
10
171.1780059999999821
20
-106.1398379999999975
11
170.9875299999999925
21
-106.0445999999999884
0
LINE
8
BLACK
6
CONTINUOUS
10
172.7970540000000028
20
-105.9493609999999961
11
172.8922919999999976
21
-106.0445999999999884
0
LINE
8
BLACK
6
CONTINUOUS
10
172.8922919999999976
20
-106.0445999999999884
11
172.7970540000000028
21
-106.1398379999999975
0
LINE
8
BLACK
6
CONTINUOUS
10
172.7970540000000028
20
-106.1398379999999975
11
172.7018159999999796
21
-106.0445999999999884
0
LINE
8
BLACK
6
CONTINUOUS
10
172.7018159999999796
20
-106.0445999999999884
11
172.7970540000000028
21
-105.9493609999999961
0
LINE
8
BLACK
6
CONTINUOUS
10
172.7970540000000028
20
-105.9493609999999961
11
172.7970540000000028
21
-106.1398379999999975
0
LINE
8
BLACK
6
CONTINUOUS
10
172.7970540000000028
20
-104.9017419999999987
11
172.8922919999999976
21
-104.9969799999999935
0
LINE
8
BLACK
6
CONTINUOUS
10
172.8922919999999976
20
-104.9969799999999935
11
172.7970540000000028
21
-105.0922190000000001
0
LINE
8
BLACK
6
CONTINUOUS
10
172.7970540000000028
20
-105.0922190000000001
11
172.7018159999999796
21
-104.9969799999999935
0
LINE
8
BLACK
6
CONTINUOUS
10
172.7018159999999796
20
-104.9969799999999935
11
172.7970540000000028
21
-104.9017419999999987
0
LINE
8
BLACK
6
CONTINUOUS
10
172.7970540000000028
20
-104.9017419999999987
11
172.7970540000000028
21
-105.0922190000000001
0
LINE
8
BLACK
6
CONTINUOUS
10
156.1749999999999829
20
-109.2749999999999915
11
156.4749999999999943
21
-109.5749999999999886
0
LINE
8
BLACK
6
CONTINUOUS
10
156.4749999999999943
20
-109.2749999999999915
11
156.1749999999999829
21
-109.5749999999999886
0
LINE
8
BLACK
6
CONTINUOUS
10
159.463719999999995
20
-108.3398380000000003
11
159.6541969999999822
21
-108.3398380000000003
0
LINE
8
BLACK
6
CONTINUOUS
10
159.6541969999999822
20
-108.3398380000000003
11
159.8446730000000002
21
-108.4350759999999951
0
LINE
8
BLACK
6
CONTINUOUS
10
159.8446730000000002
20
-108.4350759999999951
11
159.9399109999999951
21
-108.53031399999999
0
LINE
8
BLACK
6
CONTINUOUS
10
159.9399109999999951
20
-108.53031399999999
11
160.0351489999999899
21
-108.7207899999999938
0
LINE
8
BLACK
6
CONTINUOUS
10
160.0351489999999899
20
-108.7207899999999938
11
160.1303869999999847
21
-109.1017420000000016
0
LINE
8
BLACK
6
CONTINUOUS
10
160.1303869999999847
20
-109.1017420000000016
11
160.1303869999999847
21
-109.5779330000000016
0
LINE
8
BLACK
6
CONTINUOUS
10
160.1303869999999847
20
-109.5779330000000016
11
160.0351489999999899
21
-109.9588849999999951
0
LINE
8
BLACK
6
CONTINUOUS
10
160.0351489999999899
20
-109.9588849999999951
11
159.9399109999999951
21
-110.149360999999999
0
LINE
8
BLACK
6
CONTINUOUS
10
159.9399109999999951
20
-110.149360999999999
11
159.8446730000000002
21
-110.2445999999999913
0
LINE
8
BLACK
6
CONTINUOUS
10
159.8446730000000002
20
-110.2445999999999913
11
159.6541969999999822
21
-110.3398380000000003
0
LINE
8
BLACK
6
CONTINUOUS
10
159.6541969999999822
20
-110.3398380000000003
11
159.463719999999995
21
-110.3398380000000003
0
LINE
8
BLACK
6
CONTINUOUS
10
159.463719999999995
20
-110.3398380000000003
11
159.2732440000000054
21
-110.2445999999999913
0
LINE
8
BLACK
6
CONTINUOUS
10
159.2732440000000054
20
-110.2445999999999913
11
159.1780059999999821
21
-110.149360999999999
0
LINE
8
BLACK
6
CONTINUOUS
10
159.1780059999999821
20
-110.149360999999999
11
159.0827679999999873
21
-109.9588849999999951
0
LINE
8
BLACK
6
CONTINUOUS
10
159.0827679999999873
20
-109.9588849999999951
11
158.9875299999999925
21
-109.5779330000000016
0
LINE
8
BLACK
6
CONTINUOUS
10
158.9875299999999925
20
-109.5779330000000016
11
158.9875299999999925
21
-109.1017420000000016
0
LINE
8
BLACK
6
CONTINUOUS
10
158.9875299999999925
20
-109.1017420000000016
11
159.0827679999999873
21
-108.7207899999999938
0
LINE
8
BLACK
6
CONTINUOUS
10
159.0827679999999873
20
-108.7207899999999938
11
159.1780059999999821
21
-108.53031399999999
0
LINE
8
BLACK
6
CONTINUOUS
10
159.1780059999999821
20
-108.53031399999999
11
159.2732440000000054
21
-108.4350759999999951
0
LINE
8
BLACK
6
CONTINUOUS
10
159.2732440000000054
20
-108.4350759999999951
11
159.463719999999995
21
-108.3398380000000003
0
LINE
8
BLACK
6
CONTINUOUS
10
160.9875299999999925
20
-110.149360999999999
11
161.0827679999999873
21
-110.2445999999999913
0
LINE
8
BLACK
6
CONTINUOUS
10
161.0827679999999873
20
-110.2445999999999913
11
160.9875299999999925
21
-110.3398380000000003
0
LINE
8
BLACK
6
CONTINUOUS
10
160.9875299999999925
20
-110.3398380000000003
11
160.8922919999999976
21
-110.2445999999999913
0
LINE
8
BLACK
6
CONTINUOUS
10
160.8922919999999976
20
-110.2445999999999913
11
160.9875299999999925
21
-110.149360999999999
0
LINE
8
BLACK
6
CONTINUOUS
10
160.9875299999999925
20
-110.149360999999999
11
160.9875299999999925
21
-110.3398380000000003
0
LINE
8
BLACK
6
CONTINUOUS
10
161.7494350000000054
20
-108.3398380000000003
11
162.9875299999999925
21
-108.3398380000000003
0
LINE
8
BLACK
6
CONTINUOUS
10
162.9875299999999925
20
-108.3398380000000003
11
162.3208630000000028
21
-109.1017420000000016
0
LINE
8
BLACK
6
CONTINUOUS
10
162.3208630000000028
20
-109.1017420000000016
11
162.6065779999999847
21
-109.1017420000000016
0
LINE
8
BLACK
6
CONTINUOUS
10
162.6065779999999847
20
-109.1017420000000016
11
162.7970540000000028
21
-109.1969799999999964
0
LINE
8
BLACK
6
CONTINUOUS
10
162.7970540000000028
20
-109.1969799999999964
11
162.8922919999999976
21
-109.2922189999999887
0
LINE
8
BLACK
6
CONTINUOUS
10
162.8922919999999976
20
-109.2922189999999887
11
162.9875299999999925
21
-109.4826949999999925
0
LINE
8
BLACK
6
CONTINUOUS
10
162.9875299999999925
20
-109.4826949999999925
11
162.9875299999999925
21
-109.9588849999999951
0
LINE
8
BLACK
6
CONTINUOUS
10
162.9875299999999925
20
-109.9588849999999951
11
162.8922919999999976
21
-110.149360999999999
0
LINE
8
BLACK
6
CONTINUOUS
10
162.8922919999999976
20
-110.149360999999999
11
162.7970540000000028
21
-110.2445999999999913
0
LINE
8
BLACK
6
CONTINUOUS
10
162.7970540000000028
20
-110.2445999999999913
11
162.6065779999999847
21
-110.3398380000000003
0
LINE
8
BLACK
6
CONTINUOUS
10
162.6065779999999847
20
-110.3398380000000003
11
162.0351489999999899
21
-110.3398380000000003
0
LINE
8
BLACK
6
CONTINUOUS
10
162.0351489999999899
20
-110.3398380000000003
11
161.8446730000000002
21
-110.2445999999999913
0
LINE
8
BLACK
6
CONTINUOUS
10
161.8446730000000002
20
-110.2445999999999913
11
161.7494350000000054
21
-110.149360999999999
0
LINE
8
BLACK
6
CONTINUOUS
10
164.2256249999999795
20
-108.3398380000000003
11
164.4161019999999951
21
-108.3398380000000003
0
LINE
8
BLACK
6
CONTINUOUS
10
164.4161019999999951
20
-108.3398380000000003
11
164.6065779999999847
21
-108.4350759999999951
0
LINE
8
BLACK
6
CONTINUOUS
10
164.6065779999999847
20
-108.4350759999999951
11
164.7018159999999796
21
-108.53031399999999
0
LINE
8
BLACK
6
CONTINUOUS
10
164.7018159999999796
20
-108.53031399999999
11
164.7970540000000028
21
-108.7207899999999938
0
LINE
8
BLACK
6
CONTINUOUS
10
164.7970540000000028
20
-108.7207899999999938
11
164.8922919999999976
21
-109.1017420000000016
0
LINE
8
BLACK
6
CONTINUOUS
10
164.8922919999999976
20
-109.1017420000000016
11
164.8922919999999976
21
-109.5779330000000016
0
LINE
8
BLACK
6
CONTINUOUS
10
164.8922919999999976
20
-109.5779330000000016
11
164.7970540000000028
21
-109.9588849999999951
0
LINE
8
BLACK
6
CONTINUOUS
10
164.7970540000000028
20
-109.9588849999999951
11
164.7018159999999796
21
-110.149360999999999
0
LINE
8
BLACK
6
CONTINUOUS
10
164.7018159999999796
20
-110.149360999999999
11
164.6065779999999847
21
-110.2445999999999913
0
LINE
8
BLACK
6
CONTINUOUS
10
164.6065779999999847
20
-110.2445999999999913
11
164.4161019999999951
21
-110.3398380000000003
0
LINE
8
BLACK
6
CONTINUOUS
10
164.4161019999999951
20
-110.3398380000000003
11
164.2256249999999795
21
-110.3398380000000003
0
LINE
8
BLACK
6
CONTINUOUS
10
164.2256249999999795
20
-110.3398380000000003
11
164.0351489999999899
21
-110.2445999999999913
0
LINE
8
BLACK
6
CONTINUOUS
10
164.0351489999999899
20
-110.2445999999999913
11
163.9399109999999951
21
-110.149360999999999
0
LINE
8
BLACK
6
CONTINUOUS
10
163.9399109999999951
20
-110.149360999999999
11
163.8446730000000002
21
-109.9588849999999951
0
LINE
8
BLACK
6
CONTINUOUS
10
163.8446730000000002
20
-109.9588849999999951
11
163.7494350000000054
21
-109.5779330000000016
0
LINE
8
BLACK
6
CONTINUOUS
10
163.7494350000000054
20
-109.5779330000000016
11
163.7494350000000054
21
-109.1017420000000016
0
LINE
8
BLACK
6
CONTINUOUS
10
163.7494350000000054
20
-109.1017420000000016
11
163.8446730000000002
21
-108.7207899999999938
0
LINE
8
BLACK
6
CONTINUOUS
10
163.8446730000000002
20
-108.7207899999999938
11
163.9399109999999951
21
-108.53031399999999
0
LINE
8
BLACK
6
CONTINUOUS
10
163.9399109999999951
20
-108.53031399999999
11
164.0351489999999899
21
-108.4350759999999951
0
LINE
8
BLACK
6
CONTINUOUS
10
164.0351489999999899
20
-108.4350759999999951
11
164.2256249999999795
21
-108.3398380000000003
0
LINE
8
BLACK
6
CONTINUOUS
10
166.1303869999999847
20
-108.3398380000000003
11
166.3208640000000003
21
-108.3398380000000003
0
LINE
8
BLACK
6
CONTINUOUS
10
166.3208640000000003
20
-108.3398380000000003
11
166.5113399999999899
21
-108.4350759999999951
0
LINE
8
BLACK
6
CONTINUOUS
10
166.5113399999999899
20
-108.4350759999999951
11
166.6065779999999847
21
-108.53031399999999
0
LINE
8
BLACK
6
CONTINUOUS
10
166.6065779999999847
20
-108.53031399999999
11
166.7018159999999796
21
-108.7207899999999938
0
LINE
8
BLACK
6
CONTINUOUS
10
166.7018159999999796
20
-108.7207899999999938
11
166.7970540000000028
21
-109.1017420000000016
0
LINE
8
BLACK
6
CONTINUOUS
10
166.7970540000000028
20
-109.1017420000000016
11
166.7970540000000028
21
-109.5779330000000016
0
LINE
8
BLACK
6
CONTINUOUS
10
166.7970540000000028
20
-109.5779330000000016
11
166.7018159999999796
21
-109.9588849999999951
0
LINE
8
BLACK
6
CONTINUOUS
10
166.7018159999999796
20
-109.9588849999999951
11
166.6065779999999847
21
-110.149360999999999
0
LINE
8
BLACK
6
CONTINUOUS
10
166.6065779999999847
20
-110.149360999999999
11
166.5113399999999899
21
-110.2445999999999913
0
LINE
8
BLACK
6
CONTINUOUS
10
166.5113399999999899
20
-110.2445999999999913
11
166.3208640000000003
21
-110.3398380000000003
0
LINE
8
BLACK
6
CONTINUOUS
10
166.3208640000000003
20
-110.3398380000000003
11
166.1303869999999847
21
-110.3398380000000003
0
LINE
8
BLACK
6
CONTINUOUS
10
166.1303869999999847
20
-110.3398380000000003
11
165.9399109999999951
21
-110.2445999999999913
0
LINE
8
BLACK
6
CONTINUOUS
10
165.9399109999999951
20
-110.2445999999999913
11
165.8446730000000002
21
-110.149360999999999
0
LINE
8
BLACK
6
CONTINUOUS
10
165.8446730000000002
20
-110.149360999999999
11
165.7494350000000054
21
-109.9588849999999951
0
LINE
8
BLACK
6
CONTINUOUS
10
165.7494350000000054
20
-109.9588849999999951
11
165.6541969999999822
21
-109.5779330000000016
0
LINE
8
BLACK
6
CONTINUOUS
10
165.6541969999999822
20
-109.5779330000000016
11
165.6541969999999822
21
-109.1017420000000016
0
LINE
8
BLACK
6
CONTINUOUS
10
165.6541969999999822
20
-109.1017420000000016
11
165.7494350000000054
21
-108.7207899999999938
0
LINE
8
BLACK
6
CONTINUOUS
10
165.7494350000000054
20
-108.7207899999999938
11
165.8446730000000002
21
-108.53031399999999
0
LINE
8
BLACK
6
CONTINUOUS
10
165.8446730000000002
20
-108.53031399999999
11
165.9399109999999951
21
-108.4350759999999951
0
LINE
8
BLACK
6
CONTINUOUS
10
165.9399109999999951
20
-108.4350759999999951
11
166.1303869999999847
21
-108.3398380000000003
0
LINE
8
BLACK
6
CONTINUOUS
10
167.6541969999999822
20
-110.3398380000000003
11
167.6541969999999822
21
-109.0065039999999925
0
LINE
8
BLACK
6
CONTINUOUS
10
167.6541969999999822
20
-109.1969799999999964
11
167.7494350000000054
21
-109.1017420000000016
0
LINE
8
BLACK
6
CONTINUOUS
10
167.7494350000000054
20
-109.1017420000000016
11
167.9399109999999951
21
-109.0065039999999925
0
LINE
8
BLACK
6
CONTINUOUS
10
167.9399109999999951
20
-109.0065039999999925
11
168.2256260000000054
21
-109.0065039999999925
0
LINE
8
BLACK
6
CONTINUOUS
10
168.2256260000000054
20
-109.0065039999999925
11
168.4161019999999951
21
-109.1017420000000016
0
LINE
8
BLACK
6
CONTINUOUS
10
168.4161019999999951
20
-109.1017420000000016
11
168.5113399999999899
21
-109.2922189999999887
0
LINE
8
BLACK
6
CONTINUOUS
10
168.5113399999999899
20
-109.2922189999999887
11
168.5113399999999899
21
-110.3398380000000003
0
LINE
8
BLACK
6
CONTINUOUS
10
168.5113399999999899
20
-109.2922189999999887
11
168.6065779999999847
21
-109.1017420000000016
0
LINE
8
BLACK
6
CONTINUOUS
10
168.6065779999999847
20
-109.1017420000000016
11
168.7970540000000028
21
-109.0065039999999925
0
LINE
8
BLACK
6
CONTINUOUS
10
168.7970540000000028
20
-109.0065039999999925
11
169.0827679999999873
21
-109.0065039999999925
0
LINE
8
BLACK
6
CONTINUOUS
10
169.0827679999999873
20
-109.0065039999999925
11
169.2732450000000028
21
-109.1017420000000016
0
LINE
8
BLACK
6
CONTINUOUS
10
169.2732450000000028
20
-109.1017420000000016
11
169.3684829999999977
21
-109.2922189999999887
0
LINE
8
BLACK
6
CONTINUOUS
10
169.3684829999999977
20
-109.2922189999999887
11
169.3684829999999977
21
-110.3398380000000003
0
LINE
8
BLACK
6
CONTINUOUS
10
170.3208640000000003
20
-110.3398380000000003
11
170.3208640000000003
21
-109.0065039999999925
0
LINE
8
BLACK
6
CONTINUOUS
10
170.3208640000000003
20
-109.1969799999999964
11
170.4161019999999951
21
-109.1017420000000016
0
LINE
8
BLACK
6
CONTINUOUS
10
170.4161019999999951
20
-109.1017420000000016
11
170.6065779999999847
21
-109.0065039999999925
0
LINE
8
BLACK
6
CONTINUOUS
10
170.6065779999999847
20
-109.0065039999999925
11
170.8922929999999951
21
-109.0065039999999925
0
LINE
8
BLACK
6
CONTINUOUS
10
170.8922929999999951
20
-109.0065039999999925
11
171.0827689999999848
21
-109.1017420000000016
0
LINE
8
BLACK
6
CONTINUOUS
10
171.0827689999999848
20
-109.1017420000000016
11
171.1780069999999796
21
-109.2922189999999887
0
LINE
8
BLACK
6
CONTINUOUS
10
171.1780069999999796
20
-109.2922189999999887
11
171.1780069999999796
21
-110.3398380000000003
0
LINE
8
BLACK
6
CONTINUOUS
10
171.1780069999999796
20
-109.2922189999999887
11
171.2732450000000028
21
-109.1017420000000016
0
LINE
8
BLACK
6
CONTINUOUS
10
171.2732450000000028
20
-109.1017420000000016
11
171.4637209999999925
21
-109.0065039999999925
0
LINE
8
BLACK
6
CONTINUOUS
10
171.4637209999999925
20
-109.0065039999999925
11
171.7494350000000054
21
-109.0065039999999925
0
LINE
8
BLACK
6
CONTINUOUS
10
171.7494350000000054
20
-109.0065039999999925
11
171.9399119999999925
21
-109.1017420000000016
0
LINE
8
BLACK
6
CONTINUOUS
10
171.9399119999999925
20
-109.1017420000000016
11
172.0351499999999874
21
-109.2922189999999887
0
LINE
8
BLACK
6
CONTINUOUS
10
172.0351499999999874
20
-109.2922189999999887
11
172.0351499999999874
21
-110.3398380000000003
0
LINE
8
BLACK
6
CONTINUOUS
10
175.9399119999999925
20
-108.2445999999999913
11
174.2256270000000029
21
-110.8160279999999887
0
LINE
8
BLACK
6
CONTINUOUS
10
178.5113409999999874
20
-108.3398380000000003
11
178.7018180000000029
21
-108.3398380000000003
0
LINE
8
BLACK
6
CONTINUOUS
10
178.7018180000000029
20
-108.3398380000000003
11
178.8922939999999926
21
-108.4350759999999951
0
LINE
8
BLACK
6
CONTINUOUS
10
178.8922939999999926
20
-108.4350759999999951
11
178.9875319999999874
21
-108.53031399999999
0
LINE
8
BLACK
6
CONTINUOUS
10
178.9875319999999874
20
-108.53031399999999
11
179.0827699999999822
21
-108.7207899999999938
0
LINE
8
BLACK
6
CONTINUOUS
10
179.0827699999999822
20
-108.7207899999999938
11
179.1780080000000055
21
-109.1017420000000016
0
LINE
8
BLACK
6
CONTINUOUS
10
179.1780080000000055
20
-109.1017420000000016
11
179.1780080000000055
21
-109.5779330000000016
0
LINE
8
BLACK
6
CONTINUOUS
10
179.1780080000000055
20
-109.5779330000000016
11
179.0827699999999822
21
-109.9588849999999951
0
LINE
8
BLACK
6
CONTINUOUS
10
179.0827699999999822
20
-109.9588849999999951
11
178.9875319999999874
21
-110.149360999999999
0
LINE
8
BLACK
6
CONTINUOUS
10
178.9875319999999874
20
-110.149360999999999
11
178.8922939999999926
21
-110.2445999999999913
0
LINE
8
BLACK
6
CONTINUOUS
10
178.8922939999999926
20
-110.2445999999999913
11
178.7018180000000029
21
-110.3398380000000003
0
LINE
8
BLACK
6
CONTINUOUS
10
178.7018180000000029
20
-110.3398380000000003
11
178.5113409999999874
21
-110.3398380000000003
0
LINE
8
BLACK
6
CONTINUOUS
10
178.5113409999999874
20
-110.3398380000000003
11
178.3208649999999977
21
-110.2445999999999913
0
LINE
8
BLACK
6
CONTINUOUS
10
178.3208649999999977
20
-110.2445999999999913
11
178.2256270000000029
21
-110.149360999999999
0
LINE
8
BLACK
6
CONTINUOUS
10
178.2256270000000029
20
-110.149360999999999
11
178.1303889999999797
21
-109.9588849999999951
0
LINE
8
BLACK
6
CONTINUOUS
10
178.1303889999999797
20
-109.9588849999999951
11
178.0351509999999848
21
-109.5779330000000016
0
LINE
8
BLACK
6
CONTINUOUS
10
178.0351509999999848
20
-109.5779330000000016
11
178.0351509999999848
21
-109.1017420000000016
0
LINE
8
BLACK
6
CONTINUOUS
10
178.0351509999999848
20
-109.1017420000000016
11
178.1303889999999797
21
-108.7207899999999938
0
LINE
8
BLACK
6
CONTINUOUS
10
178.1303889999999797
20
-108.7207899999999938
11
178.2256270000000029
21
-108.53031399999999
0
LINE
8
BLACK
6
CONTINUOUS
10
178.2256270000000029
20
-108.53031399999999
11
178.3208649999999977
21
-108.4350759999999951
0
LINE
8
BLACK
6
CONTINUOUS
10
178.3208649999999977
20
-108.4350759999999951
11
178.5113409999999874
21
-108.3398380000000003
0
LINE
8
BLACK
6
CONTINUOUS
10
180.0351509999999848
20
-110.149360999999999
11
180.1303889999999797
21
-110.2445999999999913
0
LINE
8
BLACK
6
CONTINUOUS
10
180.1303889999999797
20
-110.2445999999999913
11
180.0351509999999848
21
-110.3398380000000003
0
LINE
8
BLACK
6
CONTINUOUS
10
180.0351509999999848
20
-110.3398380000000003
11
179.93991299999999
21
-110.2445999999999913
0
LINE
8
BLACK
6
CONTINUOUS
10
179.93991299999999
20
-110.2445999999999913
11
180.0351509999999848
21
-110.149360999999999
0
LINE
8
BLACK
6
CONTINUOUS
10
180.0351509999999848
20
-110.149360999999999
11
180.0351509999999848
21
-110.3398380000000003
0
LINE
8
BLACK
6
CONTINUOUS
10
181.3684839999999951
20
-108.3398380000000003
11
181.5589609999999823
21
-108.3398380000000003
0
LINE
8
BLACK
6
CONTINUOUS
10
181.5589609999999823
20
-108.3398380000000003
11
181.7494370000000004
21
-108.4350759999999951
0
LINE
8
BLACK
6
CONTINUOUS
10
181.7494370000000004
20
-108.4350759999999951
11
181.8446749999999952
21
-108.53031399999999
0
LINE
8
BLACK
6
CONTINUOUS
10
181.8446749999999952
20
-108.53031399999999
11
181.93991299999999
21
-108.7207899999999938
0
LINE
8
BLACK
6
CONTINUOUS
10
181.93991299999999
20
-108.7207899999999938
11
182.0351509999999848
21
-109.1017420000000016
0
LINE
8
BLACK
6
CONTINUOUS
10
182.0351509999999848
20
-109.1017420000000016
11
182.0351509999999848
21
-109.5779330000000016
0
LINE
8
BLACK
6
CONTINUOUS
10
182.0351509999999848
20
-109.5779330000000016
11
181.93991299999999
21
-109.9588849999999951
0
LINE
8
BLACK
6
CONTINUOUS
10
181.93991299999999
20
-109.9588849999999951
11
181.8446749999999952
21
-110.149360999999999
0
LINE
8
BLACK
6
CONTINUOUS
10
181.8446749999999952
20
-110.149360999999999
11
181.7494370000000004
21
-110.2445999999999913
0
LINE
8
BLACK
6
CONTINUOUS
10
181.7494370000000004
20
-110.2445999999999913
11
181.5589609999999823
21
-110.3398380000000003
0
LINE
8
BLACK
6
CONTINUOUS
10
181.5589609999999823
20
-110.3398380000000003
11
181.3684839999999951
21
-110.3398380000000003
0
LINE
8
BLACK
6
CONTINUOUS
10
181.3684839999999951
20
-110.3398380000000003
11
181.1780080000000055
21
-110.2445999999999913
0
LINE
8
BLACK
6
CONTINUOUS
10
181.1780080000000055
20
-110.2445999999999913
11
181.0827699999999822
21
-110.149360999999999
0
LINE
8
BLACK
6
CONTINUOUS
10
181.0827699999999822
20
-110.149360999999999
11
180.9875319999999874
21
-109.9588849999999951
0
LINE
8
BLACK
6
CONTINUOUS
10
180.9875319999999874
20
-109.9588849999999951
11
180.8922939999999926
21
-109.5779330000000016
0
LINE
8
BLACK
6
CONTINUOUS
10
180.8922939999999926
20
-109.5779330000000016
11
180.8922939999999926
21
-109.1017420000000016
0
LINE
8
BLACK
6
CONTINUOUS
10
180.8922939999999926
20
-109.1017420000000016
11
180.9875319999999874
21
-108.7207899999999938
0
LINE
8
BLACK
6
CONTINUOUS
10
180.9875319999999874
20
-108.7207899999999938
11
181.0827699999999822
21
-108.53031399999999
0
LINE
8
BLACK
6
CONTINUOUS
10
181.0827699999999822
20
-108.53031399999999
11
181.1780080000000055
21
-108.4350759999999951
0
LINE
8
BLACK
6
CONTINUOUS
10
181.1780080000000055
20
-108.4350759999999951
11
181.3684839999999951
21
-108.3398380000000003
0
LINE
8
BLACK
6
CONTINUOUS
10
183.93991299999999
20
-110.3398380000000003
11
182.7970559999999978
21
-110.3398380000000003
0
LINE
8
BLACK
6
CONTINUOUS
10
183.3684839999999951
20
-110.3398380000000003
11
183.3684839999999951
21
-108.3398380000000003
0
LINE
8
BLACK
6
CONTINUOUS
10
183.3684839999999951
20
-108.3398380000000003
11
183.1780080000000055
21
-108.625551999999999
0
LINE
8
BLACK
6
CONTINUOUS
10
183.1780080000000055
20
-108.625551999999999
11
182.9875319999999874
21
-108.8160279999999887
0
LINE
8
BLACK
6
CONTINUOUS
10
182.9875319999999874
20
-108.8160279999999887
11
182.7970559999999978
21
-108.9112659999999977
0
LINE
8
BLACK
6
CONTINUOUS
10
185.8446749999999952
20
-110.3398380000000003
11
184.7018180000000029
21
-110.3398380000000003
0
LINE
8
BLACK
6
CONTINUOUS
10
185.2732460000000003
20
-110.3398380000000003
11
185.2732460000000003
21
-108.3398380000000003
0
LINE
8
BLACK
6
CONTINUOUS
10
185.2732460000000003
20
-108.3398380000000003
11
185.0827699999999822
21
-108.625551999999999
0
LINE
8
BLACK
6
CONTINUOUS
10
185.0827699999999822
20
-108.625551999999999
11
184.8922939999999926
21
-108.8160279999999887
0
LINE
8
BLACK
6
CONTINUOUS
10
184.8922939999999926
20
-108.8160279999999887
11
184.7018180000000029
21
-108.9112659999999977
0
LINE
8
BLACK
6
CONTINUOUS
10
186.9875319999999874
20
-109.1969799999999964
11
186.7970559999999978
21
-109.1017420000000016
0
LINE
8
BLACK
6
CONTINUOUS
10
186.7970559999999978
20
-109.1017420000000016
11
186.7018180000000029
21
-109.0065039999999925
0
LINE
8
BLACK
6
CONTINUOUS
10
186.7018180000000029
20
-109.0065039999999925
11
186.6065799999999797
21
-108.8160279999999887
0
LINE
8
BLACK
6
CONTINUOUS
10
186.6065799999999797
20
-108.8160279999999887
11
186.6065799999999797
21
-108.7207899999999938
0
LINE
8
BLACK
6
CONTINUOUS
10
186.6065799999999797
20
-108.7207899999999938
11
186.7018180000000029
21
-108.53031399999999
0
LINE
8
BLACK
6
CONTINUOUS
10
186.7018180000000029
20
-108.53031399999999
11
186.7970559999999978
21
-108.4350759999999951
0
LINE
8
BLACK
6
CONTINUOUS
10
186.7970559999999978
20
-108.4350759999999951
11
186.9875319999999874
21
-108.3398380000000003
0
LINE
8
BLACK
6
CONTINUOUS
10
186.9875319999999874
20
-108.3398380000000003
11
187.3684849999999926
21
-108.3398380000000003
0
LINE
8
BLACK
6
CONTINUOUS
10
187.3684849999999926
20
-108.3398380000000003
11
187.5589609999999823
21
-108.4350759999999951
0
LINE
8
BLACK
6
CONTINUOUS
10
187.5589609999999823
20
-108.4350759999999951
11
187.6541990000000055
21
-108.53031399999999
0
LINE
8
BLACK
6
CONTINUOUS
10
187.6541990000000055
20
-108.53031399999999
11
187.7494370000000004
21
-108.7207899999999938
0
LINE
8
BLACK
6
CONTINUOUS
10
187.7494370000000004
20
-108.7207899999999938
11
187.7494370000000004
21
-108.8160279999999887
0
LINE
8
BLACK
6
CONTINUOUS
10
187.7494370000000004
20
-108.8160279999999887
11
187.6541990000000055
21
-109.0065039999999925
0
LINE
8
BLACK
6
CONTINUOUS
10
187.6541990000000055
20
-109.0065039999999925
11
187.5589609999999823
21
-109.1017420000000016
0
LINE
8
BLACK
6
CONTINUOUS
10
187.5589609999999823
20
-109.1017420000000016
11
187.3684849999999926
21
-109.1969799999999964
0
LINE
8
BLACK
6
CONTINUOUS
10
187.3684849999999926
20
-109.1969799999999964
11
186.9875319999999874
21
-109.1969799999999964
0
LINE
8
BLACK
6
CONTINUOUS
10
186.9875319999999874
20
-109.1969799999999964
11
186.7970559999999978
21
-109.2922189999999887
0
LINE
8
BLACK
6
CONTINUOUS
10
186.7970559999999978
20
-109.2922189999999887
11
186.7018180000000029
21
-109.3874569999999977
0
LINE
8
BLACK
6
CONTINUOUS
10
186.7018180000000029
20
-109.3874569999999977
11
186.6065799999999797
21
-109.5779330000000016
0
LINE
8
BLACK
6
CONTINUOUS
10
186.6065799999999797
20
-109.5779330000000016
11
186.6065799999999797
21
-109.9588849999999951
0
LINE
8
BLACK
6
CONTINUOUS
10
186.6065799999999797
20
-109.9588849999999951
11
186.7018180000000029
21
-110.149360999999999
0
LINE
8
BLACK
6
CONTINUOUS
10
186.7018180000000029
20
-110.149360999999999
11
186.7970559999999978
21
-110.2445999999999913
0
LINE
8
BLACK
6
CONTINUOUS
10
186.7970559999999978
20
-110.2445999999999913
11
186.9875319999999874
21
-110.3398380000000003
0
LINE
8
BLACK
6
CONTINUOUS
10
186.9875319999999874
20
-110.3398380000000003
11
187.3684849999999926
21
-110.3398380000000003
0
LINE
8
BLACK
6
CONTINUOUS
10
187.3684849999999926
20
-110.3398380000000003
11
187.5589609999999823
21
-110.2445999999999913
0
LINE
8
BLACK
6
CONTINUOUS
10
187.5589609999999823
20
-110.2445999999999913
11
187.6541990000000055
21
-110.149360999999999
0
LINE
8
BLACK
6
CONTINUOUS
10
187.6541990000000055
20
-110.149360999999999
11
187.7494370000000004
21
-109.9588849999999951
0
LINE
8
BLACK
6
CONTINUOUS
10
187.7494370000000004
20
-109.9588849999999951
11
187.7494370000000004
21
-109.5779330000000016
0
LINE
8
BLACK
6
CONTINUOUS
10
187.7494370000000004
20
-109.5779330000000016
11
187.6541990000000055
21
-109.3874569999999977
0
LINE
8
BLACK
6
CONTINUOUS
10
187.6541990000000055
20
-109.3874569999999977
11
187.5589609999999823
21
-109.2922189999999887
0
LINE
8
BLACK
6
CONTINUOUS
10
187.5589609999999823
20
-109.2922189999999887
11
187.3684849999999926
21
-109.1969799999999964
0
LINE
8
BLACK
6
CONTINUOUS
10
188.5113419999999849
20
-108.3398380000000003
11
188.5113419999999849
21
-108.7207899999999938
0
LINE
8
BLACK
6
CONTINUOUS
10
189.2732469999999978
20
-108.3398380000000003
11
189.2732469999999978
21
-108.7207899999999938
0
LINE
8
BLACK
6
CONTINUOUS
10
192.2256289999999979
20
-111.1017420000000016
11
192.1303899999999771
21
-111.0065039999999925
0
LINE
8
BLACK
6
CONTINUOUS
10
192.1303899999999771
20
-111.0065039999999925
11
191.9399139999999875
21
-110.7207899999999938
0
LINE
8
BLACK
6
CONTINUOUS
10
191.9399139999999875
20
-110.7207899999999938
11
191.8446759999999927
21
-110.53031399999999
0
LINE
8
BLACK
6
CONTINUOUS
10
191.8446759999999927
20
-110.53031399999999
11
191.7494379999999978
21
-110.2445999999999913
0
LINE
8
BLACK
6
CONTINUOUS
10
191.7494379999999978
20
-110.2445999999999913
11
191.654200000000003
21
-109.7684089999999912
0
LINE
8
BLACK
6
CONTINUOUS
10
191.654200000000003
20
-109.7684089999999912
11
191.654200000000003
21
-109.3874569999999977
0
LINE
8
BLACK
6
CONTINUOUS
10
191.654200000000003
20
-109.3874569999999977
11
191.7494379999999978
21
-108.9112659999999977
0
LINE
8
BLACK
6
CONTINUOUS
10
191.7494379999999978
20
-108.9112659999999977
11
191.8446759999999927
21
-108.625551999999999
0
LINE
8
BLACK
6
CONTINUOUS
10
191.8446759999999927
20
-108.625551999999999
11
191.9399139999999875
21
-108.4350759999999951
0
LINE
8
BLACK
6
CONTINUOUS
10
191.9399139999999875
20
-108.4350759999999951
11
192.1303899999999771
21
-108.149360999999999
0
LINE
8
BLACK
6
CONTINUOUS
10
192.1303899999999771
20
-108.149360999999999
11
192.2256289999999979
21
-108.0541229999999899
0
LINE
8
BLACK
6
CONTINUOUS
10
194.0351519999999823
20
-110.3398380000000003
11
192.8922949999999901
21
-110.3398380000000003
0
LINE
8
BLACK
6
CONTINUOUS
10
193.4637229999999875
20
-110.3398380000000003
11
193.4637229999999875
21
-108.3398380000000003
0
LINE
8
BLACK
6
CONTINUOUS
10
193.4637229999999875
20
-108.3398380000000003
11
193.2732469999999978
21
-108.625551999999999
0
LINE
8
BLACK
6
CONTINUOUS
10
193.2732469999999978
20
-108.625551999999999
11
193.0827709999999797
21
-108.8160279999999887
0
LINE
8
BLACK
6
CONTINUOUS
10
193.0827709999999797
20
-108.8160279999999887
11
192.8922949999999901
21
-108.9112659999999977
0
LINE
8
BLACK
6
CONTINUOUS
10
196.4161049999999875
20
-110.3398380000000003
11
196.4161049999999875
21
-108.3398380000000003
0
LINE
8
BLACK
6
CONTINUOUS
10
197.2732479999999953
20
-110.3398380000000003
11
197.2732479999999953
21
-109.2922189999999887
0
LINE
8
BLACK
6
CONTINUOUS
10
197.2732479999999953
20
-109.2922189999999887
11
197.1780100000000004
21
-109.1017420000000016
0
LINE
8
BLACK
6
CONTINUOUS
10
197.1780100000000004
20
-109.1017420000000016
11
196.9875339999999824
21
-109.0065039999999925
0
LINE
8
BLACK
6
CONTINUOUS
10
196.9875339999999824
20
-109.0065039999999925
11
196.7018190000000004
21
-109.0065039999999925
0
LINE
8
BLACK
6
CONTINUOUS
10
196.7018190000000004
20
-109.0065039999999925
11
196.5113429999999823
21
-109.1017420000000016
0
LINE
8
BLACK
6
CONTINUOUS
10
196.5113429999999823
20
-109.1017420000000016
11
196.4161049999999875
21
-109.1969799999999964
0
LINE
8
BLACK
6
CONTINUOUS
10
198.5113429999999823
20
-110.3398380000000003
11
198.3208669999999927
21
-110.2445999999999913
0
LINE
8
BLACK
6
CONTINUOUS
10
198.3208669999999927
20
-110.2445999999999913
11
198.2256289999999979
21
-110.149360999999999
0
LINE
8
BLACK
6
CONTINUOUS
10
198.2256289999999979
20
-110.149360999999999
11
198.130391000000003
21
-109.9588849999999951
0
LINE
8
BLACK
6
CONTINUOUS
10
198.130391000000003
20
-109.9588849999999951
11
198.130391000000003
21
-109.3874569999999977
0
LINE
8
BLACK
6
CONTINUOUS
10
198.130391000000003
20
-109.3874569999999977
11
198.2256289999999979
21
-109.1969799999999964
0
LINE
8
BLACK
6
CONTINUOUS
10
198.2256289999999979
20
-109.1969799999999964
11
198.3208669999999927
21
-109.1017420000000016
0
LINE
8
BLACK
6
CONTINUOUS
10
198.3208669999999927
20
-109.1017420000000016
11
198.5113429999999823
21
-109.0065039999999925
0
LINE
8
BLACK
6
CONTINUOUS
10
198.5113429999999823
20
-109.0065039999999925
11
198.7970579999999927
21
-109.0065039999999925
0
LINE
8
BLACK
6
CONTINUOUS
10
198.7970579999999927
20
-109.0065039999999925
11
198.9875339999999824
21
-109.1017420000000016
0
LINE
8
BLACK
6
CONTINUOUS
10
198.9875339999999824
20
-109.1017420000000016
11
199.0827719999999772
21
-109.1969799999999964
0
LINE
8
BLACK
6
CONTINUOUS
10
199.0827719999999772
20
-109.1969799999999964
11
199.1780100000000004
21
-109.3874569999999977
0
LINE
8
BLACK
6
CONTINUOUS
10
199.1780100000000004
20
-109.3874569999999977
11
199.1780100000000004
21
-109.9588849999999951
0
LINE
8
BLACK
6
CONTINUOUS
10
199.1780100000000004
20
-109.9588849999999951
11
199.0827719999999772
21
-110.149360999999999
0
LINE
8
BLACK
6
CONTINUOUS
10
199.0827719999999772
20
-110.149360999999999
11
198.9875339999999824
21
-110.2445999999999913
0
LINE
8
BLACK
6
CONTINUOUS
10
198.9875339999999824
20
-110.2445999999999913
11
198.7970579999999927
21
-110.3398380000000003
0
LINE
8
BLACK
6
CONTINUOUS
10
198.7970579999999927
20
-110.3398380000000003
11
198.5113429999999823
21
-110.3398380000000003
0
LINE
8
BLACK
6
CONTINUOUS
10
200.3208669999999927
20
-110.3398380000000003
11
200.130391000000003
21
-110.2445999999999913
0
LINE
8
BLACK
6
CONTINUOUS
10
200.130391000000003
20
-110.2445999999999913
11
200.0351529999999798
21
-110.0541229999999899
0
LINE
8
BLACK
6
CONTINUOUS
10
200.0351529999999798
20
-110.0541229999999899
11
200.0351529999999798
21
-108.3398380000000003
0
LINE
8
BLACK
6
CONTINUOUS
10
201.8446769999999901
20
-110.2445999999999913
11
201.6542010000000005
21
-110.3398380000000003
0
LINE
8
BLACK
6
CONTINUOUS
10
201.6542010000000005
20
-110.3398380000000003
11
201.2732479999999953
21
-110.3398380000000003
0
LINE
8
BLACK
6
CONTINUOUS
10
201.2732479999999953
20
-110.3398380000000003
11
201.0827719999999772
21
-110.2445999999999913
0
LINE
8
BLACK
6
CONTINUOUS
10
201.0827719999999772
20
-110.2445999999999913
11
200.9875339999999824
21
-110.0541229999999899
0
LINE
8
BLACK
6
CONTINUOUS
10
200.9875339999999824
20
-110.0541229999999899
11
200.9875339999999824
21
-109.2922189999999887
0
LINE
8
BLACK
6
CONTINUOUS
10
200.9875339999999824
20
-109.2922189999999887
11
201.0827719999999772
21
-109.1017420000000016
0
LINE
8
BLACK
6
CONTINUOUS
10
201.0827719999999772
20
-109.1017420000000016
11
201.2732479999999953
21
-109.0065039999999925
0
LINE
8
BLACK
6
CONTINUOUS
10
201.2732479999999953
20
-109.0065039999999925
11
201.6542010000000005
21
-109.0065039999999925
0
LINE
8
BLACK
6
CONTINUOUS
10
201.6542010000000005
20
-109.0065039999999925
11
201.8446769999999901
21
-109.1017420000000016
0
LINE
8
BLACK
6
CONTINUOUS
10
201.8446769999999901
20
-109.1017420000000016
11
201.939914999999985
21
-109.2922189999999887
0
LINE
8
BLACK
6
CONTINUOUS
10
201.939914999999985
20
-109.2922189999999887
11
201.939914999999985
21
-109.4826949999999925
0
LINE
8
BLACK
6
CONTINUOUS
10
201.939914999999985
20
-109.4826949999999925
11
200.9875339999999824
21
-109.6731709999999964
0
LINE
8
BLACK
6
CONTINUOUS
10
202.6065820000000031
20
-111.1017420000000016
11
202.7018199999999979
21
-111.0065039999999925
0
LINE
8
BLACK
6
CONTINUOUS
10
202.7018199999999979
20
-111.0065039999999925
11
202.8922959999999875
21
-110.7207899999999938
0
LINE
8
BLACK
6
CONTINUOUS
10
202.8922959999999875
20
-110.7207899999999938
11
202.9875339999999824
21
-110.53031399999999
0
LINE
8
BLACK
6
CONTINUOUS
10
202.9875339999999824
20
-110.53031399999999
11
203.0827719999999772
21
-110.2445999999999913
0
LINE
8
BLACK
6
CONTINUOUS
10
203.0827719999999772
20
-110.2445999999999913
11
203.1780100000000004
21
-109.7684089999999912
0
LINE
8
BLACK
6
CONTINUOUS
10
203.1780100000000004
20
-109.7684089999999912
11
203.1780100000000004
21
-109.3874569999999977
0
LINE
8
BLACK
6
CONTINUOUS
10
203.1780100000000004
20
-109.3874569999999977
11
203.0827719999999772
21
-108.9112659999999977
0
LINE
8
BLACK
6
CONTINUOUS
10
203.0827719999999772
20
-108.9112659999999977
11
202.9875339999999824
21
-108.625551999999999
0
LINE
8
BLACK
6
CONTINUOUS
10
202.9875339999999824
20
-108.625551999999999
11
202.8922959999999875
21
-108.4350759999999951
0
LINE
8
BLACK
6
CONTINUOUS
10
202.8922959999999875
20
-108.4350759999999951
11
202.7018199999999979
21
-108.149360999999999
0
LINE
8
BLACK
6
CONTINUOUS
10
202.7018199999999979
20
-108.149360999999999
11
202.6065820000000031
21
-108.0541229999999899
0
CIRCLE
8
BLACK
10
156.125
20
-112.0649999999999977
40
0.35
0
LINE
8
BLACK
6
CONTINUOUS
10
159.463719999999995
20
-110.9798380000000009
11
159.6541969999999822
21
-110.9798380000000009
0
LINE
8
BLACK
6
CONTINUOUS
10
159.6541969999999822
20
-110.9798380000000009
11
159.8446730000000002
21
-111.0750759999999957
0
LINE
8
BLACK
6
CONTINUOUS
10
159.8446730000000002
20
-111.0750759999999957
11
159.9399109999999951
21
-111.1703139999999905
0
LINE
8
BLACK
6
CONTINUOUS
10
159.9399109999999951
20
-111.1703139999999905
11
160.0351489999999899
21
-111.3607899999999944
0
LINE
8
BLACK
6
CONTINUOUS
10
160.0351489999999899
20
-111.3607899999999944
11
160.1303869999999847
21
-111.7417419999999879
0
LINE
8
BLACK
6
CONTINUOUS
10
160.1303869999999847
20
-111.7417419999999879
11
160.1303869999999847
21
-112.2179329999999879
0
LINE
8
BLACK
6
CONTINUOUS
10
160.1303869999999847
20
-112.2179329999999879
11
160.0351489999999899
21
-112.5988849999999957
0
LINE
8
BLACK
6
CONTINUOUS
10
160.0351489999999899
20
-112.5988849999999957
11
159.9399109999999951
21
-112.7893609999999995
0
LINE
8
BLACK
6
CONTINUOUS
10
159.9399109999999951
20
-112.7893609999999995
11
159.8446730000000002
21
-112.8845999999999918
0
LINE
8
BLACK
6
CONTINUOUS
10
159.8446730000000002
20
-112.8845999999999918
11
159.6541969999999822
21
-112.9798380000000009
0
LINE
8
BLACK
6
CONTINUOUS
10
159.6541969999999822
20
-112.9798380000000009
11
159.463719999999995
21
-112.9798380000000009
0
LINE
8
BLACK
6
CONTINUOUS
10
159.463719999999995
20
-112.9798380000000009
11
159.2732440000000054
21
-112.8845999999999918
0
LINE
8
BLACK
6
CONTINUOUS
10
159.2732440000000054
20
-112.8845999999999918
11
159.1780059999999821
21
-112.7893609999999995
0
LINE
8
BLACK
6
CONTINUOUS
10
159.1780059999999821
20
-112.7893609999999995
11
159.0827679999999873
21
-112.5988849999999957
0
LINE
8
BLACK
6
CONTINUOUS
10
159.0827679999999873
20
-112.5988849999999957
11
158.9875299999999925
21
-112.2179329999999879
0
LINE
8
BLACK
6
CONTINUOUS
10
158.9875299999999925
20
-112.2179329999999879
11
158.9875299999999925
21
-111.7417419999999879
0
LINE
8
BLACK
6
CONTINUOUS
10
158.9875299999999925
20
-111.7417419999999879
11
159.0827679999999873
21
-111.3607899999999944
0
LINE
8
BLACK
6
CONTINUOUS
10
159.0827679999999873
20
-111.3607899999999944
11
159.1780059999999821
21
-111.1703139999999905
0
LINE
8
BLACK
6
CONTINUOUS
10
159.1780059999999821
20
-111.1703139999999905
11
159.2732440000000054
21
-111.0750759999999957
0
LINE
8
BLACK
6
CONTINUOUS
10
159.2732440000000054
20
-111.0750759999999957
11
159.463719999999995
21
-110.9798380000000009
0
LINE
8
BLACK
6
CONTINUOUS
10
160.9875299999999925
20
-112.7893609999999995
11
161.0827679999999873
21
-112.8845999999999918
0
LINE
8
BLACK
6
CONTINUOUS
10
161.0827679999999873
20
-112.8845999999999918
11
160.9875299999999925
21
-112.9798380000000009
0
LINE
8
BLACK
6
CONTINUOUS
10
160.9875299999999925
20
-112.9798380000000009
11
160.8922919999999976
21
-112.8845999999999918
0
LINE
8
BLACK
6
CONTINUOUS
10
160.8922919999999976
20
-112.8845999999999918
11
160.9875299999999925
21
-112.7893609999999995
0
LINE
8
BLACK
6
CONTINUOUS
10
160.9875299999999925
20
-112.7893609999999995
11
160.9875299999999925
21
-112.9798380000000009
0
LINE
8
BLACK
6
CONTINUOUS
10
161.7494350000000054
20
-110.9798380000000009
11
163.0827679999999873
21
-110.9798380000000009
0
LINE
8
BLACK
6
CONTINUOUS
10
163.0827679999999873
20
-110.9798380000000009
11
162.2256249999999795
21
-112.9798380000000009
0
LINE
8
BLACK
6
CONTINUOUS
10
164.2256249999999795
20
-110.9798380000000009
11
164.4161019999999951
21
-110.9798380000000009
0
LINE
8
BLACK
6
CONTINUOUS
10
164.4161019999999951
20
-110.9798380000000009
11
164.6065779999999847
21
-111.0750759999999957
0
LINE
8
BLACK
6
CONTINUOUS
10
164.6065779999999847
20
-111.0750759999999957
11
164.7018159999999796
21
-111.1703139999999905
0
LINE
8
BLACK
6
CONTINUOUS
10
164.7018159999999796
20
-111.1703139999999905
11
164.7970540000000028
21
-111.3607899999999944
0
LINE
8
BLACK
6
CONTINUOUS
10
164.7970540000000028
20
-111.3607899999999944
11
164.8922919999999976
21
-111.7417419999999879
0
LINE
8
BLACK
6
CONTINUOUS
10
164.8922919999999976
20
-111.7417419999999879
11
164.8922919999999976
21
-112.2179329999999879
0
LINE
8
BLACK
6
CONTINUOUS
10
164.8922919999999976
20
-112.2179329999999879
11
164.7970540000000028
21
-112.5988849999999957
0
LINE
8
BLACK
6
CONTINUOUS
10
164.7970540000000028
20
-112.5988849999999957
11
164.7018159999999796
21
-112.7893609999999995
0
LINE
8
BLACK
6
CONTINUOUS
10
164.7018159999999796
20
-112.7893609999999995
11
164.6065779999999847
21
-112.8845999999999918
0
LINE
8
BLACK
6
CONTINUOUS
10
164.6065779999999847
20
-112.8845999999999918
11
164.4161019999999951
21
-112.9798380000000009
0
LINE
8
BLACK
6
CONTINUOUS
10
164.4161019999999951
20
-112.9798380000000009
11
164.2256249999999795
21
-112.9798380000000009
0
LINE
8
BLACK
6
CONTINUOUS
10
164.2256249999999795
20
-112.9798380000000009
11
164.0351489999999899
21
-112.8845999999999918
0
LINE
8
BLACK
6
CONTINUOUS
10
164.0351489999999899
20
-112.8845999999999918
11
163.9399109999999951
21
-112.7893609999999995
0
LINE
8
BLACK
6
CONTINUOUS
10
163.9399109999999951
20
-112.7893609999999995
11
163.8446730000000002
21
-112.5988849999999957
0
LINE
8
BLACK
6
CONTINUOUS
10
163.8446730000000002
20
-112.5988849999999957
11
163.7494350000000054
21
-112.2179329999999879
0
LINE
8
BLACK
6
CONTINUOUS
10
163.7494350000000054
20
-112.2179329999999879
11
163.7494350000000054
21
-111.7417419999999879
0
LINE
8
BLACK
6
CONTINUOUS
10
163.7494350000000054
20
-111.7417419999999879
11
163.8446730000000002
21
-111.3607899999999944
0
LINE
8
BLACK
6
CONTINUOUS
10
163.8446730000000002
20
-111.3607899999999944
11
163.9399109999999951
21
-111.1703139999999905
0
LINE
8
BLACK
6
CONTINUOUS
10
163.9399109999999951
20
-111.1703139999999905
11
164.0351489999999899
21
-111.0750759999999957
0
LINE
8
BLACK
6
CONTINUOUS
10
164.0351489999999899
20
-111.0750759999999957
11
164.2256249999999795
21
-110.9798380000000009
0
LINE
8
BLACK
6
CONTINUOUS
10
166.1303869999999847
20
-110.9798380000000009
11
166.3208640000000003
21
-110.9798380000000009
0
LINE
8
BLACK
6
CONTINUOUS
10
166.3208640000000003
20
-110.9798380000000009
11
166.5113399999999899
21
-111.0750759999999957
0
LINE
8
BLACK
6
CONTINUOUS
10
166.5113399999999899
20
-111.0750759999999957
11
166.6065779999999847
21
-111.1703139999999905
0
LINE
8
BLACK
6
CONTINUOUS
10
166.6065779999999847
20
-111.1703139999999905
11
166.7018159999999796
21
-111.3607899999999944
0
LINE
8
BLACK
6
CONTINUOUS
10
166.7018159999999796
20
-111.3607899999999944
11
166.7970540000000028
21
-111.7417419999999879
0
LINE
8
BLACK
6
CONTINUOUS
10
166.7970540000000028
20
-111.7417419999999879
11
166.7970540000000028
21
-112.2179329999999879
0
LINE
8
BLACK
6
CONTINUOUS
10
166.7970540000000028
20
-112.2179329999999879
11
166.7018159999999796
21
-112.5988849999999957
0
LINE
8
BLACK
6
CONTINUOUS
10
166.7018159999999796
20
-112.5988849999999957
11
166.6065779999999847
21
-112.7893609999999995
0
LINE
8
BLACK
6
CONTINUOUS
10
166.6065779999999847
20
-112.7893609999999995
11
166.5113399999999899
21
-112.8845999999999918
0
LINE
8
BLACK
6
CONTINUOUS
10
166.5113399999999899
20
-112.8845999999999918
11
166.3208640000000003
21
-112.9798380000000009
0
LINE
8
BLACK
6
CONTINUOUS
10
166.3208640000000003
20
-112.9798380000000009
11
166.1303869999999847
21
-112.9798380000000009
0
LINE
8
BLACK
6
CONTINUOUS
10
166.1303869999999847
20
-112.9798380000000009
11
165.9399109999999951
21
-112.8845999999999918
0
LINE
8
BLACK
6
CONTINUOUS
10
165.9399109999999951
20
-112.8845999999999918
11
165.8446730000000002
21
-112.7893609999999995
0
LINE
8
BLACK
6
CONTINUOUS
10
165.8446730000000002
20
-112.7893609999999995
11
165.7494350000000054
21
-112.5988849999999957
0
LINE
8
BLACK
6
CONTINUOUS
10
165.7494350000000054
20
-112.5988849999999957
11
165.6541969999999822
21
-112.2179329999999879
0
LINE
8
BLACK
6
CONTINUOUS
10
165.6541969999999822
20
-112.2179329999999879
11
165.6541969999999822
21
-111.7417419999999879
0
LINE
8
BLACK
6
CONTINUOUS
10
165.6541969999999822
20
-111.7417419999999879
11
165.7494350000000054
21
-111.3607899999999944
0
LINE
8
BLACK
6
CONTINUOUS
10
165.7494350000000054
20
-111.3607899999999944
11
165.8446730000000002
21
-111.1703139999999905
0
LINE
8
BLACK
6
CONTINUOUS
10
165.8446730000000002
20
-111.1703139999999905
11
165.9399109999999951
21
-111.0750759999999957
0
LINE
8
BLACK
6
CONTINUOUS
10
165.9399109999999951
20
-111.0750759999999957
11
166.1303869999999847
21
-110.9798380000000009
0
LINE
8
BLACK
6
CONTINUOUS
10
167.6541969999999822
20
-112.9798380000000009
11
167.6541969999999822
21
-111.6465039999999931
0
LINE
8
BLACK
6
CONTINUOUS
10
167.6541969999999822
20
-111.8369799999999969
11
167.7494350000000054
21
-111.7417419999999879
0
LINE
8
BLACK
6
CONTINUOUS
10
167.7494350000000054
20
-111.7417419999999879
11
167.9399109999999951
21
-111.6465039999999931
0
LINE
8
BLACK
6
CONTINUOUS
10
167.9399109999999951
20
-111.6465039999999931
11
168.2256260000000054
21
-111.6465039999999931
0
LINE
8
BLACK
6
CONTINUOUS
10
168.2256260000000054
20
-111.6465039999999931
11
168.4161019999999951
21
-111.7417419999999879
0
LINE
8
BLACK
6
CONTINUOUS
10
168.4161019999999951
20
-111.7417419999999879
11
168.5113399999999899
21
-111.9322189999999893
0
LINE
8
BLACK
6
CONTINUOUS
10
168.5113399999999899
20
-111.9322189999999893
11
168.5113399999999899
21
-112.9798380000000009
0
LINE
8
BLACK
6
CONTINUOUS
10
168.5113399999999899
20
-111.9322189999999893
11
168.6065779999999847
21
-111.7417419999999879
0
LINE
8
BLACK
6
CONTINUOUS
10
168.6065779999999847
20
-111.7417419999999879
11
168.7970540000000028
21
-111.6465039999999931
0
LINE
8
BLACK
6
CONTINUOUS
10
168.7970540000000028
20
-111.6465039999999931
11
169.0827679999999873
21
-111.6465039999999931
0
LINE
8
BLACK
6
CONTINUOUS
10
169.0827679999999873
20
-111.6465039999999931
11
169.2732450000000028
21
-111.7417419999999879
0
LINE
8
BLACK
6
CONTINUOUS
10
169.2732450000000028
20
-111.7417419999999879
11
169.3684829999999977
21
-111.9322189999999893
0
LINE
8
BLACK
6
CONTINUOUS
10
169.3684829999999977
20
-111.9322189999999893
11
169.3684829999999977
21
-112.9798380000000009
0
LINE
8
BLACK
6
CONTINUOUS
10
170.3208640000000003
20
-112.9798380000000009
11
170.3208640000000003
21
-111.6465039999999931
0
LINE
8
BLACK
6
CONTINUOUS
10
170.3208640000000003
20
-111.8369799999999969
11
170.4161019999999951
21
-111.7417419999999879
0
LINE
8
BLACK
6
CONTINUOUS
10
170.4161019999999951
20
-111.7417419999999879
11
170.6065779999999847
21
-111.6465039999999931
0
LINE
8
BLACK
6
CONTINUOUS
10
170.6065779999999847
20
-111.6465039999999931
11
170.8922929999999951
21
-111.6465039999999931
0
LINE
8
BLACK
6
CONTINUOUS
10
170.8922929999999951
20
-111.6465039999999931
11
171.0827689999999848
21
-111.7417419999999879
0
LINE
8
BLACK
6
CONTINUOUS
10
171.0827689999999848
20
-111.7417419999999879
11
171.1780069999999796
21
-111.9322189999999893
0
LINE
8
BLACK
6
CONTINUOUS
10
171.1780069999999796
20
-111.9322189999999893
11
171.1780069999999796
21
-112.9798380000000009
0
LINE
8
BLACK
6
CONTINUOUS
10
171.1780069999999796
20
-111.9322189999999893
11
171.2732450000000028
21
-111.7417419999999879
0
LINE
8
BLACK
6
CONTINUOUS
10
171.2732450000000028
20
-111.7417419999999879
11
171.4637209999999925
21
-111.6465039999999931
0
LINE
8
BLACK
6
CONTINUOUS
10
171.4637209999999925
20
-111.6465039999999931
11
171.7494350000000054
21
-111.6465039999999931
0
LINE
8
BLACK
6
CONTINUOUS
10
171.7494350000000054
20
-111.6465039999999931
11
171.9399119999999925
21
-111.7417419999999879
0
LINE
8
BLACK
6
CONTINUOUS
10
171.9399119999999925
20
-111.7417419999999879
11
172.0351499999999874
21
-111.9322189999999893
0
LINE
8
BLACK
6
CONTINUOUS
10
172.0351499999999874
20
-111.9322189999999893
11
172.0351499999999874
21
-112.9798380000000009
0
LINE
8
BLACK
6
CONTINUOUS
10
175.9399119999999925
20
-110.8845999999999918
11
174.2256270000000029
21
-113.4560279999999892
0
LINE
8
BLACK
6
CONTINUOUS
10
178.5113409999999874
20
-110.9798380000000009
11
178.7018180000000029
21
-110.9798380000000009
0
LINE
8
BLACK
6
CONTINUOUS
10
178.7018180000000029
20
-110.9798380000000009
11
178.8922939999999926
21
-111.0750759999999957
0
LINE
8
BLACK
6
CONTINUOUS
10
178.8922939999999926
20
-111.0750759999999957
11
178.9875319999999874
21
-111.1703139999999905
0
LINE
8
BLACK
6
CONTINUOUS
10
178.9875319999999874
20
-111.1703139999999905
11
179.0827699999999822
21
-111.3607899999999944
0
LINE
8
BLACK
6
CONTINUOUS
10
179.0827699999999822
20
-111.3607899999999944
11
179.1780080000000055
21
-111.7417419999999879
0
LINE
8
BLACK
6
CONTINUOUS
10
179.1780080000000055
20
-111.7417419999999879
11
179.1780080000000055
21
-112.2179329999999879
0
LINE
8
BLACK
6
CONTINUOUS
10
179.1780080000000055
20
-112.2179329999999879
11
179.0827699999999822
21
-112.5988849999999957
0
LINE
8
BLACK
6
CONTINUOUS
10
179.0827699999999822
20
-112.5988849999999957
11
178.9875319999999874
21
-112.7893609999999995
0
LINE
8
BLACK
6
CONTINUOUS
10
178.9875319999999874
20
-112.7893609999999995
11
178.8922939999999926
21
-112.8845999999999918
0
LINE
8
BLACK
6
CONTINUOUS
10
178.8922939999999926
20
-112.8845999999999918
11
178.7018180000000029
21
-112.9798380000000009
0
LINE
8
BLACK
6
CONTINUOUS
10
178.7018180000000029
20
-112.9798380000000009
11
178.5113409999999874
21
-112.9798380000000009
0
LINE
8
BLACK
6
CONTINUOUS
10
178.5113409999999874
20
-112.9798380000000009
11
178.3208649999999977
21
-112.8845999999999918
0
LINE
8
BLACK
6
CONTINUOUS
10
178.3208649999999977
20
-112.8845999999999918
11
178.2256270000000029
21
-112.7893609999999995
0
LINE
8
BLACK
6
CONTINUOUS
10
178.2256270000000029
20
-112.7893609999999995
11
178.1303889999999797
21
-112.5988849999999957
0
LINE
8
BLACK
6
CONTINUOUS
10
178.1303889999999797
20
-112.5988849999999957
11
178.0351509999999848
21
-112.2179329999999879
0
LINE
8
BLACK
6
CONTINUOUS
10
178.0351509999999848
20
-112.2179329999999879
11
178.0351509999999848
21
-111.7417419999999879
0
LINE
8
BLACK
6
CONTINUOUS
10
178.0351509999999848
20
-111.7417419999999879
11
178.1303889999999797
21
-111.3607899999999944
0
LINE
8
BLACK
6
CONTINUOUS
10
178.1303889999999797
20
-111.3607899999999944
11
178.2256270000000029
21
-111.1703139999999905
0
LINE
8
BLACK
6
CONTINUOUS
10
178.2256270000000029
20
-111.1703139999999905
11
178.3208649999999977
21
-111.0750759999999957
0
LINE
8
BLACK
6
CONTINUOUS
10
178.3208649999999977
20
-111.0750759999999957
11
178.5113409999999874
21
-110.9798380000000009
0
LINE
8
BLACK
6
CONTINUOUS
10
180.0351509999999848
20
-112.7893609999999995
11
180.1303889999999797
21
-112.8845999999999918
0
LINE
8
BLACK
6
CONTINUOUS
10
180.1303889999999797
20
-112.8845999999999918
11
180.0351509999999848
21
-112.9798380000000009
0
LINE
8
BLACK
6
CONTINUOUS
10
180.0351509999999848
20
-112.9798380000000009
11
179.93991299999999
21
-112.8845999999999918
0
LINE
8
BLACK
6
CONTINUOUS
10
179.93991299999999
20
-112.8845999999999918
11
180.0351509999999848
21
-112.7893609999999995
0
LINE
8
BLACK
6
CONTINUOUS
10
180.0351509999999848
20
-112.7893609999999995
11
180.0351509999999848
21
-112.9798380000000009
0
LINE
8
BLACK
6
CONTINUOUS
10
181.3684839999999951
20
-110.9798380000000009
11
181.5589609999999823
21
-110.9798380000000009
0
LINE
8
BLACK
6
CONTINUOUS
10
181.5589609999999823
20
-110.9798380000000009
11
181.7494370000000004
21
-111.0750759999999957
0
LINE
8
BLACK
6
CONTINUOUS
10
181.7494370000000004
20
-111.0750759999999957
11
181.8446749999999952
21
-111.1703139999999905
0
LINE
8
BLACK
6
CONTINUOUS
10
181.8446749999999952
20
-111.1703139999999905
11
181.93991299999999
21
-111.3607899999999944
0
LINE
8
BLACK
6
CONTINUOUS
10
181.93991299999999
20
-111.3607899999999944
11
182.0351509999999848
21
-111.7417419999999879
0
LINE
8
BLACK
6
CONTINUOUS
10
182.0351509999999848
20
-111.7417419999999879
11
182.0351509999999848
21
-112.2179329999999879
0
LINE
8
BLACK
6
CONTINUOUS
10
182.0351509999999848
20
-112.2179329999999879
11
181.93991299999999
21
-112.5988849999999957
0
LINE
8
BLACK
6
CONTINUOUS
10
181.93991299999999
20
-112.5988849999999957
11
181.8446749999999952
21
-112.7893609999999995
0
LINE
8
BLACK
6
CONTINUOUS
10
181.8446749999999952
20
-112.7893609999999995
11
181.7494370000000004
21
-112.8845999999999918
0
LINE
8
BLACK
6
CONTINUOUS
10
181.7494370000000004
20
-112.8845999999999918
11
181.5589609999999823
21
-112.9798380000000009
0
LINE
8
BLACK
6
CONTINUOUS
10
181.5589609999999823
20
-112.9798380000000009
11
181.3684839999999951
21
-112.9798380000000009
0
LINE
8
BLACK
6
CONTINUOUS
10
181.3684839999999951
20
-112.9798380000000009
11
181.1780080000000055
21
-112.8845999999999918
0
LINE
8
BLACK
6
CONTINUOUS
10
181.1780080000000055
20
-112.8845999999999918
11
181.0827699999999822
21
-112.7893609999999995
0
LINE
8
BLACK
6
CONTINUOUS
10
181.0827699999999822
20
-112.7893609999999995
11
180.9875319999999874
21
-112.5988849999999957
0
LINE
8
BLACK
6
CONTINUOUS
10
180.9875319999999874
20
-112.5988849999999957
11
180.8922939999999926
21
-112.2179329999999879
0
LINE
8
BLACK
6
CONTINUOUS
10
180.8922939999999926
20
-112.2179329999999879
11
180.8922939999999926
21
-111.7417419999999879
0
LINE
8
BLACK
6
CONTINUOUS
10
180.8922939999999926
20
-111.7417419999999879
11
180.9875319999999874
21
-111.3607899999999944
0
LINE
8
BLACK
6
CONTINUOUS
10
180.9875319999999874
20
-111.3607899999999944
11
181.0827699999999822
21
-111.1703139999999905
0
LINE
8
BLACK
6
CONTINUOUS
10
181.0827699999999822
20
-111.1703139999999905
11
181.1780080000000055
21
-111.0750759999999957
0
LINE
8
BLACK
6
CONTINUOUS
10
181.1780080000000055
20
-111.0750759999999957
11
181.3684839999999951
21
-110.9798380000000009
0
LINE
8
BLACK
6
CONTINUOUS
10
182.7970559999999978
20
-111.1703139999999905
11
182.8922939999999926
21
-111.0750759999999957
0
LINE
8
BLACK
6
CONTINUOUS
10
182.8922939999999926
20
-111.0750759999999957
11
183.0827699999999822
21
-110.9798380000000009
0
LINE
8
BLACK
6
CONTINUOUS
10
183.0827699999999822
20
-110.9798380000000009
11
183.5589609999999823
21
-110.9798380000000009
0
LINE
8
BLACK
6
CONTINUOUS
10
183.5589609999999823
20
-110.9798380000000009
11
183.7494370000000004
21
-111.0750759999999957
0
LINE
8
BLACK
6
CONTINUOUS
10
183.7494370000000004
20
-111.0750759999999957
11
183.8446749999999952
21
-111.1703139999999905
0
LINE
8
BLACK
6
CONTINUOUS
10
183.8446749999999952
20
-111.1703139999999905
11
183.93991299999999
21
-111.3607899999999944
0
LINE
8
BLACK
6
CONTINUOUS
10
183.93991299999999
20
-111.3607899999999944
11
183.93991299999999
21
-111.5512659999999983
0
LINE
8
BLACK
6
CONTINUOUS
10
183.93991299999999
20
-111.5512659999999983
11
183.8446749999999952
21
-111.8369799999999969
0
LINE
8
BLACK
6
CONTINUOUS
10
183.8446749999999952
20
-111.8369799999999969
11
182.7018180000000029
21
-112.9798380000000009
0
LINE
8
BLACK
6
CONTINUOUS
10
182.7018180000000029
20
-112.9798380000000009
11
183.93991299999999
21
-112.9798380000000009
0
LINE
8
BLACK
6
CONTINUOUS
10
184.6065799999999797
20
-110.9798380000000009
11
185.93991299999999
21
-110.9798380000000009
0
LINE
8
BLACK
6
CONTINUOUS
10
185.93991299999999
20
-110.9798380000000009
11
185.0827699999999822
21
-112.9798380000000009
0
LINE
8
BLACK
6
CONTINUOUS
10
187.5589609999999823
20
-110.9798380000000009
11
187.1780080000000055
21
-110.9798380000000009
0
LINE
8
BLACK
6
CONTINUOUS
10
187.1780080000000055
20
-110.9798380000000009
11
186.9875319999999874
21
-111.0750759999999957
0
LINE
8
BLACK
6
CONTINUOUS
10
186.9875319999999874
20
-111.0750759999999957
11
186.8922939999999926
21
-111.1703139999999905
0
LINE
8
BLACK
6
CONTINUOUS
10
186.8922939999999926
20
-111.1703139999999905
11
186.7018180000000029
21
-111.4560279999999892
0
LINE
8
BLACK
6
CONTINUOUS
10
186.7018180000000029
20
-111.4560279999999892
11
186.6065799999999797
21
-111.8369799999999969
0
LINE
8
BLACK
6
CONTINUOUS
10
186.6065799999999797
20
-111.8369799999999969
11
186.6065799999999797
21
-112.5988849999999957
0
LINE
8
BLACK
6
CONTINUOUS
10
186.6065799999999797
20
-112.5988849999999957
11
186.7018180000000029
21
-112.7893609999999995
0
LINE
8
BLACK
6
CONTINUOUS
10
186.7018180000000029
20
-112.7893609999999995
11
186.7970559999999978
21
-112.8845999999999918
0
LINE
8
BLACK
6
CONTINUOUS
10
186.7970559999999978
20
-112.8845999999999918
11
186.9875319999999874
21
-112.9798380000000009
0
LINE
8
BLACK
6
CONTINUOUS
10
186.9875319999999874
20
-112.9798380000000009
11
187.3684849999999926
21
-112.9798380000000009
0
LINE
8
BLACK
6
CONTINUOUS
10
187.3684849999999926
20
-112.9798380000000009
11
187.5589609999999823
21
-112.8845999999999918
0
LINE
8
BLACK
6
CONTINUOUS
10
187.5589609999999823
20
-112.8845999999999918
11
187.6541990000000055
21
-112.7893609999999995
0
LINE
8
BLACK
6
CONTINUOUS
10
187.6541990000000055
20
-112.7893609999999995
11
187.7494370000000004
21
-112.5988849999999957
0
LINE
8
BLACK
6
CONTINUOUS
10
187.7494370000000004
20
-112.5988849999999957
11
187.7494370000000004
21
-112.1226949999999931
0
LINE
8
BLACK
6
CONTINUOUS
10
187.7494370000000004
20
-112.1226949999999931
11
187.6541990000000055
21
-111.9322189999999893
0
LINE
8
BLACK
6
CONTINUOUS
10
187.6541990000000055
20
-111.9322189999999893
11
187.5589609999999823
21
-111.8369799999999969
0
LINE
8
BLACK
6
CONTINUOUS
10
187.5589609999999823
20
-111.8369799999999969
11
187.3684849999999926
21
-111.7417419999999879
0
LINE
8
BLACK
6
CONTINUOUS
10
187.3684849999999926
20
-111.7417419999999879
11
186.9875319999999874
21
-111.7417419999999879
0
LINE
8
BLACK
6
CONTINUOUS
10
186.9875319999999874
20
-111.7417419999999879
11
186.7970559999999978
21
-111.8369799999999969
0
LINE
8
BLACK
6
CONTINUOUS
10
186.7970559999999978
20
-111.8369799999999969
11
186.7018180000000029
21
-111.9322189999999893
0
LINE
8
BLACK
6
CONTINUOUS
10
186.7018180000000029
20
-111.9322189999999893
11
186.6065799999999797
21
-112.1226949999999931
0
LINE
8
BLACK
6
CONTINUOUS
10
188.5113419999999849
20
-110.9798380000000009
11
188.5113419999999849
21
-111.3607899999999944
0
LINE
8
BLACK
6
CONTINUOUS
10
189.2732469999999978
20
-110.9798380000000009
11
189.2732469999999978
21
-111.3607899999999944
0
LINE
8
BLACK
6
CONTINUOUS
10
192.2256289999999979
20
-113.7417419999999879
11
192.1303899999999771
21
-113.6465039999999931
0
LINE
8
BLACK
6
CONTINUOUS
10
192.1303899999999771
20
-113.6465039999999931
11
191.9399139999999875
21
-113.3607899999999944
0
LINE
8
BLACK
6
CONTINUOUS
10
191.9399139999999875
20
-113.3607899999999944
11
191.8446759999999927
21
-113.1703139999999905
0
LINE
8
BLACK
6
CONTINUOUS
10
191.8446759999999927
20
-113.1703139999999905
11
191.7494379999999978
21
-112.8845999999999918
0
LINE
8
BLACK
6
CONTINUOUS
10
191.7494379999999978
20
-112.8845999999999918
11
191.654200000000003
21
-112.4084089999999918
0
LINE
8
BLACK
6
CONTINUOUS
10
191.654200000000003
20
-112.4084089999999918
11
191.654200000000003
21
-112.0274569999999983
0
LINE
8
BLACK
6
CONTINUOUS
10
191.654200000000003
20
-112.0274569999999983
11
191.7494379999999978
21
-111.5512659999999983
0
LINE
8
BLACK
6
CONTINUOUS
10
191.7494379999999978
20
-111.5512659999999983
11
191.8446759999999927
21
-111.2655519999999996
0
LINE
8
BLACK
6
CONTINUOUS
10
191.8446759999999927
20
-111.2655519999999996
11
191.9399139999999875
21
-111.0750759999999957
0
LINE
8
BLACK
6
CONTINUOUS
10
191.9399139999999875
20
-111.0750759999999957
11
192.1303899999999771
21
-110.7893609999999995
0
LINE
8
BLACK
6
CONTINUOUS
10
192.1303899999999771
20
-110.7893609999999995
11
192.2256289999999979
21
-110.6941229999999905
0
LINE
8
BLACK
6
CONTINUOUS
10
192.7970569999999952
20
-110.9798380000000009
11
194.0351519999999823
21
-110.9798380000000009
0
LINE
8
BLACK
6
CONTINUOUS
10
194.0351519999999823
20
-110.9798380000000009
11
193.3684849999999926
21
-111.7417419999999879
0
LINE
8
BLACK
6
CONTINUOUS
10
193.3684849999999926
20
-111.7417419999999879
11
193.654200000000003
21
-111.7417419999999879
0
LINE
8
BLACK
6
CONTINUOUS
10
193.654200000000003
20
-111.7417419999999879
11
193.8446759999999927
21
-111.8369799999999969
0
LINE
8
BLACK
6
CONTINUOUS
10
193.8446759999999927
20
-111.8369799999999969
11
193.9399139999999875
21
-111.9322189999999893
0
LINE
8
BLACK
6
CONTINUOUS
10
193.9399139999999875
20
-111.9322189999999893
11
194.0351519999999823
21
-112.1226949999999931
0
LINE
8
BLACK
6
CONTINUOUS
10
194.0351519999999823
20
-112.1226949999999931
11
194.0351519999999823
21
-112.5988849999999957
0
LINE
8
BLACK
6
CONTINUOUS
10
194.0351519999999823
20
-112.5988849999999957
11
193.9399139999999875
21
-112.7893609999999995
0
LINE
8
BLACK
6
CONTINUOUS
10
193.9399139999999875
20
-112.7893609999999995
11
193.8446759999999927
21
-112.8845999999999918
0
LINE
8
BLACK
6
CONTINUOUS
10
193.8446759999999927
20
-112.8845999999999918
11
193.654200000000003
21
-112.9798380000000009
0
LINE
8
BLACK
6
CONTINUOUS
10
193.654200000000003
20
-112.9798380000000009
11
193.0827709999999797
21
-112.9798380000000009
0
LINE
8
BLACK
6
CONTINUOUS
10
193.0827709999999797
20
-112.9798380000000009
11
192.8922949999999901
21
-112.8845999999999918
0
LINE
8
BLACK
6
CONTINUOUS
10
192.8922949999999901
20
-112.8845999999999918
11
192.7970569999999952
21
-112.7893609999999995
0
LINE
8
BLACK
6
CONTINUOUS
10
196.4161049999999875
20
-112.9798380000000009
11
196.4161049999999875
21
-110.9798380000000009
0
LINE
8
BLACK
6
CONTINUOUS
10
197.2732479999999953
20
-112.9798380000000009
11
197.2732479999999953
21
-111.9322189999999893
0
LINE
8
BLACK
6
CONTINUOUS
10
197.2732479999999953
20
-111.9322189999999893
11
197.1780100000000004
21
-111.7417419999999879
0
LINE
8
BLACK
6
CONTINUOUS
10
197.1780100000000004
20
-111.7417419999999879
11
196.9875339999999824
21
-111.6465039999999931
0
LINE
8
BLACK
6
CONTINUOUS
10
196.9875339999999824
20
-111.6465039999999931
11
196.7018190000000004
21
-111.6465039999999931
0
LINE
8
BLACK
6
CONTINUOUS
10
196.7018190000000004
20
-111.6465039999999931
11
196.5113429999999823
21
-111.7417419999999879
0
LINE
8
BLACK
6
CONTINUOUS
10
196.5113429999999823
20
-111.7417419999999879
11
196.4161049999999875
21
-111.8369799999999969
0
LINE
8
BLACK
6
CONTINUOUS
10
198.5113429999999823
20
-112.9798380000000009
11
198.3208669999999927
21
-112.8845999999999918
0
LINE
8
BLACK
6
CONTINUOUS
10
198.3208669999999927
20
-112.8845999999999918
11
198.2256289999999979
21
-112.7893609999999995
0
LINE
8
BLACK
6
CONTINUOUS
10
198.2256289999999979
20
-112.7893609999999995
11
198.130391000000003
21
-112.5988849999999957
0
LINE
8
BLACK
6
CONTINUOUS
10
198.130391000000003
20
-112.5988849999999957
11
198.130391000000003
21
-112.0274569999999983
0
LINE
8
BLACK
6
CONTINUOUS
10
198.130391000000003
20
-112.0274569999999983
11
198.2256289999999979
21
-111.8369799999999969
0
LINE
8
BLACK
6
CONTINUOUS
10
198.2256289999999979
20
-111.8369799999999969
11
198.3208669999999927
21
-111.7417419999999879
0
LINE
8
BLACK
6
CONTINUOUS
10
198.3208669999999927
20
-111.7417419999999879
11
198.5113429999999823
21
-111.6465039999999931
0
LINE
8
BLACK
6
CONTINUOUS
10
198.5113429999999823
20
-111.6465039999999931
11
198.7970579999999927
21
-111.6465039999999931
0
LINE
8
BLACK
6
CONTINUOUS
10
198.7970579999999927
20
-111.6465039999999931
11
198.9875339999999824
21
-111.7417419999999879
0
LINE
8
BLACK
6
CONTINUOUS
10
198.9875339999999824
20
-111.7417419999999879
11
199.0827719999999772
21
-111.8369799999999969
0
LINE
8
BLACK
6
CONTINUOUS
10
199.0827719999999772
20
-111.8369799999999969
11
199.1780100000000004
21
-112.0274569999999983
0
LINE
8
BLACK
6
CONTINUOUS
10
199.1780100000000004
20
-112.0274569999999983
11
199.1780100000000004
21
-112.5988849999999957
0
LINE
8
BLACK
6
CONTINUOUS
10
199.1780100000000004
20
-112.5988849999999957
11
199.0827719999999772
21
-112.7893609999999995
0
LINE
8
BLACK
6
CONTINUOUS
10
199.0827719999999772
20
-112.7893609999999995
11
198.9875339999999824
21
-112.8845999999999918
0
LINE
8
BLACK
6
CONTINUOUS
10
198.9875339999999824
20
-112.8845999999999918
11
198.7970579999999927
21
-112.9798380000000009
0
LINE
8
BLACK
6
CONTINUOUS
10
198.7970579999999927
20
-112.9798380000000009
11
198.5113429999999823
21
-112.9798380000000009
0
LINE
8
BLACK
6
CONTINUOUS
10
200.3208669999999927
20
-112.9798380000000009
11
200.130391000000003
21
-112.8845999999999918
0
LINE
8
BLACK
6
CONTINUOUS
10
200.130391000000003
20
-112.8845999999999918
11
200.0351529999999798
21
-112.6941229999999905
0
LINE
8
BLACK
6
CONTINUOUS
10
200.0351529999999798
20
-112.6941229999999905
11
200.0351529999999798
21
-110.9798380000000009
0
LINE
8
BLACK
6
CONTINUOUS
10
201.8446769999999901
20
-112.8845999999999918
11
201.6542010000000005
21
-112.9798380000000009
0
LINE
8
BLACK
6
CONTINUOUS
10
201.6542010000000005
20
-112.9798380000000009
11
201.2732479999999953
21
-112.9798380000000009
0
LINE
8
BLACK
6
CONTINUOUS
10
201.2732479999999953
20
-112.9798380000000009
11
201.0827719999999772
21
-112.8845999999999918
0
LINE
8
BLACK
6
CONTINUOUS
10
201.0827719999999772
20
-112.8845999999999918
11
200.9875339999999824
21
-112.6941229999999905
0
LINE
8
BLACK
6
CONTINUOUS
10
200.9875339999999824
20
-112.6941229999999905
11
200.9875339999999824
21
-111.9322189999999893
0
LINE
8
BLACK
6
CONTINUOUS
10
200.9875339999999824
20
-111.9322189999999893
11
201.0827719999999772
21
-111.7417419999999879
0
LINE
8
BLACK
6
CONTINUOUS
10
201.0827719999999772
20
-111.7417419999999879
11
201.2732479999999953
21
-111.6465039999999931
0
LINE
8
BLACK
6
CONTINUOUS
10
201.2732479999999953
20
-111.6465039999999931
11
201.6542010000000005
21
-111.6465039999999931
0
LINE
8
BLACK
6
CONTINUOUS
10
201.6542010000000005
20
-111.6465039999999931
11
201.8446769999999901
21
-111.7417419999999879
0
LINE
8
BLACK
6
CONTINUOUS
10
201.8446769999999901
20
-111.7417419999999879
11
201.939914999999985
21
-111.9322189999999893
0
LINE
8
BLACK
6
CONTINUOUS
10
201.939914999999985
20
-111.9322189999999893
11
201.939914999999985
21
-112.1226949999999931
0
LINE
8
BLACK
6
CONTINUOUS
10
201.939914999999985
20
-112.1226949999999931
11
200.9875339999999824
21
-112.313170999999997
0
LINE
8
BLACK
6
CONTINUOUS
10
202.7018199999999979
20
-112.8845999999999918
11
202.8922959999999875
21
-112.9798380000000009
0
LINE
8
BLACK
6
CONTINUOUS
10
202.8922959999999875
20
-112.9798380000000009
11
203.2732479999999953
21
-112.9798380000000009
0
LINE
8
BLACK
6
CONTINUOUS
10
203.2732479999999953
20
-112.9798380000000009
11
203.4637249999999824
21
-112.8845999999999918
0
LINE
8
BLACK
6
CONTINUOUS
10
203.4637249999999824
20
-112.8845999999999918
11
203.5589629999999772
21
-112.6941229999999905
0
LINE
8
BLACK
6
CONTINUOUS
10
203.5589629999999772
20
-112.6941229999999905
11
203.5589629999999772
21
-112.5988849999999957
0
LINE
8
BLACK
6
CONTINUOUS
10
203.5589629999999772
20
-112.5988849999999957
11
203.4637249999999824
21
-112.4084089999999918
0
LINE
8
BLACK
6
CONTINUOUS
10
203.4637249999999824
20
-112.4084089999999918
11
203.2732479999999953
21
-112.313170999999997
0
LINE
8
BLACK
6
CONTINUOUS
10
203.2732479999999953
20
-112.313170999999997
11
202.9875339999999824
21
-112.313170999999997
0
LINE
8
BLACK
6
CONTINUOUS
10
202.9875339999999824
20
-112.313170999999997
11
202.7970579999999927
21
-112.2179329999999879
0
LINE
8
BLACK
6
CONTINUOUS
10
202.7970579999999927
20
-112.2179329999999879
11
202.7018199999999979
21
-112.0274569999999983
0
LINE
8
BLACK
6
CONTINUOUS
10
202.7018199999999979
20
-112.0274569999999983
11
202.7018199999999979
21
-111.9322189999999893
0
LINE
8
BLACK
6
CONTINUOUS
10
202.7018199999999979
20
-111.9322189999999893
11
202.7970579999999927
21
-111.7417419999999879
0
LINE
8
BLACK
6
CONTINUOUS
10
202.7970579999999927
20
-111.7417419999999879
11
202.9875339999999824
21
-111.6465039999999931
0
LINE
8
BLACK
6
CONTINUOUS
10
202.9875339999999824
20
-111.6465039999999931
11
203.2732479999999953
21
-111.6465039999999931
0
LINE
8
BLACK
6
CONTINUOUS
10
203.2732479999999953
20
-111.6465039999999931
11
203.4637249999999824
21
-111.7417419999999879
0
LINE
8
BLACK
6
CONTINUOUS
10
204.2256299999999953
20
-113.7417419999999879
11
204.3208679999999902
21
-113.6465039999999931
0
LINE
8
BLACK
6
CONTINUOUS
10
204.3208679999999902
20
-113.6465039999999931
11
204.5113439999999798
21
-113.3607899999999944
0
LINE
8
BLACK
6
CONTINUOUS
10
204.5113439999999798
20
-113.3607899999999944
11
204.6065820000000031
21
-113.1703139999999905
0
LINE
8
BLACK
6
CONTINUOUS
10
204.6065820000000031
20
-113.1703139999999905
11
204.7018199999999979
21
-112.8845999999999918
0
LINE
8
BLACK
6
CONTINUOUS
10
204.7018199999999979
20
-112.8845999999999918
11
204.7970579999999927
21
-112.4084089999999918
0
LINE
8
BLACK
6
CONTINUOUS
10
204.7970579999999927
20
-112.4084089999999918
11
204.7970579999999927
21
-112.0274569999999983
0
LINE
8
BLACK
6
CONTINUOUS
10
204.7970579999999927
20
-112.0274569999999983
11
204.7018199999999979
21
-111.5512659999999983
0
LINE
8
BLACK
6
CONTINUOUS
10
204.7018199999999979
20
-111.5512659999999983
11
204.6065820000000031
21
-111.2655519999999996
0
LINE
8
BLACK
6
CONTINUOUS
10
204.6065820000000031
20
-111.2655519999999996
11
204.5113439999999798
21
-111.0750759999999957
0
LINE
8
BLACK
6
CONTINUOUS
10
204.5113439999999798
20
-111.0750759999999957
11
204.3208679999999902
21
-110.7893609999999995
0
LINE
8
BLACK
6
CONTINUOUS
10
204.3208679999999902
20
-110.7893609999999995
11
204.2256299999999953
21
-110.6941229999999905
0
LINE
8
BLACK
6
CONTINUOUS
10
156.0749999999999886
20
-114.3049999999999926
11
156.0749999999999886
21
-115.1049999999999898
0
LINE
8
BLACK
6
CONTINUOUS
10
155.6749999999999829
20
-114.7049999999999983
11
156.4749999999999943
21
-114.7049999999999983
0
LINE
8
BLACK
6
CONTINUOUS
10
159.463719999999995
20
-113.6198380000000014
11
159.6541969999999822
21
-113.6198380000000014
0
LINE
8
BLACK
6
CONTINUOUS
10
159.6541969999999822
20
-113.6198380000000014
11
159.8446730000000002
21
-113.7150759999999963
0
LINE
8
BLACK
6
CONTINUOUS
10
159.8446730000000002
20
-113.7150759999999963
11
159.9399109999999951
21
-113.8103139999999911
0
LINE
8
BLACK
6
CONTINUOUS
10
159.9399109999999951
20
-113.8103139999999911
11
160.0351489999999899
21
-114.000789999999995
0
LINE
8
BLACK
6
CONTINUOUS
10
160.0351489999999899
20
-114.000789999999995
11
160.1303869999999847
21
-114.3817419999999885
0
LINE
8
BLACK
6
CONTINUOUS
10
160.1303869999999847
20
-114.3817419999999885
11
160.1303869999999847
21
-114.8579329999999885
0
LINE
8
BLACK
6
CONTINUOUS
10
160.1303869999999847
20
-114.8579329999999885
11
160.0351489999999899
21
-115.2388849999999962
0
LINE
8
BLACK
6
CONTINUOUS
10
160.0351489999999899
20
-115.2388849999999962
11
159.9399109999999951
21
-115.4293610000000001
0
LINE
8
BLACK
6
CONTINUOUS
10
159.9399109999999951
20
-115.4293610000000001
11
159.8446730000000002
21
-115.5245999999999924
0
LINE
8
BLACK
6
CONTINUOUS
10
159.8446730000000002
20
-115.5245999999999924
11
159.6541969999999822
21
-115.6198380000000014
0
LINE
8
BLACK
6
CONTINUOUS
10
159.6541969999999822
20
-115.6198380000000014
11
159.463719999999995
21
-115.6198380000000014
0
LINE
8
BLACK
6
CONTINUOUS
10
159.463719999999995
20
-115.6198380000000014
11
159.2732440000000054
21
-115.5245999999999924
0
LINE
8
BLACK
6
CONTINUOUS
10
159.2732440000000054
20
-115.5245999999999924
11
159.1780059999999821
21
-115.4293610000000001
0
LINE
8
BLACK
6
CONTINUOUS
10
159.1780059999999821
20
-115.4293610000000001
11
159.0827679999999873
21
-115.2388849999999962
0
LINE
8
BLACK
6
CONTINUOUS
10
159.0827679999999873
20
-115.2388849999999962
11
158.9875299999999925
21
-114.8579329999999885
0
LINE
8
BLACK
6
CONTINUOUS
10
158.9875299999999925
20
-114.8579329999999885
11
158.9875299999999925
21
-114.3817419999999885
0
LINE
8
BLACK
6
CONTINUOUS
10
158.9875299999999925
20
-114.3817419999999885
11
159.0827679999999873
21
-114.000789999999995
0
LINE
8
BLACK
6
CONTINUOUS
10
159.0827679999999873
20
-114.000789999999995
11
159.1780059999999821
21
-113.8103139999999911
0
LINE
8
BLACK
6
CONTINUOUS
10
159.1780059999999821
20
-113.8103139999999911
11
159.2732440000000054
21
-113.7150759999999963
0
LINE
8
BLACK
6
CONTINUOUS
10
159.2732440000000054
20
-113.7150759999999963
11
159.463719999999995
21
-113.6198380000000014
0
LINE
8
BLACK
6
CONTINUOUS
10
160.9875299999999925
20
-115.4293610000000001
11
161.0827679999999873
21
-115.5245999999999924
0
LINE
8
BLACK
6
CONTINUOUS
10
161.0827679999999873
20
-115.5245999999999924
11
160.9875299999999925
21
-115.6198380000000014
0
LINE
8
BLACK
6
CONTINUOUS
10
160.9875299999999925
20
-115.6198380000000014
11
160.8922919999999976
21
-115.5245999999999924
0
LINE
8
BLACK
6
CONTINUOUS
10
160.8922919999999976
20
-115.5245999999999924
11
160.9875299999999925
21
-115.4293610000000001
0
LINE
8
BLACK
6
CONTINUOUS
10
160.9875299999999925
20
-115.4293610000000001
11
160.9875299999999925
21
-115.6198380000000014
0
LINE
8
BLACK
6
CONTINUOUS
10
162.2256249999999795
20
-114.4769799999999975
11
162.0351489999999899
21
-114.3817419999999885
0
LINE
8
BLACK
6
CONTINUOUS
10
162.0351489999999899
20
-114.3817419999999885
11
161.9399109999999951
21
-114.2865039999999937
0
LINE
8
BLACK
6
CONTINUOUS
10
161.9399109999999951
20
-114.2865039999999937
11
161.8446730000000002
21
-114.0960279999999898
0
LINE
8
BLACK
6
CONTINUOUS
10
161.8446730000000002
20
-114.0960279999999898
11
161.8446730000000002
21
-114.000789999999995
0
LINE
8
BLACK
6
CONTINUOUS
10
161.8446730000000002
20
-114.000789999999995
11
161.9399109999999951
21
-113.8103139999999911
0
LINE
8
BLACK
6
CONTINUOUS
10
161.9399109999999951
20
-113.8103139999999911
11
162.0351489999999899
21
-113.7150759999999963
0
LINE
8
BLACK
6
CONTINUOUS
10
162.0351489999999899
20
-113.7150759999999963
11
162.2256249999999795
21
-113.6198380000000014
0
LINE
8
BLACK
6
CONTINUOUS
10
162.2256249999999795
20
-113.6198380000000014
11
162.6065779999999847
21
-113.6198380000000014
0
LINE
8
BLACK
6
CONTINUOUS
10
162.6065779999999847
20
-113.6198380000000014
11
162.7970540000000028
21
-113.7150759999999963
0
LINE
8
BLACK
6
CONTINUOUS
10
162.7970540000000028
20
-113.7150759999999963
11
162.8922919999999976
21
-113.8103139999999911
0
LINE
8
BLACK
6
CONTINUOUS
10
162.8922919999999976
20
-113.8103139999999911
11
162.9875299999999925
21
-114.000789999999995
0
LINE
8
BLACK
6
CONTINUOUS
10
162.9875299999999925
20
-114.000789999999995
11
162.9875299999999925
21
-114.0960279999999898
0
LINE
8
BLACK
6
CONTINUOUS
10
162.9875299999999925
20
-114.0960279999999898
11
162.8922919999999976
21
-114.2865039999999937
0
LINE
8
BLACK
6
CONTINUOUS
10
162.8922919999999976
20
-114.2865039999999937
11
162.7970540000000028
21
-114.3817419999999885
0
LINE
8
BLACK
6
CONTINUOUS
10
162.7970540000000028
20
-114.3817419999999885
11
162.6065779999999847
21
-114.4769799999999975
0
LINE
8
BLACK
6
CONTINUOUS
10
162.6065779999999847
20
-114.4769799999999975
11
162.2256249999999795
21
-114.4769799999999975
0
LINE
8
BLACK
6
CONTINUOUS
10
162.2256249999999795
20
-114.4769799999999975
11
162.0351489999999899
21
-114.5722189999999898
0
LINE
8
BLACK
6
CONTINUOUS
10
162.0351489999999899
20
-114.5722189999999898
11
161.9399109999999951
21
-114.6674569999999989
0
LINE
8
BLACK
6
CONTINUOUS
10
161.9399109999999951
20
-114.6674569999999989
11
161.8446730000000002
21
-114.8579329999999885
0
LINE
8
BLACK
6
CONTINUOUS
10
161.8446730000000002
20
-114.8579329999999885
11
161.8446730000000002
21
-115.2388849999999962
0
LINE
8
BLACK
6
CONTINUOUS
10
161.8446730000000002
20
-115.2388849999999962
11
161.9399109999999951
21
-115.4293610000000001
0
LINE
8
BLACK
6
CONTINUOUS
10
161.9399109999999951
20
-115.4293610000000001
11
162.0351489999999899
21
-115.5245999999999924
0
LINE
8
BLACK
6
CONTINUOUS
10
162.0351489999999899
20
-115.5245999999999924
11
162.2256249999999795
21
-115.6198380000000014
0
LINE
8
BLACK
6
CONTINUOUS
10
162.2256249999999795
20
-115.6198380000000014
11
162.6065779999999847
21
-115.6198380000000014
0
LINE
8
BLACK
6
CONTINUOUS
10
162.6065779999999847
20
-115.6198380000000014
11
162.7970540000000028
21
-115.5245999999999924
0
LINE
8
BLACK
6
CONTINUOUS
10
162.7970540000000028
20
-115.5245999999999924
11
162.8922919999999976
21
-115.4293610000000001
0
LINE
8
BLACK
6
CONTINUOUS
10
162.8922919999999976
20
-115.4293610000000001
11
162.9875299999999925
21
-115.2388849999999962
0
LINE
8
BLACK
6
CONTINUOUS
10
162.9875299999999925
20
-115.2388849999999962
11
162.9875299999999925
21
-114.8579329999999885
0
LINE
8
BLACK
6
CONTINUOUS
10
162.9875299999999925
20
-114.8579329999999885
11
162.8922919999999976
21
-114.6674569999999989
0
LINE
8
BLACK
6
CONTINUOUS
10
162.8922919999999976
20
-114.6674569999999989
11
162.7970540000000028
21
-114.5722189999999898
0
LINE
8
BLACK
6
CONTINUOUS
10
162.7970540000000028
20
-114.5722189999999898
11
162.6065779999999847
21
-114.4769799999999975
0
LINE
8
BLACK
6
CONTINUOUS
10
164.2256249999999795
20
-113.6198380000000014
11
164.4161019999999951
21
-113.6198380000000014
0
LINE
8
BLACK
6
CONTINUOUS
10
164.4161019999999951
20
-113.6198380000000014
11
164.6065779999999847
21
-113.7150759999999963
0
LINE
8
BLACK
6
CONTINUOUS
10
164.6065779999999847
20
-113.7150759999999963
11
164.7018159999999796
21
-113.8103139999999911
0
LINE
8
BLACK
6
CONTINUOUS
10
164.7018159999999796
20
-113.8103139999999911
11
164.7970540000000028
21
-114.000789999999995
0
LINE
8
BLACK
6
CONTINUOUS
10
164.7970540000000028
20
-114.000789999999995
11
164.8922919999999976
21
-114.3817419999999885
0
LINE
8
BLACK
6
CONTINUOUS
10
164.8922919999999976
20
-114.3817419999999885
11
164.8922919999999976
21
-114.8579329999999885
0
LINE
8
BLACK
6
CONTINUOUS
10
164.8922919999999976
20
-114.8579329999999885
11
164.7970540000000028
21
-115.2388849999999962
0
LINE
8
BLACK
6
CONTINUOUS
10
164.7970540000000028
20
-115.2388849999999962
11
164.7018159999999796
21
-115.4293610000000001
0
LINE
8
BLACK
6
CONTINUOUS
10
164.7018159999999796
20
-115.4293610000000001
11
164.6065779999999847
21
-115.5245999999999924
0
LINE
8
BLACK
6
CONTINUOUS
10
164.6065779999999847
20
-115.5245999999999924
11
164.4161019999999951
21
-115.6198380000000014
0
LINE
8
BLACK
6
CONTINUOUS
10
164.4161019999999951
20
-115.6198380000000014
11
164.2256249999999795
21
-115.6198380000000014
0
LINE
8
BLACK
6
CONTINUOUS
10
164.2256249999999795
20
-115.6198380000000014
11
164.0351489999999899
21
-115.5245999999999924
0
LINE
8
BLACK
6
CONTINUOUS
10
164.0351489999999899
20
-115.5245999999999924
11
163.9399109999999951
21
-115.4293610000000001
0
LINE
8
BLACK
6
CONTINUOUS
10
163.9399109999999951
20
-115.4293610000000001
11
163.8446730000000002
21
-115.2388849999999962
0
LINE
8
BLACK
6
CONTINUOUS
10
163.8446730000000002
20
-115.2388849999999962
11
163.7494350000000054
21
-114.8579329999999885
0
LINE
8
BLACK
6
CONTINUOUS
10
163.7494350000000054
20
-114.8579329999999885
11
163.7494350000000054
21
-114.3817419999999885
0
LINE
8
BLACK
6
CONTINUOUS
10
163.7494350000000054
20
-114.3817419999999885
11
163.8446730000000002
21
-114.000789999999995
0
LINE
8
BLACK
6
CONTINUOUS
10
163.8446730000000002
20
-114.000789999999995
11
163.9399109999999951
21
-113.8103139999999911
0
LINE
8
BLACK
6
CONTINUOUS
10
163.9399109999999951
20
-113.8103139999999911
11
164.0351489999999899
21
-113.7150759999999963
0
LINE
8
BLACK
6
CONTINUOUS
10
164.0351489999999899
20
-113.7150759999999963
11
164.2256249999999795
21
-113.6198380000000014
0
LINE
8
BLACK
6
CONTINUOUS
10
166.1303869999999847
20
-113.6198380000000014
11
166.3208640000000003
21
-113.6198380000000014
0
LINE
8
BLACK
6
CONTINUOUS
10
166.3208640000000003
20
-113.6198380000000014
11
166.5113399999999899
21
-113.7150759999999963
0
LINE
8
BLACK
6
CONTINUOUS
10
166.5113399999999899
20
-113.7150759999999963
11
166.6065779999999847
21
-113.8103139999999911
0
LINE
8
BLACK
6
CONTINUOUS
10
166.6065779999999847
20
-113.8103139999999911
11
166.7018159999999796
21
-114.000789999999995
0
LINE
8
BLACK
6
CONTINUOUS
10
166.7018159999999796
20
-114.000789999999995
11
166.7970540000000028
21
-114.3817419999999885
0
LINE
8
BLACK
6
CONTINUOUS
10
166.7970540000000028
20
-114.3817419999999885
11
166.7970540000000028
21
-114.8579329999999885
0
LINE
8
BLACK
6
CONTINUOUS
10
166.7970540000000028
20
-114.8579329999999885
11
166.7018159999999796
21
-115.2388849999999962
0
LINE
8
BLACK
6
CONTINUOUS
10
166.7018159999999796
20
-115.2388849999999962
11
166.6065779999999847
21
-115.4293610000000001
0
LINE
8
BLACK
6
CONTINUOUS
10
166.6065779999999847
20
-115.4293610000000001
11
166.5113399999999899
21
-115.5245999999999924
0
LINE
8
BLACK
6
CONTINUOUS
10
166.5113399999999899
20
-115.5245999999999924
11
166.3208640000000003
21
-115.6198380000000014
0
LINE
8
BLACK
6
CONTINUOUS
10
166.3208640000000003
20
-115.6198380000000014
11
166.1303869999999847
21
-115.6198380000000014
0
LINE
8
BLACK
6
CONTINUOUS
10
166.1303869999999847
20
-115.6198380000000014
11
165.9399109999999951
21
-115.5245999999999924
0
LINE
8
BLACK
6
CONTINUOUS
10
165.9399109999999951
20
-115.5245999999999924
11
165.8446730000000002
21
-115.4293610000000001
0
LINE
8
BLACK
6
CONTINUOUS
10
165.8446730000000002
20
-115.4293610000000001
11
165.7494350000000054
21
-115.2388849999999962
0
LINE
8
BLACK
6
CONTINUOUS
10
165.7494350000000054
20
-115.2388849999999962
11
165.6541969999999822
21
-114.8579329999999885
0
LINE
8
BLACK
6
CONTINUOUS
10
165.6541969999999822
20
-114.8579329999999885
11
165.6541969999999822
21
-114.3817419999999885
0
LINE
8
BLACK
6
CONTINUOUS
10
165.6541969999999822
20
-114.3817419999999885
11
165.7494350000000054
21
-114.000789999999995
0
LINE
8
BLACK
6
CONTINUOUS
10
165.7494350000000054
20
-114.000789999999995
11
165.8446730000000002
21
-113.8103139999999911
0
LINE
8
BLACK
6
CONTINUOUS
10
165.8446730000000002
20
-113.8103139999999911
11
165.9399109999999951
21
-113.7150759999999963
0
LINE
8
BLACK
6
CONTINUOUS
10
165.9399109999999951
20
-113.7150759999999963
11
166.1303869999999847
21
-113.6198380000000014
0
LINE
8
BLACK
6
CONTINUOUS
10
167.6541969999999822
20
-115.6198380000000014
11
167.6541969999999822
21
-114.2865039999999937
0
LINE
8
BLACK
6
CONTINUOUS
10
167.6541969999999822
20
-114.4769799999999975
11
167.7494350000000054
21
-114.3817419999999885
0
LINE
8
BLACK
6
CONTINUOUS
10
167.7494350000000054
20
-114.3817419999999885
11
167.9399109999999951
21
-114.2865039999999937
0
LINE
8
BLACK
6
CONTINUOUS
10
167.9399109999999951
20
-114.2865039999999937
11
168.2256260000000054
21
-114.2865039999999937
0
LINE
8
BLACK
6
CONTINUOUS
10
168.2256260000000054
20
-114.2865039999999937
11
168.4161019999999951
21
-114.3817419999999885
0
LINE
8
BLACK
6
CONTINUOUS
10
168.4161019999999951
20
-114.3817419999999885
11
168.5113399999999899
21
-114.5722189999999898
0
LINE
8
BLACK
6
CONTINUOUS
10
168.5113399999999899
20
-114.5722189999999898
11
168.5113399999999899
21
-115.6198380000000014
0
LINE
8
BLACK
6
CONTINUOUS
10
168.5113399999999899
20
-114.5722189999999898
11
168.6065779999999847
21
-114.3817419999999885
0
LINE
8
BLACK
6
CONTINUOUS
10
168.6065779999999847
20
-114.3817419999999885
11
168.7970540000000028
21
-114.2865039999999937
0
LINE
8
BLACK
6
CONTINUOUS
10
168.7970540000000028
20
-114.2865039999999937
11
169.0827679999999873
21
-114.2865039999999937
0
LINE
8
BLACK
6
CONTINUOUS
10
169.0827679999999873
20
-114.2865039999999937
11
169.2732450000000028
21
-114.3817419999999885
0
LINE
8
BLACK
6
CONTINUOUS
10
169.2732450000000028
20
-114.3817419999999885
11
169.3684829999999977
21
-114.5722189999999898
0
LINE
8
BLACK
6
CONTINUOUS
10
169.3684829999999977
20
-114.5722189999999898
11
169.3684829999999977
21
-115.6198380000000014
0
LINE
8
BLACK
6
CONTINUOUS
10
170.3208640000000003
20
-115.6198380000000014
11
170.3208640000000003
21
-114.2865039999999937
0
LINE
8
BLACK
6
CONTINUOUS
10
170.3208640000000003
20
-114.4769799999999975
11
170.4161019999999951
21
-114.3817419999999885
0
LINE
8
BLACK
6
CONTINUOUS
10
170.4161019999999951
20
-114.3817419999999885
11
170.6065779999999847
21
-114.2865039999999937
0
LINE
8
BLACK
6
CONTINUOUS
10
170.6065779999999847
20
-114.2865039999999937
11
170.8922929999999951
21
-114.2865039999999937
0
LINE
8
BLACK
6
CONTINUOUS
10
170.8922929999999951
20
-114.2865039999999937
11
171.0827689999999848
21
-114.3817419999999885
0
LINE
8
BLACK
6
CONTINUOUS
10
171.0827689999999848
20
-114.3817419999999885
11
171.1780069999999796
21
-114.5722189999999898
0
LINE
8
BLACK
6
CONTINUOUS
10
171.1780069999999796
20
-114.5722189999999898
11
171.1780069999999796
21
-115.6198380000000014
0
LINE
8
BLACK
6
CONTINUOUS
10
171.1780069999999796
20
-114.5722189999999898
11
171.2732450000000028
21
-114.3817419999999885
0
LINE
8
BLACK
6
CONTINUOUS
10
171.2732450000000028
20
-114.3817419999999885
11
171.4637209999999925
21
-114.2865039999999937
0
LINE
8
BLACK
6
CONTINUOUS
10
171.4637209999999925
20
-114.2865039999999937
11
171.7494350000000054
21
-114.2865039999999937
0
LINE
8
BLACK
6
CONTINUOUS
10
171.7494350000000054
20
-114.2865039999999937
11
171.9399119999999925
21
-114.3817419999999885
0
LINE
8
BLACK
6
CONTINUOUS
10
171.9399119999999925
20
-114.3817419999999885
11
172.0351499999999874
21
-114.5722189999999898
0
LINE
8
BLACK
6
CONTINUOUS
10
172.0351499999999874
20
-114.5722189999999898
11
172.0351499999999874
21
-115.6198380000000014
0
LINE
8
BLACK
6
CONTINUOUS
10
175.9399119999999925
20
-113.5245999999999924
11
174.2256270000000029
21
-116.0960279999999898
0
LINE
8
BLACK
6
CONTINUOUS
10
178.5113409999999874
20
-113.6198380000000014
11
178.7018180000000029
21
-113.6198380000000014
0
LINE
8
BLACK
6
CONTINUOUS
10
178.7018180000000029
20
-113.6198380000000014
11
178.8922939999999926
21
-113.7150759999999963
0
LINE
8
BLACK
6
CONTINUOUS
10
178.8922939999999926
20
-113.7150759999999963
11
178.9875319999999874
21
-113.8103139999999911
0
LINE
8
BLACK
6
CONTINUOUS
10
178.9875319999999874
20
-113.8103139999999911
11
179.0827699999999822
21
-114.000789999999995
0
LINE
8
BLACK
6
CONTINUOUS
10
179.0827699999999822
20
-114.000789999999995
11
179.1780080000000055
21
-114.3817419999999885
0
LINE
8
BLACK
6
CONTINUOUS
10
179.1780080000000055
20
-114.3817419999999885
11
179.1780080000000055
21
-114.8579329999999885
0
LINE
8
BLACK
6
CONTINUOUS
10
179.1780080000000055
20
-114.8579329999999885
11
179.0827699999999822
21
-115.2388849999999962
0
LINE
8
BLACK
6
CONTINUOUS
10
179.0827699999999822
20
-115.2388849999999962
11
178.9875319999999874
21
-115.4293610000000001
0
LINE
8
BLACK
6
CONTINUOUS
10
178.9875319999999874
20
-115.4293610000000001
11
178.8922939999999926
21
-115.5245999999999924
0
LINE
8
BLACK
6
CONTINUOUS
10
178.8922939999999926
20
-115.5245999999999924
11
178.7018180000000029
21
-115.6198380000000014
0
LINE
8
BLACK
6
CONTINUOUS
10
178.7018180000000029
20
-115.6198380000000014
11
178.5113409999999874
21
-115.6198380000000014
0
LINE
8
BLACK
6
CONTINUOUS
10
178.5113409999999874
20
-115.6198380000000014
11
178.3208649999999977
21
-115.5245999999999924
0
LINE
8
BLACK
6
CONTINUOUS
10
178.3208649999999977
20
-115.5245999999999924
11
178.2256270000000029
21
-115.4293610000000001
0
LINE
8
BLACK
6
CONTINUOUS
10
178.2256270000000029
20
-115.4293610000000001
11
178.1303889999999797
21
-115.2388849999999962
0
LINE
8
BLACK
6
CONTINUOUS
10
178.1303889999999797
20
-115.2388849999999962
11
178.0351509999999848
21
-114.8579329999999885
0
LINE
8
BLACK
6
CONTINUOUS
10
178.0351509999999848
20
-114.8579329999999885
11
178.0351509999999848
21
-114.3817419999999885
0
LINE
8
BLACK
6
CONTINUOUS
10
178.0351509999999848
20
-114.3817419999999885
11
178.1303889999999797
21
-114.000789999999995
0
LINE
8
BLACK
6
CONTINUOUS
10
178.1303889999999797
20
-114.000789999999995
11
178.2256270000000029
21
-113.8103139999999911
0
LINE
8
BLACK
6
CONTINUOUS
10
178.2256270000000029
20
-113.8103139999999911
11
178.3208649999999977
21
-113.7150759999999963
0
LINE
8
BLACK
6
CONTINUOUS
10
178.3208649999999977
20
-113.7150759999999963
11
178.5113409999999874
21
-113.6198380000000014
0
LINE
8
BLACK
6
CONTINUOUS
10
180.0351509999999848
20
-115.4293610000000001
11
180.1303889999999797
21
-115.5245999999999924
0
LINE
8
BLACK
6
CONTINUOUS
10
180.1303889999999797
20
-115.5245999999999924
11
180.0351509999999848
21
-115.6198380000000014
0
LINE
8
BLACK
6
CONTINUOUS
10
180.0351509999999848
20
-115.6198380000000014
11
179.93991299999999
21
-115.5245999999999924
0
LINE
8
BLACK
6
CONTINUOUS
10
179.93991299999999
20
-115.5245999999999924
11
180.0351509999999848
21
-115.4293610000000001
0
LINE
8
BLACK
6
CONTINUOUS
10
180.0351509999999848
20
-115.4293610000000001
11
180.0351509999999848
21
-115.6198380000000014
0
LINE
8
BLACK
6
CONTINUOUS
10
181.3684839999999951
20
-113.6198380000000014
11
181.5589609999999823
21
-113.6198380000000014
0
LINE
8
BLACK
6
CONTINUOUS
10
181.5589609999999823
20
-113.6198380000000014
11
181.7494370000000004
21
-113.7150759999999963
0
LINE
8
BLACK
6
CONTINUOUS
10
181.7494370000000004
20
-113.7150759999999963
11
181.8446749999999952
21
-113.8103139999999911
0
LINE
8
BLACK
6
CONTINUOUS
10
181.8446749999999952
20
-113.8103139999999911
11
181.93991299999999
21
-114.000789999999995
0
LINE
8
BLACK
6
CONTINUOUS
10
181.93991299999999
20
-114.000789999999995
11
182.0351509999999848
21
-114.3817419999999885
0
LINE
8
BLACK
6
CONTINUOUS
10
182.0351509999999848
20
-114.3817419999999885
11
182.0351509999999848
21
-114.8579329999999885
0
LINE
8
BLACK
6
CONTINUOUS
10
182.0351509999999848
20
-114.8579329999999885
11
181.93991299999999
21
-115.2388849999999962
0
LINE
8
BLACK
6
CONTINUOUS
10
181.93991299999999
20
-115.2388849999999962
11
181.8446749999999952
21
-115.4293610000000001
0
LINE
8
BLACK
6
CONTINUOUS
10
181.8446749999999952
20
-115.4293610000000001
11
181.7494370000000004
21
-115.5245999999999924
0
LINE
8
BLACK
6
CONTINUOUS
10
181.7494370000000004
20
-115.5245999999999924
11
181.5589609999999823
21
-115.6198380000000014
0
LINE
8
BLACK
6
CONTINUOUS
10
181.5589609999999823
20
-115.6198380000000014
11
181.3684839999999951
21
-115.6198380000000014
0
LINE
8
BLACK
6
CONTINUOUS
10
181.3684839999999951
20
-115.6198380000000014
11
181.1780080000000055
21
-115.5245999999999924
0
LINE
8
BLACK
6
CONTINUOUS
10
181.1780080000000055
20
-115.5245999999999924
11
181.0827699999999822
21
-115.4293610000000001
0
LINE
8
BLACK
6
CONTINUOUS
10
181.0827699999999822
20
-115.4293610000000001
11
180.9875319999999874
21
-115.2388849999999962
0
LINE
8
BLACK
6
CONTINUOUS
10
180.9875319999999874
20
-115.2388849999999962
11
180.8922939999999926
21
-114.8579329999999885
0
LINE
8
BLACK
6
CONTINUOUS
10
180.8922939999999926
20
-114.8579329999999885
11
180.8922939999999926
21
-114.3817419999999885
0
LINE
8
BLACK
6
CONTINUOUS
10
180.8922939999999926
20
-114.3817419999999885
11
180.9875319999999874
21
-114.000789999999995
0
LINE
8
BLACK
6
CONTINUOUS
10
180.9875319999999874
20
-114.000789999999995
11
181.0827699999999822
21
-113.8103139999999911
0
LINE
8
BLACK
6
CONTINUOUS
10
181.0827699999999822
20
-113.8103139999999911
11
181.1780080000000055
21
-113.7150759999999963
0
LINE
8
BLACK
6
CONTINUOUS
10
181.1780080000000055
20
-113.7150759999999963
11
181.3684839999999951
21
-113.6198380000000014
0
LINE
8
BLACK
6
CONTINUOUS
10
182.7018180000000029
20
-113.6198380000000014
11
183.93991299999999
21
-113.6198380000000014
0
LINE
8
BLACK
6
CONTINUOUS
10
183.93991299999999
20
-113.6198380000000014
11
183.2732460000000003
21
-114.3817419999999885
0
LINE
8
BLACK
6
CONTINUOUS
10
183.2732460000000003
20
-114.3817419999999885
11
183.5589609999999823
21
-114.3817419999999885
0
LINE
8
BLACK
6
CONTINUOUS
10
183.5589609999999823
20
-114.3817419999999885
11
183.7494370000000004
21
-114.4769799999999975
0
LINE
8
BLACK
6
CONTINUOUS
10
183.7494370000000004
20
-114.4769799999999975
11
183.8446749999999952
21
-114.5722189999999898
0
LINE
8
BLACK
6
CONTINUOUS
10
183.8446749999999952
20
-114.5722189999999898
11
183.93991299999999
21
-114.7626949999999937
0
LINE
8
BLACK
6
CONTINUOUS
10
183.93991299999999
20
-114.7626949999999937
11
183.93991299999999
21
-115.2388849999999962
0
LINE
8
BLACK
6
CONTINUOUS
10
183.93991299999999
20
-115.2388849999999962
11
183.8446749999999952
21
-115.4293610000000001
0
LINE
8
BLACK
6
CONTINUOUS
10
183.8446749999999952
20
-115.4293610000000001
11
183.7494370000000004
21
-115.5245999999999924
0
LINE
8
BLACK
6
CONTINUOUS
10
183.7494370000000004
20
-115.5245999999999924
11
183.5589609999999823
21
-115.6198380000000014
0
LINE
8
BLACK
6
CONTINUOUS
10
183.5589609999999823
20
-115.6198380000000014
11
182.9875319999999874
21
-115.6198380000000014
0
LINE
8
BLACK
6
CONTINUOUS
10
182.9875319999999874
20
-115.6198380000000014
11
182.7970559999999978
21
-115.5245999999999924
0
LINE
8
BLACK
6
CONTINUOUS
10
182.7970559999999978
20
-115.5245999999999924
11
182.7018180000000029
21
-115.4293610000000001
0
LINE
8
BLACK
6
CONTINUOUS
10
185.8446749999999952
20
-115.6198380000000014
11
184.7018180000000029
21
-115.6198380000000014
0
LINE
8
BLACK
6
CONTINUOUS
10
185.2732460000000003
20
-115.6198380000000014
11
185.2732460000000003
21
-113.6198380000000014
0
LINE
8
BLACK
6
CONTINUOUS
10
185.2732460000000003
20
-113.6198380000000014
11
185.0827699999999822
21
-113.9055520000000001
0
LINE
8
BLACK
6
CONTINUOUS
10
185.0827699999999822
20
-113.9055520000000001
11
184.8922939999999926
21
-114.0960279999999898
0
LINE
8
BLACK
6
CONTINUOUS
10
184.8922939999999926
20
-114.0960279999999898
11
184.7018180000000029
21
-114.1912659999999988
0
LINE
8
BLACK
6
CONTINUOUS
10
187.6541990000000055
20
-113.6198380000000014
11
186.7018180000000029
21
-113.6198380000000014
0
LINE
8
BLACK
6
CONTINUOUS
10
186.7018180000000029
20
-113.6198380000000014
11
186.6065799999999797
21
-114.5722189999999898
0
LINE
8
BLACK
6
CONTINUOUS
10
186.6065799999999797
20
-114.5722189999999898
11
186.7018180000000029
21
-114.4769799999999975
0
LINE
8
BLACK
6
CONTINUOUS
10
186.7018180000000029
20
-114.4769799999999975
11
186.8922939999999926
21
-114.3817419999999885
0
LINE
8
BLACK
6
CONTINUOUS
10
186.8922939999999926
20
-114.3817419999999885
11
187.3684849999999926
21
-114.3817419999999885
0
LINE
8
BLACK
6
CONTINUOUS
10
187.3684849999999926
20
-114.3817419999999885
11
187.5589609999999823
21
-114.4769799999999975
0
LINE
8
BLACK
6
CONTINUOUS
10
187.5589609999999823
20
-114.4769799999999975
11
187.6541990000000055
21
-114.5722189999999898
0
LINE
8
BLACK
6
CONTINUOUS
10
187.6541990000000055
20
-114.5722189999999898
11
187.7494370000000004
21
-114.7626949999999937
0
LINE
8
BLACK
6
CONTINUOUS
10
187.7494370000000004
20
-114.7626949999999937
11
187.7494370000000004
21
-115.2388849999999962
0
LINE
8
BLACK
6
CONTINUOUS
10
187.7494370000000004
20
-115.2388849999999962
11
187.6541990000000055
21
-115.4293610000000001
0
LINE
8
BLACK
6
CONTINUOUS
10
187.6541990000000055
20
-115.4293610000000001
11
187.5589609999999823
21
-115.5245999999999924
0
LINE
8
BLACK
6
CONTINUOUS
10
187.5589609999999823
20
-115.5245999999999924
11
187.3684849999999926
21
-115.6198380000000014
0
LINE
8
BLACK
6
CONTINUOUS
10
187.3684849999999926
20
-115.6198380000000014
11
186.8922939999999926
21
-115.6198380000000014
0
LINE
8
BLACK
6
CONTINUOUS
10
186.8922939999999926
20
-115.6198380000000014
11
186.7018180000000029
21
-115.5245999999999924
0
LINE
8
BLACK
6
CONTINUOUS
10
186.7018180000000029
20
-115.5245999999999924
11
186.6065799999999797
21
-115.4293610000000001
0
LINE
8
BLACK
6
CONTINUOUS
10
188.5113419999999849
20
-113.6198380000000014
11
188.5113419999999849
21
-114.000789999999995
0
LINE
8
BLACK
6
CONTINUOUS
10
189.2732469999999978
20
-113.6198380000000014
11
189.2732469999999978
21
-114.000789999999995
0
LINE
8
BLACK
6
CONTINUOUS
10
192.2256289999999979
20
-116.3817419999999885
11
192.1303899999999771
21
-116.2865039999999937
0
LINE
8
BLACK
6
CONTINUOUS
10
192.1303899999999771
20
-116.2865039999999937
11
191.9399139999999875
21
-116.000789999999995
0
LINE
8
BLACK
6
CONTINUOUS
10
191.9399139999999875
20
-116.000789999999995
11
191.8446759999999927
21
-115.8103139999999911
0
LINE
8
BLACK
6
CONTINUOUS
10
191.8446759999999927
20
-115.8103139999999911
11
191.7494379999999978
21
-115.5245999999999924
0
LINE
8
BLACK
6
CONTINUOUS
10
191.7494379999999978
20
-115.5245999999999924
11
191.654200000000003
21
-115.0484089999999924
0
LINE
8
BLACK
6
CONTINUOUS
10
191.654200000000003
20
-115.0484089999999924
11
191.654200000000003
21
-114.6674569999999989
0
LINE
8
BLACK
6
CONTINUOUS
10
191.654200000000003
20
-114.6674569999999989
11
191.7494379999999978
21
-114.1912659999999988
0
LINE
8
BLACK
6
CONTINUOUS
10
191.7494379999999978
20
-114.1912659999999988
11
191.8446759999999927
21
-113.9055520000000001
0
LINE
8
BLACK
6
CONTINUOUS
10
191.8446759999999927
20
-113.9055520000000001
11
191.9399139999999875
21
-113.7150759999999963
0
LINE
8
BLACK
6
CONTINUOUS
10
191.9399139999999875
20
-113.7150759999999963
11
192.1303899999999771
21
-113.4293610000000001
0
LINE
8
BLACK
6
CONTINUOUS
10
192.1303899999999771
20
-113.4293610000000001
11
192.2256289999999979
21
-113.3341229999999911
0
LINE
8
BLACK
6
CONTINUOUS
10
192.7970569999999952
20
-113.6198380000000014
11
194.0351519999999823
21
-113.6198380000000014
0
LINE
8
BLACK
6
CONTINUOUS
10
194.0351519999999823
20
-113.6198380000000014
11
193.3684849999999926
21
-114.3817419999999885
0
LINE
8
BLACK
6
CONTINUOUS
10
193.3684849999999926
20
-114.3817419999999885
11
193.654200000000003
21
-114.3817419999999885
0
LINE
8
BLACK
6
CONTINUOUS
10
193.654200000000003
20
-114.3817419999999885
11
193.8446759999999927
21
-114.4769799999999975
0
LINE
8
BLACK
6
CONTINUOUS
10
193.8446759999999927
20
-114.4769799999999975
11
193.9399139999999875
21
-114.5722189999999898
0
LINE
8
BLACK
6
CONTINUOUS
10
193.9399139999999875
20
-114.5722189999999898
11
194.0351519999999823
21
-114.7626949999999937
0
LINE
8
BLACK
6
CONTINUOUS
10
194.0351519999999823
20
-114.7626949999999937
11
194.0351519999999823
21
-115.2388849999999962
0
LINE
8
BLACK
6
CONTINUOUS
10
194.0351519999999823
20
-115.2388849999999962
11
193.9399139999999875
21
-115.4293610000000001
0
LINE
8
BLACK
6
CONTINUOUS
10
193.9399139999999875
20
-115.4293610000000001
11
193.8446759999999927
21
-115.5245999999999924
0
LINE
8
BLACK
6
CONTINUOUS
10
193.8446759999999927
20
-115.5245999999999924
11
193.654200000000003
21
-115.6198380000000014
0
LINE
8
BLACK
6
CONTINUOUS
10
193.654200000000003
20
-115.6198380000000014
11
193.0827709999999797
21
-115.6198380000000014
0
LINE
8
BLACK
6
CONTINUOUS
10
193.0827709999999797
20
-115.6198380000000014
11
192.8922949999999901
21
-115.5245999999999924
0
LINE
8
BLACK
6
CONTINUOUS
10
192.8922949999999901
20
-115.5245999999999924
11
192.7970569999999952
21
-115.4293610000000001
0
LINE
8
BLACK
6
CONTINUOUS
10
196.4161049999999875
20
-115.6198380000000014
11
196.4161049999999875
21
-113.6198380000000014
0
LINE
8
BLACK
6
CONTINUOUS
10
197.2732479999999953
20
-115.6198380000000014
11
197.2732479999999953
21
-114.5722189999999898
0
LINE
8
BLACK
6
CONTINUOUS
10
197.2732479999999953
20
-114.5722189999999898
11
197.1780100000000004
21
-114.3817419999999885
0
LINE
8
BLACK
6
CONTINUOUS
10
197.1780100000000004
20
-114.3817419999999885
11
196.9875339999999824
21
-114.2865039999999937
0
LINE
8
BLACK
6
CONTINUOUS
10
196.9875339999999824
20
-114.2865039999999937
11
196.7018190000000004
21
-114.2865039999999937
0
LINE
8
BLACK
6
CONTINUOUS
10
196.7018190000000004
20
-114.2865039999999937
11
196.5113429999999823
21
-114.3817419999999885
0
LINE
8
BLACK
6
CONTINUOUS
10
196.5113429999999823
20
-114.3817419999999885
11
196.4161049999999875
21
-114.4769799999999975
0
LINE
8
BLACK
6
CONTINUOUS
10
198.5113429999999823
20
-115.6198380000000014
11
198.3208669999999927
21
-115.5245999999999924
0
LINE
8
BLACK
6
CONTINUOUS
10
198.3208669999999927
20
-115.5245999999999924
11
198.2256289999999979
21
-115.4293610000000001
0
LINE
8
BLACK
6
CONTINUOUS
10
198.2256289999999979
20
-115.4293610000000001
11
198.130391000000003
21
-115.2388849999999962
0
LINE
8
BLACK
6
CONTINUOUS
10
198.130391000000003
20
-115.2388849999999962
11
198.130391000000003
21
-114.6674569999999989
0
LINE
8
BLACK
6
CONTINUOUS
10
198.130391000000003
20
-114.6674569999999989
11
198.2256289999999979
21
-114.4769799999999975
0
LINE
8
BLACK
6
CONTINUOUS
10
198.2256289999999979
20
-114.4769799999999975
11
198.3208669999999927
21
-114.3817419999999885
0
LINE
8
BLACK
6
CONTINUOUS
10
198.3208669999999927
20
-114.3817419999999885
11
198.5113429999999823
21
-114.2865039999999937
0
LINE
8
BLACK
6
CONTINUOUS
10
198.5113429999999823
20
-114.2865039999999937
11
198.7970579999999927
21
-114.2865039999999937
0
LINE
8
BLACK
6
CONTINUOUS
10
198.7970579999999927
20
-114.2865039999999937
11
198.9875339999999824
21
-114.3817419999999885
0
LINE
8
BLACK
6
CONTINUOUS
10
198.9875339999999824
20
-114.3817419999999885
11
199.0827719999999772
21
-114.4769799999999975
0
LINE
8
BLACK
6
CONTINUOUS
10
199.0827719999999772
20
-114.4769799999999975
11
199.1780100000000004
21
-114.6674569999999989
0
LINE
8
BLACK
6
CONTINUOUS
10
199.1780100000000004
20
-114.6674569999999989
11
199.1780100000000004
21
-115.2388849999999962
0
LINE
8
BLACK
6
CONTINUOUS
10
199.1780100000000004
20
-115.2388849999999962
11
199.0827719999999772
21
-115.4293610000000001
0
LINE
8
BLACK
6
CONTINUOUS
10
199.0827719999999772
20
-115.4293610000000001
11
198.9875339999999824
21
-115.5245999999999924
0
LINE
8
BLACK
6
CONTINUOUS
10
198.9875339999999824
20
-115.5245999999999924
11
198.7970579999999927
21
-115.6198380000000014
0
LINE
8
BLACK
6
CONTINUOUS
10
198.7970579999999927
20
-115.6198380000000014
11
198.5113429999999823
21
-115.6198380000000014
0
LINE
8
BLACK
6
CONTINUOUS
10
200.3208669999999927
20
-115.6198380000000014
11
200.130391000000003
21
-115.5245999999999924
0
LINE
8
BLACK
6
CONTINUOUS
10
200.130391000000003
20
-115.5245999999999924
11
200.0351529999999798
21
-115.3341229999999911
0
LINE
8
BLACK
6
CONTINUOUS
10
200.0351529999999798
20
-115.3341229999999911
11
200.0351529999999798
21
-113.6198380000000014
0
LINE
8
BLACK
6
CONTINUOUS
10
201.8446769999999901
20
-115.5245999999999924
11
201.6542010000000005
21
-115.6198380000000014
0
LINE
8
BLACK
6
CONTINUOUS
10
201.6542010000000005
20
-115.6198380000000014
11
201.2732479999999953
21
-115.6198380000000014
0
LINE
8
BLACK
6
CONTINUOUS
10
201.2732479999999953
20
-115.6198380000000014
11
201.0827719999999772
21
-115.5245999999999924
0
LINE
8
BLACK
6
CONTINUOUS
10
201.0827719999999772
20
-115.5245999999999924
11
200.9875339999999824
21
-115.3341229999999911
0
LINE
8
BLACK
6
CONTINUOUS
10
200.9875339999999824
20
-115.3341229999999911
11
200.9875339999999824
21
-114.5722189999999898
0
LINE
8
BLACK
6
CONTINUOUS
10
200.9875339999999824
20
-114.5722189999999898
11
201.0827719999999772
21
-114.3817419999999885
0
LINE
8
BLACK
6
CONTINUOUS
10
201.0827719999999772
20
-114.3817419999999885
11
201.2732479999999953
21
-114.2865039999999937
0
LINE
8
BLACK
6
CONTINUOUS
10
201.2732479999999953
20
-114.2865039999999937
11
201.6542010000000005
21
-114.2865039999999937
0
LINE
8
BLACK
6
CONTINUOUS
10
201.6542010000000005
20
-114.2865039999999937
11
201.8446769999999901
21
-114.3817419999999885
0
LINE
8
BLACK
6
CONTINUOUS
10
201.8446769999999901
20
-114.3817419999999885
11
201.939914999999985
21
-114.5722189999999898
0
LINE
8
BLACK
6
CONTINUOUS
10
201.939914999999985
20
-114.5722189999999898
11
201.939914999999985
21
-114.7626949999999937
0
LINE
8
BLACK
6
CONTINUOUS
10
201.939914999999985
20
-114.7626949999999937
11
200.9875339999999824
21
-114.9531709999999975
0
LINE
8
BLACK
6
CONTINUOUS
10
202.7018199999999979
20
-115.5245999999999924
11
202.8922959999999875
21
-115.6198380000000014
0
LINE
8
BLACK
6
CONTINUOUS
10
202.8922959999999875
20
-115.6198380000000014
11
203.2732479999999953
21
-115.6198380000000014
0
LINE
8
BLACK
6
CONTINUOUS
10
203.2732479999999953
20
-115.6198380000000014
11
203.4637249999999824
21
-115.5245999999999924
0
LINE
8
BLACK
6
CONTINUOUS
10
203.4637249999999824
20
-115.5245999999999924
11
203.5589629999999772
21
-115.3341229999999911
0
LINE
8
BLACK
6
CONTINUOUS
10
203.5589629999999772
20
-115.3341229999999911
11
203.5589629999999772
21
-115.2388849999999962
0
LINE
8
BLACK
6
CONTINUOUS
10
203.5589629999999772
20
-115.2388849999999962
11
203.4637249999999824
21
-115.0484089999999924
0
LINE
8
BLACK
6
CONTINUOUS
10
203.4637249999999824
20
-115.0484089999999924
11
203.2732479999999953
21
-114.9531709999999975
0
LINE
8
BLACK
6
CONTINUOUS
10
203.2732479999999953
20
-114.9531709999999975
11
202.9875339999999824
21
-114.9531709999999975
0
LINE
8
BLACK
6
CONTINUOUS
10
202.9875339999999824
20
-114.9531709999999975
11
202.7970579999999927
21
-114.8579329999999885
0
LINE
8
BLACK
6
CONTINUOUS
10
202.7970579999999927
20
-114.8579329999999885
11
202.7018199999999979
21
-114.6674569999999989
0
LINE
8
BLACK
6
CONTINUOUS
10
202.7018199999999979
20
-114.6674569999999989
11
202.7018199999999979
21
-114.5722189999999898
0
LINE
8
BLACK
6
CONTINUOUS
10
202.7018199999999979
20
-114.5722189999999898
11
202.7970579999999927
21
-114.3817419999999885
0
LINE
8
BLACK
6
CONTINUOUS
10
202.7970579999999927
20
-114.3817419999999885
11
202.9875339999999824
21
-114.2865039999999937
0
LINE
8
BLACK
6
CONTINUOUS
10
202.9875339999999824
20
-114.2865039999999937
11
203.2732479999999953
21
-114.2865039999999937
0
LINE
8
BLACK
6
CONTINUOUS
10
203.2732479999999953
20
-114.2865039999999937
11
203.4637249999999824
21
-114.3817419999999885
0
LINE
8
BLACK
6
CONTINUOUS
10
204.2256299999999953
20
-116.3817419999999885
11
204.3208679999999902
21
-116.2865039999999937
0
LINE
8
BLACK
6
CONTINUOUS
10
204.3208679999999902
20
-116.2865039999999937
11
204.5113439999999798
21
-116.000789999999995
0
LINE
8
BLACK
6
CONTINUOUS
10
204.5113439999999798
20
-116.000789999999995
11
204.6065820000000031
21
-115.8103139999999911
0
LINE
8
BLACK
6
CONTINUOUS
10
204.6065820000000031
20
-115.8103139999999911
11
204.7018199999999979
21
-115.5245999999999924
0
LINE
8
BLACK
6
CONTINUOUS
10
204.7018199999999979
20
-115.5245999999999924
11
204.7970579999999927
21
-115.0484089999999924
0
LINE
8
BLACK
6
CONTINUOUS
10
204.7970579999999927
20
-115.0484089999999924
11
204.7970579999999927
21
-114.6674569999999989
0
LINE
8
BLACK
6
CONTINUOUS
10
204.7970579999999927
20
-114.6674569999999989
11
204.7018199999999979
21
-114.1912659999999988
0
LINE
8
BLACK
6
CONTINUOUS
10
204.7018199999999979
20
-114.1912659999999988
11
204.6065820000000031
21
-113.9055520000000001
0
LINE
8
BLACK
6
CONTINUOUS
10
204.6065820000000031
20
-113.9055520000000001
11
204.5113439999999798
21
-113.7150759999999963
0
LINE
8
BLACK
6
CONTINUOUS
10
204.5113439999999798
20
-113.7150759999999963
11
204.3208679999999902
21
-113.4293610000000001
0
LINE
8
BLACK
6
CONTINUOUS
10
204.3208679999999902
20
-113.4293610000000001
11
204.2256299999999953
21
-113.3341229999999911
0
LINE
8
BLACK
6
CONTINUOUS
10
156.3578449999999975
20
-117.6278449999999935
11
156.3578449999999975
21
-117.06215499999999
0
LINE
8
BLACK
6
CONTINUOUS
10
156.3578449999999975
20
-117.06215499999999
11
155.7921549999999797
21
-117.06215499999999
0
LINE
8
BLACK
6
CONTINUOUS
10
155.7921549999999797
20
-117.06215499999999
11
155.7921549999999797
21
-117.6278449999999935
0
LINE
8
BLACK
6
CONTINUOUS
10
155.7921549999999797
20
-117.6278449999999935
11
156.3578449999999975
21
-117.6278449999999935
0
LINE
8
BLACK
6
CONTINUOUS
10
159.463719999999995
20
-116.2598379999999878
11
159.6541969999999822
21
-116.2598379999999878
0
LINE
8
BLACK
6
CONTINUOUS
10
159.6541969999999822
20
-116.2598379999999878
11
159.8446730000000002
21
-116.3550759999999968
0
LINE
8
BLACK
6
CONTINUOUS
10
159.8446730000000002
20
-116.3550759999999968
11
159.9399109999999951
21
-116.4503139999999917
0
LINE
8
BLACK
6
CONTINUOUS
10
159.9399109999999951
20
-116.4503139999999917
11
160.0351489999999899
21
-116.6407899999999955
0
LINE
8
BLACK
6
CONTINUOUS
10
160.0351489999999899
20
-116.6407899999999955
11
160.1303869999999847
21
-117.021741999999989
0
LINE
8
BLACK
6
CONTINUOUS
10
160.1303869999999847
20
-117.021741999999989
11
160.1303869999999847
21
-117.4979329999999891
0
LINE
8
BLACK
6
CONTINUOUS
10
160.1303869999999847
20
-117.4979329999999891
11
160.0351489999999899
21
-117.8788849999999968
0
LINE
8
BLACK
6
CONTINUOUS
10
160.0351489999999899
20
-117.8788849999999968
11
159.9399109999999951
21
-118.0693610000000007
0
LINE
8
BLACK
6
CONTINUOUS
10
159.9399109999999951
20
-118.0693610000000007
11
159.8446730000000002
21
-118.164599999999993
0
LINE
8
BLACK
6
CONTINUOUS
10
159.8446730000000002
20
-118.164599999999993
11
159.6541969999999822
21
-118.2598379999999878
0
LINE
8
BLACK
6
CONTINUOUS
10
159.6541969999999822
20
-118.2598379999999878
11
159.463719999999995
21
-118.2598379999999878
0
LINE
8
BLACK
6
CONTINUOUS
10
159.463719999999995
20
-118.2598379999999878
11
159.2732440000000054
21
-118.164599999999993
0
LINE
8
BLACK
6
CONTINUOUS
10
159.2732440000000054
20
-118.164599999999993
11
159.1780059999999821
21
-118.0693610000000007
0
LINE
8
BLACK
6
CONTINUOUS
10
159.1780059999999821
20
-118.0693610000000007
11
159.0827679999999873
21
-117.8788849999999968
0
LINE
8
BLACK
6
CONTINUOUS
10
159.0827679999999873
20
-117.8788849999999968
11
158.9875299999999925
21
-117.4979329999999891
0
LINE
8
BLACK
6
CONTINUOUS
10
158.9875299999999925
20
-117.4979329999999891
11
158.9875299999999925
21
-117.021741999999989
0
LINE
8
BLACK
6
CONTINUOUS
10
158.9875299999999925
20
-117.021741999999989
11
159.0827679999999873
21
-116.6407899999999955
0
LINE
8
BLACK
6
CONTINUOUS
10
159.0827679999999873
20
-116.6407899999999955
11
159.1780059999999821
21
-116.4503139999999917
0
LINE
8
BLACK
6
CONTINUOUS
10
159.1780059999999821
20
-116.4503139999999917
11
159.2732440000000054
21
-116.3550759999999968
0
LINE
8
BLACK
6
CONTINUOUS
10
159.2732440000000054
20
-116.3550759999999968
11
159.463719999999995
21
-116.2598379999999878
0
LINE
8
BLACK
6
CONTINUOUS
10
160.9875299999999925
20
-118.0693610000000007
11
161.0827679999999873
21
-118.164599999999993
0
LINE
8
BLACK
6
CONTINUOUS
10
161.0827679999999873
20
-118.164599999999993
11
160.9875299999999925
21
-118.2598379999999878
0
LINE
8
BLACK
6
CONTINUOUS
10
160.9875299999999925
20
-118.2598379999999878
11
160.8922919999999976
21
-118.164599999999993
0
LINE
8
BLACK
6
CONTINUOUS
10
160.8922919999999976
20
-118.164599999999993
11
160.9875299999999925
21
-118.0693610000000007
0
LINE
8
BLACK
6
CONTINUOUS
10
160.9875299999999925
20
-118.0693610000000007
11
160.9875299999999925
21
-118.2598379999999878
0
LINE
8
BLACK
6
CONTINUOUS
10
162.2256249999999795
20
-117.1169799999999981
11
162.0351489999999899
21
-117.021741999999989
0
LINE
8
BLACK
6
CONTINUOUS
10
162.0351489999999899
20
-117.021741999999989
11
161.9399109999999951
21
-116.9265039999999942
0
LINE
8
BLACK
6
CONTINUOUS
10
161.9399109999999951
20
-116.9265039999999942
11
161.8446730000000002
21
-116.7360279999999904
0
LINE
8
BLACK
6
CONTINUOUS
10
161.8446730000000002
20
-116.7360279999999904
11
161.8446730000000002
21
-116.6407899999999955
0
LINE
8
BLACK
6
CONTINUOUS
10
161.8446730000000002
20
-116.6407899999999955
11
161.9399109999999951
21
-116.4503139999999917
0
LINE
8
BLACK
6
CONTINUOUS
10
161.9399109999999951
20
-116.4503139999999917
11
162.0351489999999899
21
-116.3550759999999968
0
LINE
8
BLACK
6
CONTINUOUS
10
162.0351489999999899
20
-116.3550759999999968
11
162.2256249999999795
21
-116.2598379999999878
0
LINE
8
BLACK
6
CONTINUOUS
10
162.2256249999999795
20
-116.2598379999999878
11
162.6065779999999847
21
-116.2598379999999878
0
LINE
8
BLACK
6
CONTINUOUS
10
162.6065779999999847
20
-116.2598379999999878
11
162.7970540000000028
21
-116.3550759999999968
0
LINE
8
BLACK
6
CONTINUOUS
10
162.7970540000000028
20
-116.3550759999999968
11
162.8922919999999976
21
-116.4503139999999917
0
LINE
8
BLACK
6
CONTINUOUS
10
162.8922919999999976
20
-116.4503139999999917
11
162.9875299999999925
21
-116.6407899999999955
0
LINE
8
BLACK
6
CONTINUOUS
10
162.9875299999999925
20
-116.6407899999999955
11
162.9875299999999925
21
-116.7360279999999904
0
LINE
8
BLACK
6
CONTINUOUS
10
162.9875299999999925
20
-116.7360279999999904
11
162.8922919999999976
21
-116.9265039999999942
0
LINE
8
BLACK
6
CONTINUOUS
10
162.8922919999999976
20
-116.9265039999999942
11
162.7970540000000028
21
-117.021741999999989
0
LINE
8
BLACK
6
CONTINUOUS
10
162.7970540000000028
20
-117.021741999999989
11
162.6065779999999847
21
-117.1169799999999981
0
LINE
8
BLACK
6
CONTINUOUS
10
162.6065779999999847
20
-117.1169799999999981
11
162.2256249999999795
21
-117.1169799999999981
0
LINE
8
BLACK
6
CONTINUOUS
10
162.2256249999999795
20
-117.1169799999999981
11
162.0351489999999899
21
-117.2122189999999904
0
LINE
8
BLACK
6
CONTINUOUS
10
162.0351489999999899
20
-117.2122189999999904
11
161.9399109999999951
21
-117.3074569999999994
0
LINE
8
BLACK
6
CONTINUOUS
10
161.9399109999999951
20
-117.3074569999999994
11
161.8446730000000002
21
-117.4979329999999891
0
LINE
8
BLACK
6
CONTINUOUS
10
161.8446730000000002
20
-117.4979329999999891
11
161.8446730000000002
21
-117.8788849999999968
0
LINE
8
BLACK
6
CONTINUOUS
10
161.8446730000000002
20
-117.8788849999999968
11
161.9399109999999951
21
-118.0693610000000007
0
LINE
8
BLACK
6
CONTINUOUS
10
161.9399109999999951
20
-118.0693610000000007
11
162.0351489999999899
21
-118.164599999999993
0
LINE
8
BLACK
6
CONTINUOUS
10
162.0351489999999899
20
-118.164599999999993
11
162.2256249999999795
21
-118.2598379999999878
0
LINE
8
BLACK
6
CONTINUOUS
10
162.2256249999999795
20
-118.2598379999999878
11
162.6065779999999847
21
-118.2598379999999878
0
LINE
8
BLACK
6
CONTINUOUS
10
162.6065779999999847
20
-118.2598379999999878
11
162.7970540000000028
21
-118.164599999999993
0
LINE
8
BLACK
6
CONTINUOUS
10
162.7970540000000028
20
-118.164599999999993
11
162.8922919999999976
21
-118.0693610000000007
0
LINE
8
BLACK
6
CONTINUOUS
10
162.8922919999999976
20
-118.0693610000000007
11
162.9875299999999925
21
-117.8788849999999968
0
LINE
8
BLACK
6
CONTINUOUS
10
162.9875299999999925
20
-117.8788849999999968
11
162.9875299999999925
21
-117.4979329999999891
0
LINE
8
BLACK
6
CONTINUOUS
10
162.9875299999999925
20
-117.4979329999999891
11
162.8922919999999976
21
-117.3074569999999994
0
LINE
8
BLACK
6
CONTINUOUS
10
162.8922919999999976
20
-117.3074569999999994
11
162.7970540000000028
21
-117.2122189999999904
0
LINE
8
BLACK
6
CONTINUOUS
10
162.7970540000000028
20
-117.2122189999999904
11
162.6065779999999847
21
-117.1169799999999981
0
LINE
8
BLACK
6
CONTINUOUS
10
164.2256249999999795
20
-116.2598379999999878
11
164.4161019999999951
21
-116.2598379999999878
0
LINE
8
BLACK
6
CONTINUOUS
10
164.4161019999999951
20
-116.2598379999999878
11
164.6065779999999847
21
-116.3550759999999968
0
LINE
8
BLACK
6
CONTINUOUS
10
164.6065779999999847
20
-116.3550759999999968
11
164.7018159999999796
21
-116.4503139999999917
0
LINE
8
BLACK
6
CONTINUOUS
10
164.7018159999999796
20
-116.4503139999999917
11
164.7970540000000028
21
-116.6407899999999955
0
LINE
8
BLACK
6
CONTINUOUS
10
164.7970540000000028
20
-116.6407899999999955
11
164.8922919999999976
21
-117.021741999999989
0
LINE
8
BLACK
6
CONTINUOUS
10
164.8922919999999976
20
-117.021741999999989
11
164.8922919999999976
21
-117.4979329999999891
0
LINE
8
BLACK
6
CONTINUOUS
10
164.8922919999999976
20
-117.4979329999999891
11
164.7970540000000028
21
-117.8788849999999968
0
LINE
8
BLACK
6
CONTINUOUS
10
164.7970540000000028
20
-117.8788849999999968
11
164.7018159999999796
21
-118.0693610000000007
0
LINE
8
BLACK
6
CONTINUOUS
10
164.7018159999999796
20
-118.0693610000000007
11
164.6065779999999847
21
-118.164599999999993
0
LINE
8
BLACK
6
CONTINUOUS
10
164.6065779999999847
20
-118.164599999999993
11
164.4161019999999951
21
-118.2598379999999878
0
LINE
8
BLACK
6
CONTINUOUS
10
164.4161019999999951
20
-118.2598379999999878
11
164.2256249999999795
21
-118.2598379999999878
0
LINE
8
BLACK
6
CONTINUOUS
10
164.2256249999999795
20
-118.2598379999999878
11
164.0351489999999899
21
-118.164599999999993
0
LINE
8
BLACK
6
CONTINUOUS
10
164.0351489999999899
20
-118.164599999999993
11
163.9399109999999951
21
-118.0693610000000007
0
LINE
8
BLACK
6
CONTINUOUS
10
163.9399109999999951
20
-118.0693610000000007
11
163.8446730000000002
21
-117.8788849999999968
0
LINE
8
BLACK
6
CONTINUOUS
10
163.8446730000000002
20
-117.8788849999999968
11
163.7494350000000054
21
-117.4979329999999891
0
LINE
8
BLACK
6
CONTINUOUS
10
163.7494350000000054
20
-117.4979329999999891
11
163.7494350000000054
21
-117.021741999999989
0
LINE
8
BLACK
6
CONTINUOUS
10
163.7494350000000054
20
-117.021741999999989
11
163.8446730000000002
21
-116.6407899999999955
0
LINE
8
BLACK
6
CONTINUOUS
10
163.8446730000000002
20
-116.6407899999999955
11
163.9399109999999951
21
-116.4503139999999917
0
LINE
8
BLACK
6
CONTINUOUS
10
163.9399109999999951
20
-116.4503139999999917
11
164.0351489999999899
21
-116.3550759999999968
0
LINE
8
BLACK
6
CONTINUOUS
10
164.0351489999999899
20
-116.3550759999999968
11
164.2256249999999795
21
-116.2598379999999878
0
LINE
8
BLACK
6
CONTINUOUS
10
166.1303869999999847
20
-116.2598379999999878
11
166.3208640000000003
21
-116.2598379999999878
0
LINE
8
BLACK
6
CONTINUOUS
10
166.3208640000000003
20
-116.2598379999999878
11
166.5113399999999899
21
-116.3550759999999968
0
LINE
8
BLACK
6
CONTINUOUS
10
166.5113399999999899
20
-116.3550759999999968
11
166.6065779999999847
21
-116.4503139999999917
0
LINE
8
BLACK
6
CONTINUOUS
10
166.6065779999999847
20
-116.4503139999999917
11
166.7018159999999796
21
-116.6407899999999955
0
LINE
8
BLACK
6
CONTINUOUS
10
166.7018159999999796
20
-116.6407899999999955
11
166.7970540000000028
21
-117.021741999999989
0
LINE
8
BLACK
6
CONTINUOUS
10
166.7970540000000028
20
-117.021741999999989
11
166.7970540000000028
21
-117.4979329999999891
0
LINE
8
BLACK
6
CONTINUOUS
10
166.7970540000000028
20
-117.4979329999999891
11
166.7018159999999796
21
-117.8788849999999968
0
LINE
8
BLACK
6
CONTINUOUS
10
166.7018159999999796
20
-117.8788849999999968
11
166.6065779999999847
21
-118.0693610000000007
0
LINE
8
BLACK
6
CONTINUOUS
10
166.6065779999999847
20
-118.0693610000000007
11
166.5113399999999899
21
-118.164599999999993
0
LINE
8
BLACK
6
CONTINUOUS
10
166.5113399999999899
20
-118.164599999999993
11
166.3208640000000003
21
-118.2598379999999878
0
LINE
8
BLACK
6
CONTINUOUS
10
166.3208640000000003
20
-118.2598379999999878
11
166.1303869999999847
21
-118.2598379999999878
0
LINE
8
BLACK
6
CONTINUOUS
10
166.1303869999999847
20
-118.2598379999999878
11
165.9399109999999951
21
-118.164599999999993
0
LINE
8
BLACK
6
CONTINUOUS
10
165.9399109999999951
20
-118.164599999999993
11
165.8446730000000002
21
-118.0693610000000007
0
LINE
8
BLACK
6
CONTINUOUS
10
165.8446730000000002
20
-118.0693610000000007
11
165.7494350000000054
21
-117.8788849999999968
0
LINE
8
BLACK
6
CONTINUOUS
10
165.7494350000000054
20
-117.8788849999999968
11
165.6541969999999822
21
-117.4979329999999891
0
LINE
8
BLACK
6
CONTINUOUS
10
165.6541969999999822
20
-117.4979329999999891
11
165.6541969999999822
21
-117.021741999999989
0
LINE
8
BLACK
6
CONTINUOUS
10
165.6541969999999822
20
-117.021741999999989
11
165.7494350000000054
21
-116.6407899999999955
0
LINE
8
BLACK
6
CONTINUOUS
10
165.7494350000000054
20
-116.6407899999999955
11
165.8446730000000002
21
-116.4503139999999917
0
LINE
8
BLACK
6
CONTINUOUS
10
165.8446730000000002
20
-116.4503139999999917
11
165.9399109999999951
21
-116.3550759999999968
0
LINE
8
BLACK
6
CONTINUOUS
10
165.9399109999999951
20
-116.3550759999999968
11
166.1303869999999847
21
-116.2598379999999878
0
LINE
8
BLACK
6
CONTINUOUS
10
167.6541969999999822
20
-118.2598379999999878
11
167.6541969999999822
21
-116.9265039999999942
0
LINE
8
BLACK
6
CONTINUOUS
10
167.6541969999999822
20
-117.1169799999999981
11
167.7494350000000054
21
-117.021741999999989
0
LINE
8
BLACK
6
CONTINUOUS
10
167.7494350000000054
20
-117.021741999999989
11
167.9399109999999951
21
-116.9265039999999942
0
LINE
8
BLACK
6
CONTINUOUS
10
167.9399109999999951
20
-116.9265039999999942
11
168.2256260000000054
21
-116.9265039999999942
0
LINE
8
BLACK
6
CONTINUOUS
10
168.2256260000000054
20
-116.9265039999999942
11
168.4161019999999951
21
-117.021741999999989
0
LINE
8
BLACK
6
CONTINUOUS
10
168.4161019999999951
20
-117.021741999999989
11
168.5113399999999899
21
-117.2122189999999904
0
LINE
8
BLACK
6
CONTINUOUS
10
168.5113399999999899
20
-117.2122189999999904
11
168.5113399999999899
21
-118.2598379999999878
0
LINE
8
BLACK
6
CONTINUOUS
10
168.5113399999999899
20
-117.2122189999999904
11
168.6065779999999847
21
-117.021741999999989
0
LINE
8
BLACK
6
CONTINUOUS
10
168.6065779999999847
20
-117.021741999999989
11
168.7970540000000028
21
-116.9265039999999942
0
LINE
8
BLACK
6
CONTINUOUS
10
168.7970540000000028
20
-116.9265039999999942
11
169.0827679999999873
21
-116.9265039999999942
0
LINE
8
BLACK
6
CONTINUOUS
10
169.0827679999999873
20
-116.9265039999999942
11
169.2732450000000028
21
-117.021741999999989
0
LINE
8
BLACK
6
CONTINUOUS
10
169.2732450000000028
20
-117.021741999999989
11
169.3684829999999977
21
-117.2122189999999904
0
LINE
8
BLACK
6
CONTINUOUS
10
169.3684829999999977
20
-117.2122189999999904
11
169.3684829999999977
21
-118.2598379999999878
0
LINE
8
BLACK
6
CONTINUOUS
10
170.3208640000000003
20
-118.2598379999999878
11
170.3208640000000003
21
-116.9265039999999942
0
LINE
8
BLACK
6
CONTINUOUS
10
170.3208640000000003
20
-117.1169799999999981
11
170.4161019999999951
21
-117.021741999999989
0
LINE
8
BLACK
6
CONTINUOUS
10
170.4161019999999951
20
-117.021741999999989
11
170.6065779999999847
21
-116.9265039999999942
0
LINE
8
BLACK
6
CONTINUOUS
10
170.6065779999999847
20
-116.9265039999999942
11
170.8922929999999951
21
-116.9265039999999942
0
LINE
8
BLACK
6
CONTINUOUS
10
170.8922929999999951
20
-116.9265039999999942
11
171.0827689999999848
21
-117.021741999999989
0
LINE
8
BLACK
6
CONTINUOUS
10
171.0827689999999848
20
-117.021741999999989
11
171.1780069999999796
21
-117.2122189999999904
0
LINE
8
BLACK
6
CONTINUOUS
10
171.1780069999999796
20
-117.2122189999999904
11
171.1780069999999796
21
-118.2598379999999878
0
LINE
8
BLACK
6
CONTINUOUS
10
171.1780069999999796
20
-117.2122189999999904
11
171.2732450000000028
21
-117.021741999999989
0
LINE
8
BLACK
6
CONTINUOUS
10
171.2732450000000028
20
-117.021741999999989
11
171.4637209999999925
21
-116.9265039999999942
0
LINE
8
BLACK
6
CONTINUOUS
10
171.4637209999999925
20
-116.9265039999999942
11
171.7494350000000054
21
-116.9265039999999942
0
LINE
8
BLACK
6
CONTINUOUS
10
171.7494350000000054
20
-116.9265039999999942
11
171.9399119999999925
21
-117.021741999999989
0
LINE
8
BLACK
6
CONTINUOUS
10
171.9399119999999925
20
-117.021741999999989
11
172.0351499999999874
21
-117.2122189999999904
0
LINE
8
BLACK
6
CONTINUOUS
10
172.0351499999999874
20
-117.2122189999999904
11
172.0351499999999874
21
-118.2598379999999878
0
LINE
8
BLACK
6
CONTINUOUS
10
175.9399119999999925
20
-116.164599999999993
11
174.2256270000000029
21
-118.7360279999999904
0
LINE
8
BLACK
6
CONTINUOUS
10
178.5113409999999874
20
-116.2598379999999878
11
178.7018180000000029
21
-116.2598379999999878
0
LINE
8
BLACK
6
CONTINUOUS
10
178.7018180000000029
20
-116.2598379999999878
11
178.8922939999999926
21
-116.3550759999999968
0
LINE
8
BLACK
6
CONTINUOUS
10
178.8922939999999926
20
-116.3550759999999968
11
178.9875319999999874
21
-116.4503139999999917
0
LINE
8
BLACK
6
CONTINUOUS
10
178.9875319999999874
20
-116.4503139999999917
11
179.0827699999999822
21
-116.6407899999999955
0
LINE
8
BLACK
6
CONTINUOUS
10
179.0827699999999822
20
-116.6407899999999955
11
179.1780080000000055
21
-117.021741999999989
0
LINE
8
BLACK
6
CONTINUOUS
10
179.1780080000000055
20
-117.021741999999989
11
179.1780080000000055
21
-117.4979329999999891
0
LINE
8
BLACK
6
CONTINUOUS
10
179.1780080000000055
20
-117.4979329999999891
11
179.0827699999999822
21
-117.8788849999999968
0
LINE
8
BLACK
6
CONTINUOUS
10
179.0827699999999822
20
-117.8788849999999968
11
178.9875319999999874
21
-118.0693610000000007
0
LINE
8
BLACK
6
CONTINUOUS
10
178.9875319999999874
20
-118.0693610000000007
11
178.8922939999999926
21
-118.164599999999993
0
LINE
8
BLACK
6
CONTINUOUS
10
178.8922939999999926
20
-118.164599999999993
11
178.7018180000000029
21
-118.2598379999999878
0
LINE
8
BLACK
6
CONTINUOUS
10
178.7018180000000029
20
-118.2598379999999878
11
178.5113409999999874
21
-118.2598379999999878
0
LINE
8
BLACK
6
CONTINUOUS
10
178.5113409999999874
20
-118.2598379999999878
11
178.3208649999999977
21
-118.164599999999993
0
LINE
8
BLACK
6
CONTINUOUS
10
178.3208649999999977
20
-118.164599999999993
11
178.2256270000000029
21
-118.0693610000000007
0
LINE
8
BLACK
6
CONTINUOUS
10
178.2256270000000029
20
-118.0693610000000007
11
178.1303889999999797
21
-117.8788849999999968
0
LINE
8
BLACK
6
CONTINUOUS
10
178.1303889999999797
20
-117.8788849999999968
11
178.0351509999999848
21
-117.4979329999999891
0
LINE
8
BLACK
6
CONTINUOUS
10
178.0351509999999848
20
-117.4979329999999891
11
178.0351509999999848
21
-117.021741999999989
0
LINE
8
BLACK
6
CONTINUOUS
10
178.0351509999999848
20
-117.021741999999989
11
178.1303889999999797
21
-116.6407899999999955
0
LINE
8
BLACK
6
CONTINUOUS
10
178.1303889999999797
20
-116.6407899999999955
11
178.2256270000000029
21
-116.4503139999999917
0
LINE
8
BLACK
6
CONTINUOUS
10
178.2256270000000029
20
-116.4503139999999917
11
178.3208649999999977
21
-116.3550759999999968
0
LINE
8
BLACK
6
CONTINUOUS
10
178.3208649999999977
20
-116.3550759999999968
11
178.5113409999999874
21
-116.2598379999999878
0
LINE
8
BLACK
6
CONTINUOUS
10
180.0351509999999848
20
-118.0693610000000007
11
180.1303889999999797
21
-118.164599999999993
0
LINE
8
BLACK
6
CONTINUOUS
10
180.1303889999999797
20
-118.164599999999993
11
180.0351509999999848
21
-118.2598379999999878
0
LINE
8
BLACK
6
CONTINUOUS
10
180.0351509999999848
20
-118.2598379999999878
11
179.93991299999999
21
-118.164599999999993
0
LINE
8
BLACK
6
CONTINUOUS
10
179.93991299999999
20
-118.164599999999993
11
180.0351509999999848
21
-118.0693610000000007
0
LINE
8
BLACK
6
CONTINUOUS
10
180.0351509999999848
20
-118.0693610000000007
11
180.0351509999999848
21
-118.2598379999999878
0
LINE
8
BLACK
6
CONTINUOUS
10
181.3684839999999951
20
-116.2598379999999878
11
181.5589609999999823
21
-116.2598379999999878
0
LINE
8
BLACK
6
CONTINUOUS
10
181.5589609999999823
20
-116.2598379999999878
11
181.7494370000000004
21
-116.3550759999999968
0
LINE
8
BLACK
6
CONTINUOUS
10
181.7494370000000004
20
-116.3550759999999968
11
181.8446749999999952
21
-116.4503139999999917
0
LINE
8
BLACK
6
CONTINUOUS
10
181.8446749999999952
20
-116.4503139999999917
11
181.93991299999999
21
-116.6407899999999955
0
LINE
8
BLACK
6
CONTINUOUS
10
181.93991299999999
20
-116.6407899999999955
11
182.0351509999999848
21
-117.021741999999989
0
LINE
8
BLACK
6
CONTINUOUS
10
182.0351509999999848
20
-117.021741999999989
11
182.0351509999999848
21
-117.4979329999999891
0
LINE
8
BLACK
6
CONTINUOUS
10
182.0351509999999848
20
-117.4979329999999891
11
181.93991299999999
21
-117.8788849999999968
0
LINE
8
BLACK
6
CONTINUOUS
10
181.93991299999999
20
-117.8788849999999968
11
181.8446749999999952
21
-118.0693610000000007
0
LINE
8
BLACK
6
CONTINUOUS
10
181.8446749999999952
20
-118.0693610000000007
11
181.7494370000000004
21
-118.164599999999993
0
LINE
8
BLACK
6
CONTINUOUS
10
181.7494370000000004
20
-118.164599999999993
11
181.5589609999999823
21
-118.2598379999999878
0
LINE
8
BLACK
6
CONTINUOUS
10
181.5589609999999823
20
-118.2598379999999878
11
181.3684839999999951
21
-118.2598379999999878
0
LINE
8
BLACK
6
CONTINUOUS
10
181.3684839999999951
20
-118.2598379999999878
11
181.1780080000000055
21
-118.164599999999993
0
LINE
8
BLACK
6
CONTINUOUS
10
181.1780080000000055
20
-118.164599999999993
11
181.0827699999999822
21
-118.0693610000000007
0
LINE
8
BLACK
6
CONTINUOUS
10
181.0827699999999822
20
-118.0693610000000007
11
180.9875319999999874
21
-117.8788849999999968
0
LINE
8
BLACK
6
CONTINUOUS
10
180.9875319999999874
20
-117.8788849999999968
11
180.8922939999999926
21
-117.4979329999999891
0
LINE
8
BLACK
6
CONTINUOUS
10
180.8922939999999926
20
-117.4979329999999891
11
180.8922939999999926
21
-117.021741999999989
0
LINE
8
BLACK
6
CONTINUOUS
10
180.8922939999999926
20
-117.021741999999989
11
180.9875319999999874
21
-116.6407899999999955
0
LINE
8
BLACK
6
CONTINUOUS
10
180.9875319999999874
20
-116.6407899999999955
11
181.0827699999999822
21
-116.4503139999999917
0
LINE
8
BLACK
6
CONTINUOUS
10
181.0827699999999822
20
-116.4503139999999917
11
181.1780080000000055
21
-116.3550759999999968
0
LINE
8
BLACK
6
CONTINUOUS
10
181.1780080000000055
20
-116.3550759999999968
11
181.3684839999999951
21
-116.2598379999999878
0
LINE
8
BLACK
6
CONTINUOUS
10
182.7018180000000029
20
-116.2598379999999878
11
183.93991299999999
21
-116.2598379999999878
0
LINE
8
BLACK
6
CONTINUOUS
10
183.93991299999999
20
-116.2598379999999878
11
183.2732460000000003
21
-117.021741999999989
0
LINE
8
BLACK
6
CONTINUOUS
10
183.2732460000000003
20
-117.021741999999989
11
183.5589609999999823
21
-117.021741999999989
0
LINE
8
BLACK
6
CONTINUOUS
10
183.5589609999999823
20
-117.021741999999989
11
183.7494370000000004
21
-117.1169799999999981
0
LINE
8
BLACK
6
CONTINUOUS
10
183.7494370000000004
20
-117.1169799999999981
11
183.8446749999999952
21
-117.2122189999999904
0
LINE
8
BLACK
6
CONTINUOUS
10
183.8446749999999952
20
-117.2122189999999904
11
183.93991299999999
21
-117.4026949999999943
0
LINE
8
BLACK
6
CONTINUOUS
10
183.93991299999999
20
-117.4026949999999943
11
183.93991299999999
21
-117.8788849999999968
0
LINE
8
BLACK
6
CONTINUOUS
10
183.93991299999999
20
-117.8788849999999968
11
183.8446749999999952
21
-118.0693610000000007
0
LINE
8
BLACK
6
CONTINUOUS
10
183.8446749999999952
20
-118.0693610000000007
11
183.7494370000000004
21
-118.164599999999993
0
LINE
8
BLACK
6
CONTINUOUS
10
183.7494370000000004
20
-118.164599999999993
11
183.5589609999999823
21
-118.2598379999999878
0
LINE
8
BLACK
6
CONTINUOUS
10
183.5589609999999823
20
-118.2598379999999878
11
182.9875319999999874
21
-118.2598379999999878
0
LINE
8
BLACK
6
CONTINUOUS
10
182.9875319999999874
20
-118.2598379999999878
11
182.7970559999999978
21
-118.164599999999993
0
LINE
8
BLACK
6
CONTINUOUS
10
182.7970559999999978
20
-118.164599999999993
11
182.7018180000000029
21
-118.0693610000000007
0
LINE
8
BLACK
6
CONTINUOUS
10
185.8446749999999952
20
-118.2598379999999878
11
184.7018180000000029
21
-118.2598379999999878
0
LINE
8
BLACK
6
CONTINUOUS
10
185.2732460000000003
20
-118.2598379999999878
11
185.2732460000000003
21
-116.2598379999999878
0
LINE
8
BLACK
6
CONTINUOUS
10
185.2732460000000003
20
-116.2598379999999878
11
185.0827699999999822
21
-116.5455520000000007
0
LINE
8
BLACK
6
CONTINUOUS
10
185.0827699999999822
20
-116.5455520000000007
11
184.8922939999999926
21
-116.7360279999999904
0
LINE
8
BLACK
6
CONTINUOUS
10
184.8922939999999926
20
-116.7360279999999904
11
184.7018180000000029
21
-116.8312659999999994
0
LINE
8
BLACK
6
CONTINUOUS
10
187.6541990000000055
20
-116.2598379999999878
11
186.7018180000000029
21
-116.2598379999999878
0
LINE
8
BLACK
6
CONTINUOUS
10
186.7018180000000029
20
-116.2598379999999878
11
186.6065799999999797
21
-117.2122189999999904
0
LINE
8
BLACK
6
CONTINUOUS
10
186.6065799999999797
20
-117.2122189999999904
11
186.7018180000000029
21
-117.1169799999999981
0
LINE
8
BLACK
6
CONTINUOUS
10
186.7018180000000029
20
-117.1169799999999981
11
186.8922939999999926
21
-117.021741999999989
0
LINE
8
BLACK
6
CONTINUOUS
10
186.8922939999999926
20
-117.021741999999989
11
187.3684849999999926
21
-117.021741999999989
0
LINE
8
BLACK
6
CONTINUOUS
10
187.3684849999999926
20
-117.021741999999989
11
187.5589609999999823
21
-117.1169799999999981
0
LINE
8
BLACK
6
CONTINUOUS
10
187.5589609999999823
20
-117.1169799999999981
11
187.6541990000000055
21
-117.2122189999999904
0
LINE
8
BLACK
6
CONTINUOUS
10
187.6541990000000055
20
-117.2122189999999904
11
187.7494370000000004
21
-117.4026949999999943
0
LINE
8
BLACK
6
CONTINUOUS
10
187.7494370000000004
20
-117.4026949999999943
11
187.7494370000000004
21
-117.8788849999999968
0
LINE
8
BLACK
6
CONTINUOUS
10
187.7494370000000004
20
-117.8788849999999968
11
187.6541990000000055
21
-118.0693610000000007
0
LINE
8
BLACK
6
CONTINUOUS
10
187.6541990000000055
20
-118.0693610000000007
11
187.5589609999999823
21
-118.164599999999993
0
LINE
8
BLACK
6
CONTINUOUS
10
187.5589609999999823
20
-118.164599999999993
11
187.3684849999999926
21
-118.2598379999999878
0
LINE
8
BLACK
6
CONTINUOUS
10
187.3684849999999926
20
-118.2598379999999878
11
186.8922939999999926
21
-118.2598379999999878
0
LINE
8
BLACK
6
CONTINUOUS
10
186.8922939999999926
20
-118.2598379999999878
11
186.7018180000000029
21
-118.164599999999993
0
LINE
8
BLACK
6
CONTINUOUS
10
186.7018180000000029
20
-118.164599999999993
11
186.6065799999999797
21
-118.0693610000000007
0
LINE
8
BLACK
6
CONTINUOUS
10
188.5113419999999849
20
-116.2598379999999878
11
188.5113419999999849
21
-116.6407899999999955
0
LINE
8
BLACK
6
CONTINUOUS
10
189.2732469999999978
20
-116.2598379999999878
11
189.2732469999999978
21
-116.6407899999999955
0
LINE
8
BLACK
6
CONTINUOUS
10
192.2256289999999979
20
-119.021741999999989
11
192.1303899999999771
21
-118.9265039999999942
0
LINE
8
BLACK
6
CONTINUOUS
10
192.1303899999999771
20
-118.9265039999999942
11
191.9399139999999875
21
-118.6407899999999955
0
LINE
8
BLACK
6
CONTINUOUS
10
191.9399139999999875
20
-118.6407899999999955
11
191.8446759999999927
21
-118.4503139999999917
0
LINE
8
BLACK
6
CONTINUOUS
10
191.8446759999999927
20
-118.4503139999999917
11
191.7494379999999978
21
-118.164599999999993
0
LINE
8
BLACK
6
CONTINUOUS
10
191.7494379999999978
20
-118.164599999999993
11
191.654200000000003
21
-117.6884089999999929
0
LINE
8
BLACK
6
CONTINUOUS
10
191.654200000000003
20
-117.6884089999999929
11
191.654200000000003
21
-117.3074569999999994
0
LINE
8
BLACK
6
CONTINUOUS
10
191.654200000000003
20
-117.3074569999999994
11
191.7494379999999978
21
-116.8312659999999994
0
LINE
8
BLACK
6
CONTINUOUS
10
191.7494379999999978
20
-116.8312659999999994
11
191.8446759999999927
21
-116.5455520000000007
0
LINE
8
BLACK
6
CONTINUOUS
10
191.8446759999999927
20
-116.5455520000000007
11
191.9399139999999875
21
-116.3550759999999968
0
LINE
8
BLACK
6
CONTINUOUS
10
191.9399139999999875
20
-116.3550759999999968
11
192.1303899999999771
21
-116.0693610000000007
0
LINE
8
BLACK
6
CONTINUOUS
10
192.1303899999999771
20
-116.0693610000000007
11
192.2256289999999979
21
-115.9741229999999916
0
LINE
8
BLACK
6
CONTINUOUS
10
193.8446759999999927
20
-116.9265039999999942
11
193.8446759999999927
21
-118.2598379999999878
0
LINE
8
BLACK
6
CONTINUOUS
10
193.3684849999999926
20
-116.164599999999993
11
192.8922949999999901
21
-117.5931709999999981
0
LINE
8
BLACK
6
CONTINUOUS
10
192.8922949999999901
20
-117.5931709999999981
11
194.1303899999999771
21
-117.5931709999999981
0
LINE
8
BLACK
6
CONTINUOUS
10
196.4161049999999875
20
-118.2598379999999878
11
196.4161049999999875
21
-116.2598379999999878
0
LINE
8
BLACK
6
CONTINUOUS
10
197.2732479999999953
20
-118.2598379999999878
11
197.2732479999999953
21
-117.2122189999999904
0
LINE
8
BLACK
6
CONTINUOUS
10
197.2732479999999953
20
-117.2122189999999904
11
197.1780100000000004
21
-117.021741999999989
0
LINE
8
BLACK
6
CONTINUOUS
10
197.1780100000000004
20
-117.021741999999989
11
196.9875339999999824
21
-116.9265039999999942
0
LINE
8
BLACK
6
CONTINUOUS
10
196.9875339999999824
20
-116.9265039999999942
11
196.7018190000000004
21
-116.9265039999999942
0
LINE
8
BLACK
6
CONTINUOUS
10
196.7018190000000004
20
-116.9265039999999942
11
196.5113429999999823
21
-117.021741999999989
0
LINE
8
BLACK
6
CONTINUOUS
10
196.5113429999999823
20
-117.021741999999989
11
196.4161049999999875
21
-117.1169799999999981
0
LINE
8
BLACK
6
CONTINUOUS
10
198.5113429999999823
20
-118.2598379999999878
11
198.3208669999999927
21
-118.164599999999993
0
LINE
8
BLACK
6
CONTINUOUS
10
198.3208669999999927
20
-118.164599999999993
11
198.2256289999999979
21
-118.0693610000000007
0
LINE
8
BLACK
6
CONTINUOUS
10
198.2256289999999979
20
-118.0693610000000007
11
198.130391000000003
21
-117.8788849999999968
0
LINE
8
BLACK
6
CONTINUOUS
10
198.130391000000003
20
-117.8788849999999968
11
198.130391000000003
21
-117.3074569999999994
0
LINE
8
BLACK
6
CONTINUOUS
10
198.130391000000003
20
-117.3074569999999994
11
198.2256289999999979
21
-117.1169799999999981
0
LINE
8
BLACK
6
CONTINUOUS
10
198.2256289999999979
20
-117.1169799999999981
11
198.3208669999999927
21
-117.021741999999989
0
LINE
8
BLACK
6
CONTINUOUS
10
198.3208669999999927
20
-117.021741999999989
11
198.5113429999999823
21
-116.9265039999999942
0
LINE
8
BLACK
6
CONTINUOUS
10
198.5113429999999823
20
-116.9265039999999942
11
198.7970579999999927
21
-116.9265039999999942
0
LINE
8
BLACK
6
CONTINUOUS
10
198.7970579999999927
20
-116.9265039999999942
11
198.9875339999999824
21
-117.021741999999989
0
LINE
8
BLACK
6
CONTINUOUS
10
198.9875339999999824
20
-117.021741999999989
11
199.0827719999999772
21
-117.1169799999999981
0
LINE
8
BLACK
6
CONTINUOUS
10
199.0827719999999772
20
-117.1169799999999981
11
199.1780100000000004
21
-117.3074569999999994
0
LINE
8
BLACK
6
CONTINUOUS
10
199.1780100000000004
20
-117.3074569999999994
11
199.1780100000000004
21
-117.8788849999999968
0
LINE
8
BLACK
6
CONTINUOUS
10
199.1780100000000004
20
-117.8788849999999968
11
199.0827719999999772
21
-118.0693610000000007
0
LINE
8
BLACK
6
CONTINUOUS
10
199.0827719999999772
20
-118.0693610000000007
11
198.9875339999999824
21
-118.164599999999993
0
LINE
8
BLACK
6
CONTINUOUS
10
198.9875339999999824
20
-118.164599999999993
11
198.7970579999999927
21
-118.2598379999999878
0
LINE
8
BLACK
6
CONTINUOUS
10
198.7970579999999927
20
-118.2598379999999878
11
198.5113429999999823
21
-118.2598379999999878
0
LINE
8
BLACK
6
CONTINUOUS
10
200.3208669999999927
20
-118.2598379999999878
11
200.130391000000003
21
-118.164599999999993
0
LINE
8
BLACK
6
CONTINUOUS
10
200.130391000000003
20
-118.164599999999993
11
200.0351529999999798
21
-117.9741229999999916
0
LINE
8
BLACK
6
CONTINUOUS
10
200.0351529999999798
20
-117.9741229999999916
11
200.0351529999999798
21
-116.2598379999999878
0
LINE
8
BLACK
6
CONTINUOUS
10
201.8446769999999901
20
-118.164599999999993
11
201.6542010000000005
21
-118.2598379999999878
0
LINE
8
BLACK
6
CONTINUOUS
10
201.6542010000000005
20
-118.2598379999999878
11
201.2732479999999953
21
-118.2598379999999878
0
LINE
8
BLACK
6
CONTINUOUS
10
201.2732479999999953
20
-118.2598379999999878
11
201.0827719999999772
21
-118.164599999999993
0
LINE
8
BLACK
6
CONTINUOUS
10
201.0827719999999772
20
-118.164599999999993
11
200.9875339999999824
21
-117.9741229999999916
0
LINE
8
BLACK
6
CONTINUOUS
10
200.9875339999999824
20
-117.9741229999999916
11
200.9875339999999824
21
-117.2122189999999904
0
LINE
8
BLACK
6
CONTINUOUS
10
200.9875339999999824
20
-117.2122189999999904
11
201.0827719999999772
21
-117.021741999999989
0
LINE
8
BLACK
6
CONTINUOUS
10
201.0827719999999772
20
-117.021741999999989
11
201.2732479999999953
21
-116.9265039999999942
0
LINE
8
BLACK
6
CONTINUOUS
10
201.2732479999999953
20
-116.9265039999999942
11
201.6542010000000005
21
-116.9265039999999942
0
LINE
8
BLACK
6
CONTINUOUS
10
201.6542010000000005
20
-116.9265039999999942
11
201.8446769999999901
21
-117.021741999999989
0
LINE
8
BLACK
6
CONTINUOUS
10
201.8446769999999901
20
-117.021741999999989
11
201.939914999999985
21
-117.2122189999999904
0
LINE
8
BLACK
6
CONTINUOUS
10
201.939914999999985
20
-117.2122189999999904
11
201.939914999999985
21
-117.4026949999999943
0
LINE
8
BLACK
6
CONTINUOUS
10
201.939914999999985
20
-117.4026949999999943
11
200.9875339999999824
21
-117.5931709999999981
0
LINE
8
BLACK
6
CONTINUOUS
10
202.7018199999999979
20
-118.164599999999993
11
202.8922959999999875
21
-118.2598379999999878
0
LINE
8
BLACK
6
CONTINUOUS
10
202.8922959999999875
20
-118.2598379999999878
11
203.2732479999999953
21
-118.2598379999999878
0
LINE
8
BLACK
6
CONTINUOUS
10
203.2732479999999953
20
-118.2598379999999878
11
203.4637249999999824
21
-118.164599999999993
0
LINE
8
BLACK
6
CONTINUOUS
10
203.4637249999999824
20
-118.164599999999993
11
203.5589629999999772
21
-117.9741229999999916
0
LINE
8
BLACK
6
CONTINUOUS
10
203.5589629999999772
20
-117.9741229999999916
11
203.5589629999999772
21
-117.8788849999999968
0
LINE
8
BLACK
6
CONTINUOUS
10
203.5589629999999772
20
-117.8788849999999968
11
203.4637249999999824
21
-117.6884089999999929
0
LINE
8
BLACK
6
CONTINUOUS
10
203.4637249999999824
20
-117.6884089999999929
11
203.2732479999999953
21
-117.5931709999999981
0
LINE
8
BLACK
6
CONTINUOUS
10
203.2732479999999953
20
-117.5931709999999981
11
202.9875339999999824
21
-117.5931709999999981
0
LINE
8
BLACK
6
CONTINUOUS
10
202.9875339999999824
20
-117.5931709999999981
11
202.7970579999999927
21
-117.4979329999999891
0
LINE
8
BLACK
6
CONTINUOUS
10
202.7970579999999927
20
-117.4979329999999891
11
202.7018199999999979
21
-117.3074569999999994
0
LINE
8
BLACK
6
CONTINUOUS
10
202.7018199999999979
20
-117.3074569999999994
11
202.7018199999999979
21
-117.2122189999999904
0
LINE
8
BLACK
6
CONTINUOUS
10
202.7018199999999979
20
-117.2122189999999904
11
202.7970579999999927
21
-117.021741999999989
0
LINE
8
BLACK
6
CONTINUOUS
10
202.7970579999999927
20
-117.021741999999989
11
202.9875339999999824
21
-116.9265039999999942
0
LINE
8
BLACK
6
CONTINUOUS
10
202.9875339999999824
20
-116.9265039999999942
11
203.2732479999999953
21
-116.9265039999999942
0
LINE
8
BLACK
6
CONTINUOUS
10
203.2732479999999953
20
-116.9265039999999942
11
203.4637249999999824
21
-117.021741999999989
0
LINE
8
BLACK
6
CONTINUOUS
10
204.2256299999999953
20
-119.021741999999989
11
204.3208679999999902
21
-118.9265039999999942
0
LINE
8
BLACK
6
CONTINUOUS
10
204.3208679999999902
20
-118.9265039999999942
11
204.5113439999999798
21
-118.6407899999999955
0
LINE
8
BLACK
6
CONTINUOUS
10
204.5113439999999798
20
-118.6407899999999955
11
204.6065820000000031
21
-118.4503139999999917
0
LINE
8
BLACK
6
CONTINUOUS
10
204.6065820000000031
20
-118.4503139999999917
11
204.7018199999999979
21
-118.164599999999993
0
LINE
8
BLACK
6
CONTINUOUS
10
204.7018199999999979
20
-118.164599999999993
11
204.7970579999999927
21
-117.6884089999999929
0
LINE
8
BLACK
6
CONTINUOUS
10
204.7970579999999927
20
-117.6884089999999929
11
204.7970579999999927
21
-117.3074569999999994
0
LINE
8
BLACK
6
CONTINUOUS
10
204.7970579999999927
20
-117.3074569999999994
11
204.7018199999999979
21
-116.8312659999999994
0
LINE
8
BLACK
6
CONTINUOUS
10
204.7018199999999979
20
-116.8312659999999994
11
204.6065820000000031
21
-116.5455520000000007
0
LINE
8
BLACK
6
CONTINUOUS
10
204.6065820000000031
20
-116.5455520000000007
11
204.5113439999999798
21
-116.3550759999999968
0
LINE
8
BLACK
6
CONTINUOUS
10
204.5113439999999798
20
-116.3550759999999968
11
204.3208679999999902
21
-116.0693610000000007
0
LINE
8
BLACK
6
CONTINUOUS
10
204.3208679999999902
20
-116.0693610000000007
11
204.2256299999999953
21
-115.9741229999999916
0
LINE
8
BLACK
6
CONTINUOUS
10
156.0250000000000057
20
-120.4349999999999881
11
156.4749999999999943
21
-119.9849999999999994
0
LINE
8
BLACK
6
CONTINUOUS
10
156.4749999999999943
20
-119.9849999999999994
11
156.0250000000000057
21
-119.5349999999999966
0
LINE
8
BLACK
6
CONTINUOUS
10
156.0250000000000057
20
-119.5349999999999966
11
155.5749999999999886
21
-119.9849999999999994
0
LINE
8
BLACK
6
CONTINUOUS
10
155.5749999999999886
20
-119.9849999999999994
11
156.0250000000000057
21
-120.4349999999999881
0
LINE
8
BLACK
6
CONTINUOUS
10
159.463719999999995
20
-118.8998379999999884
11
159.6541969999999822
21
-118.8998379999999884
0
LINE
8
BLACK
6
CONTINUOUS
10
159.6541969999999822
20
-118.8998379999999884
11
159.8446730000000002
21
-118.9950759999999974
0
LINE
8
BLACK
6
CONTINUOUS
10
159.8446730000000002
20
-118.9950759999999974
11
159.9399109999999951
21
-119.0903139999999922
0
LINE
8
BLACK
6
CONTINUOUS
10
159.9399109999999951
20
-119.0903139999999922
11
160.0351489999999899
21
-119.2807899999999961
0
LINE
8
BLACK
6
CONTINUOUS
10
160.0351489999999899
20
-119.2807899999999961
11
160.1303869999999847
21
-119.6617419999999896
0
LINE
8
BLACK
6
CONTINUOUS
10
160.1303869999999847
20
-119.6617419999999896
11
160.1303869999999847
21
-120.1379329999999896
0
LINE
8
BLACK
6
CONTINUOUS
10
160.1303869999999847
20
-120.1379329999999896
11
160.0351489999999899
21
-120.5188849999999974
0
LINE
8
BLACK
6
CONTINUOUS
10
160.0351489999999899
20
-120.5188849999999974
11
159.9399109999999951
21
-120.7093610000000012
0
LINE
8
BLACK
6
CONTINUOUS
10
159.9399109999999951
20
-120.7093610000000012
11
159.8446730000000002
21
-120.8045999999999935
0
LINE
8
BLACK
6
CONTINUOUS
10
159.8446730000000002
20
-120.8045999999999935
11
159.6541969999999822
21
-120.8998379999999884
0
LINE
8
BLACK
6
CONTINUOUS
10
159.6541969999999822
20
-120.8998379999999884
11
159.463719999999995
21
-120.8998379999999884
0
LINE
8
BLACK
6
CONTINUOUS
10
159.463719999999995
20
-120.8998379999999884
11
159.2732440000000054
21
-120.8045999999999935
0
LINE
8
BLACK
6
CONTINUOUS
10
159.2732440000000054
20
-120.8045999999999935
11
159.1780059999999821
21
-120.7093610000000012
0
LINE
8
BLACK
6
CONTINUOUS
10
159.1780059999999821
20
-120.7093610000000012
11
159.0827679999999873
21
-120.5188849999999974
0
LINE
8
BLACK
6
CONTINUOUS
10
159.0827679999999873
20
-120.5188849999999974
11
158.9875299999999925
21
-120.1379329999999896
0
LINE
8
BLACK
6
CONTINUOUS
10
158.9875299999999925
20
-120.1379329999999896
11
158.9875299999999925
21
-119.6617419999999896
0
LINE
8
BLACK
6
CONTINUOUS
10
158.9875299999999925
20
-119.6617419999999896
11
159.0827679999999873
21
-119.2807899999999961
0
LINE
8
BLACK
6
CONTINUOUS
10
159.0827679999999873
20
-119.2807899999999961
11
159.1780059999999821
21
-119.0903139999999922
0
LINE
8
BLACK
6
CONTINUOUS
10
159.1780059999999821
20
-119.0903139999999922
11
159.2732440000000054
21
-118.9950759999999974
0
LINE
8
BLACK
6
CONTINUOUS
10
159.2732440000000054
20
-118.9950759999999974
11
159.463719999999995
21
-118.8998379999999884
0
LINE
8
BLACK
6
CONTINUOUS
10
160.9875299999999925
20
-120.7093610000000012
11
161.0827679999999873
21
-120.8045999999999935
0
LINE
8
BLACK
6
CONTINUOUS
10
161.0827679999999873
20
-120.8045999999999935
11
160.9875299999999925
21
-120.8998379999999884
0
LINE
8
BLACK
6
CONTINUOUS
10
160.9875299999999925
20
-120.8998379999999884
11
160.8922919999999976
21
-120.8045999999999935
0
LINE
8
BLACK
6
CONTINUOUS
10
160.8922919999999976
20
-120.8045999999999935
11
160.9875299999999925
21
-120.7093610000000012
0
LINE
8
BLACK
6
CONTINUOUS
10
160.9875299999999925
20
-120.7093610000000012
11
160.9875299999999925
21
-120.8998379999999884
0
LINE
8
BLACK
6
CONTINUOUS
10
162.0351489999999899
20
-120.8998379999999884
11
162.4161009999999976
21
-120.8998379999999884
0
LINE
8
BLACK
6
CONTINUOUS
10
162.4161009999999976
20
-120.8998379999999884
11
162.6065779999999847
21
-120.8045999999999935
0
LINE
8
BLACK
6
CONTINUOUS
10
162.6065779999999847
20
-120.8045999999999935
11
162.7018159999999796
21
-120.7093610000000012
0
LINE
8
BLACK
6
CONTINUOUS
10
162.7018159999999796
20
-120.7093610000000012
11
162.8922919999999976
21
-120.4236469999999883
0
LINE
8
BLACK
6
CONTINUOUS
10
162.8922919999999976
20
-120.4236469999999883
11
162.9875299999999925
21
-120.0426949999999948
0
LINE
8
BLACK
6
CONTINUOUS
10
162.9875299999999925
20
-120.0426949999999948
11
162.9875299999999925
21
-119.2807899999999961
0
LINE
8
BLACK
6
CONTINUOUS
10
162.9875299999999925
20
-119.2807899999999961
11
162.8922919999999976
21
-119.0903139999999922
0
LINE
8
BLACK
6
CONTINUOUS
10
162.8922919999999976
20
-119.0903139999999922
11
162.7970540000000028
21
-118.9950759999999974
0
LINE
8
BLACK
6
CONTINUOUS
10
162.7970540000000028
20
-118.9950759999999974
11
162.6065779999999847
21
-118.8998379999999884
0
LINE
8
BLACK
6
CONTINUOUS
10
162.6065779999999847
20
-118.8998379999999884
11
162.2256249999999795
21
-118.8998379999999884
0
LINE
8
BLACK
6
CONTINUOUS
10
162.2256249999999795
20
-118.8998379999999884
11
162.0351489999999899
21
-118.9950759999999974
0
LINE
8
BLACK
6
CONTINUOUS
10
162.0351489999999899
20
-118.9950759999999974
11
161.9399109999999951
21
-119.0903139999999922
0
LINE
8
BLACK
6
CONTINUOUS
10
161.9399109999999951
20
-119.0903139999999922
11
161.8446730000000002
21
-119.2807899999999961
0
LINE
8
BLACK
6
CONTINUOUS
10
161.8446730000000002
20
-119.2807899999999961
11
161.8446730000000002
21
-119.7569799999999987
0
LINE
8
BLACK
6
CONTINUOUS
10
161.8446730000000002
20
-119.7569799999999987
11
161.9399109999999951
21
-119.947457
0
LINE
8
BLACK
6
CONTINUOUS
10
161.9399109999999951
20
-119.947457
11
162.0351489999999899
21
-120.0426949999999948
0
LINE
8
BLACK
6
CONTINUOUS
10
162.0351489999999899
20
-120.0426949999999948
11
162.2256249999999795
21
-120.1379329999999896
0
LINE
8
BLACK
6
CONTINUOUS
10
162.2256249999999795
20
-120.1379329999999896
11
162.6065779999999847
21
-120.1379329999999896
0
LINE
8
BLACK
6
CONTINUOUS
10
162.6065779999999847
20
-120.1379329999999896
11
162.7970540000000028
21
-120.0426949999999948
0
LINE
8
BLACK
6
CONTINUOUS
10
162.7970540000000028
20
-120.0426949999999948
11
162.8922919999999976
21
-119.947457
0
LINE
8
BLACK
6
CONTINUOUS
10
162.8922919999999976
20
-119.947457
11
162.9875299999999925
21
-119.7569799999999987
0
LINE
8
BLACK
6
CONTINUOUS
10
164.2256249999999795
20
-118.8998379999999884
11
164.4161019999999951
21
-118.8998379999999884
0
LINE
8
BLACK
6
CONTINUOUS
10
164.4161019999999951
20
-118.8998379999999884
11
164.6065779999999847
21
-118.9950759999999974
0
LINE
8
BLACK
6
CONTINUOUS
10
164.6065779999999847
20
-118.9950759999999974
11
164.7018159999999796
21
-119.0903139999999922
0
LINE
8
BLACK
6
CONTINUOUS
10
164.7018159999999796
20
-119.0903139999999922
11
164.7970540000000028
21
-119.2807899999999961
0
LINE
8
BLACK
6
CONTINUOUS
10
164.7970540000000028
20
-119.2807899999999961
11
164.8922919999999976
21
-119.6617419999999896
0
LINE
8
BLACK
6
CONTINUOUS
10
164.8922919999999976
20
-119.6617419999999896
11
164.8922919999999976
21
-120.1379329999999896
0
LINE
8
BLACK
6
CONTINUOUS
10
164.8922919999999976
20
-120.1379329999999896
11
164.7970540000000028
21
-120.5188849999999974
0
LINE
8
BLACK
6
CONTINUOUS
10
164.7970540000000028
20
-120.5188849999999974
11
164.7018159999999796
21
-120.7093610000000012
0
LINE
8
BLACK
6
CONTINUOUS
10
164.7018159999999796
20
-120.7093610000000012
11
164.6065779999999847
21
-120.8045999999999935
0
LINE
8
BLACK
6
CONTINUOUS
10
164.6065779999999847
20
-120.8045999999999935
11
164.4161019999999951
21
-120.8998379999999884
0
LINE
8
BLACK
6
CONTINUOUS
10
164.4161019999999951
20
-120.8998379999999884
11
164.2256249999999795
21
-120.8998379999999884
0
LINE
8
BLACK
6
CONTINUOUS
10
164.2256249999999795
20
-120.8998379999999884
11
164.0351489999999899
21
-120.8045999999999935
0
LINE
8
BLACK
6
CONTINUOUS
10
164.0351489999999899
20
-120.8045999999999935
11
163.9399109999999951
21
-120.7093610000000012
0
LINE
8
BLACK
6
CONTINUOUS
10
163.9399109999999951
20
-120.7093610000000012
11
163.8446730000000002
21
-120.5188849999999974
0
LINE
8
BLACK
6
CONTINUOUS
10
163.8446730000000002
20
-120.5188849999999974
11
163.7494350000000054
21
-120.1379329999999896
0
LINE
8
BLACK
6
CONTINUOUS
10
163.7494350000000054
20
-120.1379329999999896
11
163.7494350000000054
21
-119.6617419999999896
0
LINE
8
BLACK
6
CONTINUOUS
10
163.7494350000000054
20
-119.6617419999999896
11
163.8446730000000002
21
-119.2807899999999961
0
LINE
8
BLACK
6
CONTINUOUS
10
163.8446730000000002
20
-119.2807899999999961
11
163.9399109999999951
21
-119.0903139999999922
0
LINE
8
BLACK
6
CONTINUOUS
10
163.9399109999999951
20
-119.0903139999999922
11
164.0351489999999899
21
-118.9950759999999974
0
LINE
8
BLACK
6
CONTINUOUS
10
164.0351489999999899
20
-118.9950759999999974
11
164.2256249999999795
21
-118.8998379999999884
0
LINE
8
BLACK
6
CONTINUOUS
10
166.1303869999999847
20
-118.8998379999999884
11
166.3208640000000003
21
-118.8998379999999884
0
LINE
8
BLACK
6
CONTINUOUS
10
166.3208640000000003
20
-118.8998379999999884
11
166.5113399999999899
21
-118.9950759999999974
0
LINE
8
BLACK
6
CONTINUOUS
10
166.5113399999999899
20
-118.9950759999999974
11
166.6065779999999847
21
-119.0903139999999922
0
LINE
8
BLACK
6
CONTINUOUS
10
166.6065779999999847
20
-119.0903139999999922
11
166.7018159999999796
21
-119.2807899999999961
0
LINE
8
BLACK
6
CONTINUOUS
10
166.7018159999999796
20
-119.2807899999999961
11
166.7970540000000028
21
-119.6617419999999896
0
LINE
8
BLACK
6
CONTINUOUS
10
166.7970540000000028
20
-119.6617419999999896
11
166.7970540000000028
21
-120.1379329999999896
0
LINE
8
BLACK
6
CONTINUOUS
10
166.7970540000000028
20
-120.1379329999999896
11
166.7018159999999796
21
-120.5188849999999974
0
LINE
8
BLACK
6
CONTINUOUS
10
166.7018159999999796
20
-120.5188849999999974
11
166.6065779999999847
21
-120.7093610000000012
0
LINE
8
BLACK
6
CONTINUOUS
10
166.6065779999999847
20
-120.7093610000000012
11
166.5113399999999899
21
-120.8045999999999935
0
LINE
8
BLACK
6
CONTINUOUS
10
166.5113399999999899
20
-120.8045999999999935
11
166.3208640000000003
21
-120.8998379999999884
0
LINE
8
BLACK
6
CONTINUOUS
10
166.3208640000000003
20
-120.8998379999999884
11
166.1303869999999847
21
-120.8998379999999884
0
LINE
8
BLACK
6
CONTINUOUS
10
166.1303869999999847
20
-120.8998379999999884
11
165.9399109999999951
21
-120.8045999999999935
0
LINE
8
BLACK
6
CONTINUOUS
10
165.9399109999999951
20
-120.8045999999999935
11
165.8446730000000002
21
-120.7093610000000012
0
LINE
8
BLACK
6
CONTINUOUS
10
165.8446730000000002
20
-120.7093610000000012
11
165.7494350000000054
21
-120.5188849999999974
0
LINE
8
BLACK
6
CONTINUOUS
10
165.7494350000000054
20
-120.5188849999999974
11
165.6541969999999822
21
-120.1379329999999896
0
LINE
8
BLACK
6
CONTINUOUS
10
165.6541969999999822
20
-120.1379329999999896
11
165.6541969999999822
21
-119.6617419999999896
0
LINE
8
BLACK
6
CONTINUOUS
10
165.6541969999999822
20
-119.6617419999999896
11
165.7494350000000054
21
-119.2807899999999961
0
LINE
8
BLACK
6
CONTINUOUS
10
165.7494350000000054
20
-119.2807899999999961
11
165.8446730000000002
21
-119.0903139999999922
0
LINE
8
BLACK
6
CONTINUOUS
10
165.8446730000000002
20
-119.0903139999999922
11
165.9399109999999951
21
-118.9950759999999974
0
LINE
8
BLACK
6
CONTINUOUS
10
165.9399109999999951
20
-118.9950759999999974
11
166.1303869999999847
21
-118.8998379999999884
0
LINE
8
BLACK
6
CONTINUOUS
10
167.6541969999999822
20
-120.8998379999999884
11
167.6541969999999822
21
-119.5665039999999948
0
LINE
8
BLACK
6
CONTINUOUS
10
167.6541969999999822
20
-119.7569799999999987
11
167.7494350000000054
21
-119.6617419999999896
0
LINE
8
BLACK
6
CONTINUOUS
10
167.7494350000000054
20
-119.6617419999999896
11
167.9399109999999951
21
-119.5665039999999948
0
LINE
8
BLACK
6
CONTINUOUS
10
167.9399109999999951
20
-119.5665039999999948
11
168.2256260000000054
21
-119.5665039999999948
0
LINE
8
BLACK
6
CONTINUOUS
10
168.2256260000000054
20
-119.5665039999999948
11
168.4161019999999951
21
-119.6617419999999896
0
LINE
8
BLACK
6
CONTINUOUS
10
168.4161019999999951
20
-119.6617419999999896
11
168.5113399999999899
21
-119.852218999999991
0
LINE
8
BLACK
6
CONTINUOUS
10
168.5113399999999899
20
-119.852218999999991
11
168.5113399999999899
21
-120.8998379999999884
0
LINE
8
BLACK
6
CONTINUOUS
10
168.5113399999999899
20
-119.852218999999991
11
168.6065779999999847
21
-119.6617419999999896
0
LINE
8
BLACK
6
CONTINUOUS
10
168.6065779999999847
20
-119.6617419999999896
11
168.7970540000000028
21
-119.5665039999999948
0
LINE
8
BLACK
6
CONTINUOUS
10
168.7970540000000028
20
-119.5665039999999948
11
169.0827679999999873
21
-119.5665039999999948
0
LINE
8
BLACK
6
CONTINUOUS
10
169.0827679999999873
20
-119.5665039999999948
11
169.2732450000000028
21
-119.6617419999999896
0
LINE
8
BLACK
6
CONTINUOUS
10
169.2732450000000028
20
-119.6617419999999896
11
169.3684829999999977
21
-119.852218999999991
0
LINE
8
BLACK
6
CONTINUOUS
10
169.3684829999999977
20
-119.852218999999991
11
169.3684829999999977
21
-120.8998379999999884
0
LINE
8
BLACK
6
CONTINUOUS
10
170.3208640000000003
20
-120.8998379999999884
11
170.3208640000000003
21
-119.5665039999999948
0
LINE
8
BLACK
6
CONTINUOUS
10
170.3208640000000003
20
-119.7569799999999987
11
170.4161019999999951
21
-119.6617419999999896
0
LINE
8
BLACK
6
CONTINUOUS
10
170.4161019999999951
20
-119.6617419999999896
11
170.6065779999999847
21
-119.5665039999999948
0
LINE
8
BLACK
6
CONTINUOUS
10
170.6065779999999847
20
-119.5665039999999948
11
170.8922929999999951
21
-119.5665039999999948
0
LINE
8
BLACK
6
CONTINUOUS
10
170.8922929999999951
20
-119.5665039999999948
11
171.0827689999999848
21
-119.6617419999999896
0
LINE
8
BLACK
6
CONTINUOUS
10
171.0827689999999848
20
-119.6617419999999896
11
171.1780069999999796
21
-119.852218999999991
0
LINE
8
BLACK
6
CONTINUOUS
10
171.1780069999999796
20
-119.852218999999991
11
171.1780069999999796
21
-120.8998379999999884
0
LINE
8
BLACK
6
CONTINUOUS
10
171.1780069999999796
20
-119.852218999999991
11
171.2732450000000028
21
-119.6617419999999896
0
LINE
8
BLACK
6
CONTINUOUS
10
171.2732450000000028
20
-119.6617419999999896
11
171.4637209999999925
21
-119.5665039999999948
0
LINE
8
BLACK
6
CONTINUOUS
10
171.4637209999999925
20
-119.5665039999999948
11
171.7494350000000054
21
-119.5665039999999948
0
LINE
8
BLACK
6
CONTINUOUS
10
171.7494350000000054
20
-119.5665039999999948
11
171.9399119999999925
21
-119.6617419999999896
0
LINE
8
BLACK
6
CONTINUOUS
10
171.9399119999999925
20
-119.6617419999999896
11
172.0351499999999874
21
-119.852218999999991
0
LINE
8
BLACK
6
CONTINUOUS
10
172.0351499999999874
20
-119.852218999999991
11
172.0351499999999874
21
-120.8998379999999884
0
LINE
8
BLACK
6
CONTINUOUS
10
175.9399119999999925
20
-118.8045999999999935
11
174.2256270000000029
21
-121.3760279999999909
0
LINE
8
BLACK
6
CONTINUOUS
10
178.5113409999999874
20
-118.8998379999999884
11
178.7018180000000029
21
-118.8998379999999884
0
LINE
8
BLACK
6
CONTINUOUS
10
178.7018180000000029
20
-118.8998379999999884
11
178.8922939999999926
21
-118.9950759999999974
0
LINE
8
BLACK
6
CONTINUOUS
10
178.8922939999999926
20
-118.9950759999999974
11
178.9875319999999874
21
-119.0903139999999922
0
LINE
8
BLACK
6
CONTINUOUS
10
178.9875319999999874
20
-119.0903139999999922
11
179.0827699999999822
21
-119.2807899999999961
0
LINE
8
BLACK
6
CONTINUOUS
10
179.0827699999999822
20
-119.2807899999999961
11
179.1780080000000055
21
-119.6617419999999896
0
LINE
8
BLACK
6
CONTINUOUS
10
179.1780080000000055
20
-119.6617419999999896
11
179.1780080000000055
21
-120.1379329999999896
0
LINE
8
BLACK
6
CONTINUOUS
10
179.1780080000000055
20
-120.1379329999999896
11
179.0827699999999822
21
-120.5188849999999974
0
LINE
8
BLACK
6
CONTINUOUS
10
179.0827699999999822
20
-120.5188849999999974
11
178.9875319999999874
21
-120.7093610000000012
0
LINE
8
BLACK
6
CONTINUOUS
10
178.9875319999999874
20
-120.7093610000000012
11
178.8922939999999926
21
-120.8045999999999935
0
LINE
8
BLACK
6
CONTINUOUS
10
178.8922939999999926
20
-120.8045999999999935
11
178.7018180000000029
21
-120.8998379999999884
0
LINE
8
BLACK
6
CONTINUOUS
10
178.7018180000000029
20
-120.8998379999999884
11
178.5113409999999874
21
-120.8998379999999884
0
LINE
8
BLACK
6
CONTINUOUS
10
178.5113409999999874
20
-120.8998379999999884
11
178.3208649999999977
21
-120.8045999999999935
0
LINE
8
BLACK
6
CONTINUOUS
10
178.3208649999999977
20
-120.8045999999999935
11
178.2256270000000029
21
-120.7093610000000012
0
LINE
8
BLACK
6
CONTINUOUS
10
178.2256270000000029
20
-120.7093610000000012
11
178.1303889999999797
21
-120.5188849999999974
0
LINE
8
BLACK
6
CONTINUOUS
10
178.1303889999999797
20
-120.5188849999999974
11
178.0351509999999848
21
-120.1379329999999896
0
LINE
8
BLACK
6
CONTINUOUS
10
178.0351509999999848
20
-120.1379329999999896
11
178.0351509999999848
21
-119.6617419999999896
0
LINE
8
BLACK
6
CONTINUOUS
10
178.0351509999999848
20
-119.6617419999999896
11
178.1303889999999797
21
-119.2807899999999961
0
LINE
8
BLACK
6
CONTINUOUS
10
178.1303889999999797
20
-119.2807899999999961
11
178.2256270000000029
21
-119.0903139999999922
0
LINE
8
BLACK
6
CONTINUOUS
10
178.2256270000000029
20
-119.0903139999999922
11
178.3208649999999977
21
-118.9950759999999974
0
LINE
8
BLACK
6
CONTINUOUS
10
178.3208649999999977
20
-118.9950759999999974
11
178.5113409999999874
21
-118.8998379999999884
0
LINE
8
BLACK
6
CONTINUOUS
10
180.0351509999999848
20
-120.7093610000000012
11
180.1303889999999797
21
-120.8045999999999935
0
LINE
8
BLACK
6
CONTINUOUS
10
180.1303889999999797
20
-120.8045999999999935
11
180.0351509999999848
21
-120.8998379999999884
0
LINE
8
BLACK
6
CONTINUOUS
10
180.0351509999999848
20
-120.8998379999999884
11
179.93991299999999
21
-120.8045999999999935
0
LINE
8
BLACK
6
CONTINUOUS
10
179.93991299999999
20
-120.8045999999999935
11
180.0351509999999848
21
-120.7093610000000012
0
LINE
8
BLACK
6
CONTINUOUS
10
180.0351509999999848
20
-120.7093610000000012
11
180.0351509999999848
21
-120.8998379999999884
0
LINE
8
BLACK
6
CONTINUOUS
10
181.3684839999999951
20
-118.8998379999999884
11
181.5589609999999823
21
-118.8998379999999884
0
LINE
8
BLACK
6
CONTINUOUS
10
181.5589609999999823
20
-118.8998379999999884
11
181.7494370000000004
21
-118.9950759999999974
0
LINE
8
BLACK
6
CONTINUOUS
10
181.7494370000000004
20
-118.9950759999999974
11
181.8446749999999952
21
-119.0903139999999922
0
LINE
8
BLACK
6
CONTINUOUS
10
181.8446749999999952
20
-119.0903139999999922
11
181.93991299999999
21
-119.2807899999999961
0
LINE
8
BLACK
6
CONTINUOUS
10
181.93991299999999
20
-119.2807899999999961
11
182.0351509999999848
21
-119.6617419999999896
0
LINE
8
BLACK
6
CONTINUOUS
10
182.0351509999999848
20
-119.6617419999999896
11
182.0351509999999848
21
-120.1379329999999896
0
LINE
8
BLACK
6
CONTINUOUS
10
182.0351509999999848
20
-120.1379329999999896
11
181.93991299999999
21
-120.5188849999999974
0
LINE
8
BLACK
6
CONTINUOUS
10
181.93991299999999
20
-120.5188849999999974
11
181.8446749999999952
21
-120.7093610000000012
0
LINE
8
BLACK
6
CONTINUOUS
10
181.8446749999999952
20
-120.7093610000000012
11
181.7494370000000004
21
-120.8045999999999935
0
LINE
8
BLACK
6
CONTINUOUS
10
181.7494370000000004
20
-120.8045999999999935
11
181.5589609999999823
21
-120.8998379999999884
0
LINE
8
BLACK
6
CONTINUOUS
10
181.5589609999999823
20
-120.8998379999999884
11
181.3684839999999951
21
-120.8998379999999884
0
LINE
8
BLACK
6
CONTINUOUS
10
181.3684839999999951
20
-120.8998379999999884
11
181.1780080000000055
21
-120.8045999999999935
0
LINE
8
BLACK
6
CONTINUOUS
10
181.1780080000000055
20
-120.8045999999999935
11
181.0827699999999822
21
-120.7093610000000012
0
LINE
8
BLACK
6
CONTINUOUS
10
181.0827699999999822
20
-120.7093610000000012
11
180.9875319999999874
21
-120.5188849999999974
0
LINE
8
BLACK
6
CONTINUOUS
10
180.9875319999999874
20
-120.5188849999999974
11
180.8922939999999926
21
-120.1379329999999896
0
LINE
8
BLACK
6
CONTINUOUS
10
180.8922939999999926
20
-120.1379329999999896
11
180.8922939999999926
21
-119.6617419999999896
0
LINE
8
BLACK
6
CONTINUOUS
10
180.8922939999999926
20
-119.6617419999999896
11
180.9875319999999874
21
-119.2807899999999961
0
LINE
8
BLACK
6
CONTINUOUS
10
180.9875319999999874
20
-119.2807899999999961
11
181.0827699999999822
21
-119.0903139999999922
0
LINE
8
BLACK
6
CONTINUOUS
10
181.0827699999999822
20
-119.0903139999999922
11
181.1780080000000055
21
-118.9950759999999974
0
LINE
8
BLACK
6
CONTINUOUS
10
181.1780080000000055
20
-118.9950759999999974
11
181.3684839999999951
21
-118.8998379999999884
0
LINE
8
BLACK
6
CONTINUOUS
10
182.7018180000000029
20
-118.8998379999999884
11
183.93991299999999
21
-118.8998379999999884
0
LINE
8
BLACK
6
CONTINUOUS
10
183.93991299999999
20
-118.8998379999999884
11
183.2732460000000003
21
-119.6617419999999896
0
LINE
8
BLACK
6
CONTINUOUS
10
183.2732460000000003
20
-119.6617419999999896
11
183.5589609999999823
21
-119.6617419999999896
0
LINE
8
BLACK
6
CONTINUOUS
10
183.5589609999999823
20
-119.6617419999999896
11
183.7494370000000004
21
-119.7569799999999987
0
LINE
8
BLACK
6
CONTINUOUS
10
183.7494370000000004
20
-119.7569799999999987
11
183.8446749999999952
21
-119.852218999999991
0
LINE
8
BLACK
6
CONTINUOUS
10
183.8446749999999952
20
-119.852218999999991
11
183.93991299999999
21
-120.0426949999999948
0
LINE
8
BLACK
6
CONTINUOUS
10
183.93991299999999
20
-120.0426949999999948
11
183.93991299999999
21
-120.5188849999999974
0
LINE
8
BLACK
6
CONTINUOUS
10
183.93991299999999
20
-120.5188849999999974
11
183.8446749999999952
21
-120.7093610000000012
0
LINE
8
BLACK
6
CONTINUOUS
10
183.8446749999999952
20
-120.7093610000000012
11
183.7494370000000004
21
-120.8045999999999935
0
LINE
8
BLACK
6
CONTINUOUS
10
183.7494370000000004
20
-120.8045999999999935
11
183.5589609999999823
21
-120.8998379999999884
0
LINE
8
BLACK
6
CONTINUOUS
10
183.5589609999999823
20
-120.8998379999999884
11
182.9875319999999874
21
-120.8998379999999884
0
LINE
8
BLACK
6
CONTINUOUS
10
182.9875319999999874
20
-120.8998379999999884
11
182.7970559999999978
21
-120.8045999999999935
0
LINE
8
BLACK
6
CONTINUOUS
10
182.7970559999999978
20
-120.8045999999999935
11
182.7018180000000029
21
-120.7093610000000012
0
LINE
8
BLACK
6
CONTINUOUS
10
185.7494370000000004
20
-118.8998379999999884
11
184.7970559999999978
21
-118.8998379999999884
0
LINE
8
BLACK
6
CONTINUOUS
10
184.7970559999999978
20
-118.8998379999999884
11
184.7018180000000029
21
-119.852218999999991
0
LINE
8
BLACK
6
CONTINUOUS
10
184.7018180000000029
20
-119.852218999999991
11
184.7970559999999978
21
-119.7569799999999987
0
LINE
8
BLACK
6
CONTINUOUS
10
184.7970559999999978
20
-119.7569799999999987
11
184.9875319999999874
21
-119.6617419999999896
0
LINE
8
BLACK
6
CONTINUOUS
10
184.9875319999999874
20
-119.6617419999999896
11
185.4637229999999875
21
-119.6617419999999896
0
LINE
8
BLACK
6
CONTINUOUS
10
185.4637229999999875
20
-119.6617419999999896
11
185.6541990000000055
21
-119.7569799999999987
0
LINE
8
BLACK
6
CONTINUOUS
10
185.6541990000000055
20
-119.7569799999999987
11
185.7494370000000004
21
-119.852218999999991
0
LINE
8
BLACK
6
CONTINUOUS
10
185.7494370000000004
20
-119.852218999999991
11
185.8446749999999952
21
-120.0426949999999948
0
LINE
8
BLACK
6
CONTINUOUS
10
185.8446749999999952
20
-120.0426949999999948
11
185.8446749999999952
21
-120.5188849999999974
0
LINE
8
BLACK
6
CONTINUOUS
10
185.8446749999999952
20
-120.5188849999999974
11
185.7494370000000004
21
-120.7093610000000012
0
LINE
8
BLACK
6
CONTINUOUS
10
185.7494370000000004
20
-120.7093610000000012
11
185.6541990000000055
21
-120.8045999999999935
0
LINE
8
BLACK
6
CONTINUOUS
10
185.6541990000000055
20
-120.8045999999999935
11
185.4637229999999875
21
-120.8998379999999884
0
LINE
8
BLACK
6
CONTINUOUS
10
185.4637229999999875
20
-120.8998379999999884
11
184.9875319999999874
21
-120.8998379999999884
0
LINE
8
BLACK
6
CONTINUOUS
10
184.9875319999999874
20
-120.8998379999999884
11
184.7970559999999978
21
-120.8045999999999935
0
LINE
8
BLACK
6
CONTINUOUS
10
184.7970559999999978
20
-120.8045999999999935
11
184.7018180000000029
21
-120.7093610000000012
0
LINE
8
BLACK
6
CONTINUOUS
10
187.5589609999999823
20
-119.5665039999999948
11
187.5589609999999823
21
-120.8998379999999884
0
LINE
8
BLACK
6
CONTINUOUS
10
187.0827699999999822
20
-118.8045999999999935
11
186.6065799999999797
21
-120.2331709999999987
0
LINE
8
BLACK
6
CONTINUOUS
10
186.6065799999999797
20
-120.2331709999999987
11
187.8446749999999952
21
-120.2331709999999987
0
LINE
8
BLACK
6
CONTINUOUS
10
188.5113419999999849
20
-118.8998379999999884
11
188.5113419999999849
21
-119.2807899999999961
0
LINE
8
BLACK
6
CONTINUOUS
10
189.2732469999999978
20
-118.8998379999999884
11
189.2732469999999978
21
-119.2807899999999961
0
LINE
8
BLACK
6
CONTINUOUS
10
192.2256289999999979
20
-121.6617419999999896
11
192.1303899999999771
21
-121.5665039999999948
0
LINE
8
BLACK
6
CONTINUOUS
10
192.1303899999999771
20
-121.5665039999999948
11
191.9399139999999875
21
-121.2807899999999961
0
LINE
8
BLACK
6
CONTINUOUS
10
191.9399139999999875
20
-121.2807899999999961
11
191.8446759999999927
21
-121.0903139999999922
0
LINE
8
BLACK
6
CONTINUOUS
10
191.8446759999999927
20
-121.0903139999999922
11
191.7494379999999978
21
-120.8045999999999935
0
LINE
8
BLACK
6
CONTINUOUS
10
191.7494379999999978
20
-120.8045999999999935
11
191.654200000000003
21
-120.3284089999999935
0
LINE
8
BLACK
6
CONTINUOUS
10
191.654200000000003
20
-120.3284089999999935
11
191.654200000000003
21
-119.947457
0
LINE
8
BLACK
6
CONTINUOUS
10
191.654200000000003
20
-119.947457
11
191.7494379999999978
21
-119.471266
0
LINE
8
BLACK
6
CONTINUOUS
10
191.7494379999999978
20
-119.471266
11
191.8446759999999927
21
-119.1855520000000013
0
LINE
8
BLACK
6
CONTINUOUS
10
191.8446759999999927
20
-119.1855520000000013
11
191.9399139999999875
21
-118.9950759999999974
0
LINE
8
BLACK
6
CONTINUOUS
10
191.9399139999999875
20
-118.9950759999999974
11
192.1303899999999771
21
-118.7093610000000012
0
LINE
8
BLACK
6
CONTINUOUS
10
192.1303899999999771
20
-118.7093610000000012
11
192.2256289999999979
21
-118.6141229999999922
0
LINE
8
BLACK
6
CONTINUOUS
10
192.7970569999999952
20
-118.8998379999999884
11
194.0351519999999823
21
-118.8998379999999884
0
LINE
8
BLACK
6
CONTINUOUS
10
194.0351519999999823
20
-118.8998379999999884
11
193.3684849999999926
21
-119.6617419999999896
0
LINE
8
BLACK
6
CONTINUOUS
10
193.3684849999999926
20
-119.6617419999999896
11
193.654200000000003
21
-119.6617419999999896
0
LINE
8
BLACK
6
CONTINUOUS
10
193.654200000000003
20
-119.6617419999999896
11
193.8446759999999927
21
-119.7569799999999987
0
LINE
8
BLACK
6
CONTINUOUS
10
193.8446759999999927
20
-119.7569799999999987
11
193.9399139999999875
21
-119.852218999999991
0
LINE
8
BLACK
6
CONTINUOUS
10
193.9399139999999875
20
-119.852218999999991
11
194.0351519999999823
21
-120.0426949999999948
0
LINE
8
BLACK
6
CONTINUOUS
10
194.0351519999999823
20
-120.0426949999999948
11
194.0351519999999823
21
-120.5188849999999974
0
LINE
8
BLACK
6
CONTINUOUS
10
194.0351519999999823
20
-120.5188849999999974
11
193.9399139999999875
21
-120.7093610000000012
0
LINE
8
BLACK
6
CONTINUOUS
10
193.9399139999999875
20
-120.7093610000000012
11
193.8446759999999927
21
-120.8045999999999935
0
LINE
8
BLACK
6
CONTINUOUS
10
193.8446759999999927
20
-120.8045999999999935
11
193.654200000000003
21
-120.8998379999999884
0
LINE
8
BLACK
6
CONTINUOUS
10
193.654200000000003
20
-120.8998379999999884
11
193.0827709999999797
21
-120.8998379999999884
0
LINE
8
BLACK
6
CONTINUOUS
10
193.0827709999999797
20
-120.8998379999999884
11
192.8922949999999901
21
-120.8045999999999935
0
LINE
8
BLACK
6
CONTINUOUS
10
192.8922949999999901
20
-120.8045999999999935
11
192.7970569999999952
21
-120.7093610000000012
0
LINE
8
BLACK
6
CONTINUOUS
10
195.2732469999999978
20
-118.8998379999999884
11
195.4637239999999849
21
-118.8998379999999884
0
LINE
8
BLACK
6
CONTINUOUS
10
195.4637239999999849
20
-118.8998379999999884
11
195.654200000000003
21
-118.9950759999999974
0
LINE
8
BLACK
6
CONTINUOUS
10
195.654200000000003
20
-118.9950759999999974
11
195.7494379999999978
21
-119.0903139999999922
0
LINE
8
BLACK
6
CONTINUOUS
10
195.7494379999999978
20
-119.0903139999999922
11
195.8446759999999927
21
-119.2807899999999961
0
LINE
8
BLACK
6
CONTINUOUS
10
195.8446759999999927
20
-119.2807899999999961
11
195.9399139999999875
21
-119.6617419999999896
0
LINE
8
BLACK
6
CONTINUOUS
10
195.9399139999999875
20
-119.6617419999999896
11
195.9399139999999875
21
-120.1379329999999896
0
LINE
8
BLACK
6
CONTINUOUS
10
195.9399139999999875
20
-120.1379329999999896
11
195.8446759999999927
21
-120.5188849999999974
0
LINE
8
BLACK
6
CONTINUOUS
10
195.8446759999999927
20
-120.5188849999999974
11
195.7494379999999978
21
-120.7093610000000012
0
LINE
8
BLACK
6
CONTINUOUS
10
195.7494379999999978
20
-120.7093610000000012
11
195.654200000000003
21
-120.8045999999999935
0
LINE
8
BLACK
6
CONTINUOUS
10
195.654200000000003
20
-120.8045999999999935
11
195.4637239999999849
21
-120.8998379999999884
0
LINE
8
BLACK
6
CONTINUOUS
10
195.4637239999999849
20
-120.8998379999999884
11
195.2732469999999978
21
-120.8998379999999884
0
LINE
8
BLACK
6
CONTINUOUS
10
195.2732469999999978
20
-120.8998379999999884
11
195.0827709999999797
21
-120.8045999999999935
0
LINE
8
BLACK
6
CONTINUOUS
10
195.0827709999999797
20
-120.8045999999999935
11
194.9875329999999849
21
-120.7093610000000012
0
LINE
8
BLACK
6
CONTINUOUS
10
194.9875329999999849
20
-120.7093610000000012
11
194.8922949999999901
21
-120.5188849999999974
0
LINE
8
BLACK
6
CONTINUOUS
10
194.8922949999999901
20
-120.5188849999999974
11
194.7970569999999952
21
-120.1379329999999896
0
LINE
8
BLACK
6
CONTINUOUS
10
194.7970569999999952
20
-120.1379329999999896
11
194.7970569999999952
21
-119.6617419999999896
0
LINE
8
BLACK
6
CONTINUOUS
10
194.7970569999999952
20
-119.6617419999999896
11
194.8922949999999901
21
-119.2807899999999961
0
LINE
8
BLACK
6
CONTINUOUS
10
194.8922949999999901
20
-119.2807899999999961
11
194.9875329999999849
21
-119.0903139999999922
0
LINE
8
BLACK
6
CONTINUOUS
10
194.9875329999999849
20
-119.0903139999999922
11
195.0827709999999797
21
-118.9950759999999974
0
LINE
8
BLACK
6
CONTINUOUS
10
195.0827709999999797
20
-118.9950759999999974
11
195.2732469999999978
21
-118.8998379999999884
0
LINE
8
BLACK
6
CONTINUOUS
10
198.3208669999999927
20
-120.8998379999999884
11
198.3208669999999927
21
-118.8998379999999884
0
LINE
8
BLACK
6
CONTINUOUS
10
199.1780100000000004
20
-120.8998379999999884
11
199.1780100000000004
21
-119.852218999999991
0
LINE
8
BLACK
6
CONTINUOUS
10
199.1780100000000004
20
-119.852218999999991
11
199.0827719999999772
21
-119.6617419999999896
0
LINE
8
BLACK
6
CONTINUOUS
10
199.0827719999999772
20
-119.6617419999999896
11
198.8922959999999875
21
-119.5665039999999948
0
LINE
8
BLACK
6
CONTINUOUS
10
198.8922959999999875
20
-119.5665039999999948
11
198.6065809999999772
21
-119.5665039999999948
0
LINE
8
BLACK
6
CONTINUOUS
10
198.6065809999999772
20
-119.5665039999999948
11
198.4161049999999875
21
-119.6617419999999896
0
LINE
8
BLACK
6
CONTINUOUS
10
198.4161049999999875
20
-119.6617419999999896
11
198.3208669999999927
21
-119.7569799999999987
0
LINE
8
BLACK
6
CONTINUOUS
10
200.4161049999999875
20
-120.8998379999999884
11
200.2256289999999979
21
-120.8045999999999935
0
LINE
8
BLACK
6
CONTINUOUS
10
200.2256289999999979
20
-120.8045999999999935
11
200.130391000000003
21
-120.7093610000000012
0
LINE
8
BLACK
6
CONTINUOUS
10
200.130391000000003
20
-120.7093610000000012
11
200.0351529999999798
21
-120.5188849999999974
0
LINE
8
BLACK
6
CONTINUOUS
10
200.0351529999999798
20
-120.5188849999999974
11
200.0351529999999798
21
-119.947457
0
LINE
8
BLACK
6
CONTINUOUS
10
200.0351529999999798
20
-119.947457
11
200.130391000000003
21
-119.7569799999999987
0
LINE
8
BLACK
6
CONTINUOUS
10
200.130391000000003
20
-119.7569799999999987
11
200.2256289999999979
21
-119.6617419999999896
0
LINE
8
BLACK
6
CONTINUOUS
10
200.2256289999999979
20
-119.6617419999999896
11
200.4161049999999875
21
-119.5665039999999948
0
LINE
8
BLACK
6
CONTINUOUS
10
200.4161049999999875
20
-119.5665039999999948
11
200.7018199999999979
21
-119.5665039999999948
0
LINE
8
BLACK
6
CONTINUOUS
10
200.7018199999999979
20
-119.5665039999999948
11
200.8922959999999875
21
-119.6617419999999896
0
LINE
8
BLACK
6
CONTINUOUS
10
200.8922959999999875
20
-119.6617419999999896
11
200.9875339999999824
21
-119.7569799999999987
0
LINE
8
BLACK
6
CONTINUOUS
10
200.9875339999999824
20
-119.7569799999999987
11
201.0827719999999772
21
-119.947457
0
LINE
8
BLACK
6
CONTINUOUS
10
201.0827719999999772
20
-119.947457
11
201.0827719999999772
21
-120.5188849999999974
0
LINE
8
BLACK
6
CONTINUOUS
10
201.0827719999999772
20
-120.5188849999999974
11
200.9875339999999824
21
-120.7093610000000012
0
LINE
8
BLACK
6
CONTINUOUS
10
200.9875339999999824
20
-120.7093610000000012
11
200.8922959999999875
21
-120.8045999999999935
0
LINE
8
BLACK
6
CONTINUOUS
10
200.8922959999999875
20
-120.8045999999999935
11
200.7018199999999979
21
-120.8998379999999884
0
LINE
8
BLACK
6
CONTINUOUS
10
200.7018199999999979
20
-120.8998379999999884
11
200.4161049999999875
21
-120.8998379999999884
0
LINE
8
BLACK
6
CONTINUOUS
10
202.2256289999999979
20
-120.8998379999999884
11
202.0351529999999798
21
-120.8045999999999935
0
LINE
8
BLACK
6
CONTINUOUS
10
202.0351529999999798
20
-120.8045999999999935
11
201.939914999999985
21
-120.6141229999999922
0
LINE
8
BLACK
6
CONTINUOUS
10
201.939914999999985
20
-120.6141229999999922
11
201.939914999999985
21
-118.8998379999999884
0
LINE
8
BLACK
6
CONTINUOUS
10
203.7494389999999953
20
-120.8045999999999935
11
203.5589629999999772
21
-120.8998379999999884
0
LINE
8
BLACK
6
CONTINUOUS
10
203.5589629999999772
20
-120.8998379999999884
11
203.1780100000000004
21
-120.8998379999999884
0
LINE
8
BLACK
6
CONTINUOUS
10
203.1780100000000004
20
-120.8998379999999884
11
202.9875339999999824
21
-120.8045999999999935
0
LINE
8
BLACK
6
CONTINUOUS
10
202.9875339999999824
20
-120.8045999999999935
11
202.8922959999999875
21
-120.6141229999999922
0
LINE
8
BLACK
6
CONTINUOUS
10
202.8922959999999875
20
-120.6141229999999922
11
202.8922959999999875
21
-119.852218999999991
0
LINE
8
BLACK
6
CONTINUOUS
10
202.8922959999999875
20
-119.852218999999991
11
202.9875339999999824
21
-119.6617419999999896
0
LINE
8
BLACK
6
CONTINUOUS
10
202.9875339999999824
20
-119.6617419999999896
11
203.1780100000000004
21
-119.5665039999999948
0
LINE
8
BLACK
6
CONTINUOUS
10
203.1780100000000004
20
-119.5665039999999948
11
203.5589629999999772
21
-119.5665039999999948
0
LINE
8
BLACK
6
CONTINUOUS
10
203.5589629999999772
20
-119.5665039999999948
11
203.7494389999999953
21
-119.6617419999999896
0
LINE
8
BLACK
6
CONTINUOUS
10
203.7494389999999953
20
-119.6617419999999896
11
203.8446769999999901
21
-119.852218999999991
0
LINE
8
BLACK
6
CONTINUOUS
10
203.8446769999999901
20
-119.852218999999991
11
203.8446769999999901
21
-120.0426949999999948
0
LINE
8
BLACK
6
CONTINUOUS
10
203.8446769999999901
20
-120.0426949999999948
11
202.8922959999999875
21
-120.2331709999999987
0
LINE
8
BLACK
6
CONTINUOUS
10
204.6065820000000031
20
-120.8045999999999935
11
204.7970579999999927
21
-120.8998379999999884
0
LINE
8
BLACK
6
CONTINUOUS
10
204.7970579999999927
20
-120.8998379999999884
11
205.1780100000000004
21
-120.8998379999999884
0
LINE
8
BLACK
6
CONTINUOUS
10
205.1780100000000004
20
-120.8998379999999884
11
205.3684869999999876
21
-120.8045999999999935
0
LINE
8
BLACK
6
CONTINUOUS
10
205.3684869999999876
20
-120.8045999999999935
11
205.4637249999999824
21
-120.6141229999999922
0
LINE
8
BLACK
6
CONTINUOUS
10
205.4637249999999824
20
-120.6141229999999922
11
205.4637249999999824
21
-120.5188849999999974
0
LINE
8
BLACK
6
CONTINUOUS
10
205.4637249999999824
20
-120.5188849999999974
11
205.3684869999999876
21
-120.3284089999999935
0
LINE
8
BLACK
6
CONTINUOUS
10
205.3684869999999876
20
-120.3284089999999935
11
205.1780100000000004
21
-120.2331709999999987
0
LINE
8
BLACK
6
CONTINUOUS
10
205.1780100000000004
20
-120.2331709999999987
11
204.8922959999999875
21
-120.2331709999999987
0
LINE
8
BLACK
6
CONTINUOUS
10
204.8922959999999875
20
-120.2331709999999987
11
204.7018199999999979
21
-120.1379329999999896
0
LINE
8
BLACK
6
CONTINUOUS
10
204.7018199999999979
20
-120.1379329999999896
11
204.6065820000000031
21
-119.947457
0
LINE
8
BLACK
6
CONTINUOUS
10
204.6065820000000031
20
-119.947457
11
204.6065820000000031
21
-119.852218999999991
0
LINE
8
BLACK
6
CONTINUOUS
10
204.6065820000000031
20
-119.852218999999991
11
204.7018199999999979
21
-119.6617419999999896
0
LINE
8
BLACK
6
CONTINUOUS
10
204.7018199999999979
20
-119.6617419999999896
11
204.8922959999999875
21
-119.5665039999999948
0
LINE
8
BLACK
6
CONTINUOUS
10
204.8922959999999875
20
-119.5665039999999948
11
205.1780100000000004
21
-119.5665039999999948
0
LINE
8
BLACK
6
CONTINUOUS
10
205.1780100000000004
20
-119.5665039999999948
11
205.3684869999999876
21
-119.6617419999999896
0
LINE
8
BLACK
6
CONTINUOUS
10
206.1303920000000005
20
-121.6617419999999896
11
206.2256299999999953
21
-121.5665039999999948
0
LINE
8
BLACK
6
CONTINUOUS
10
206.2256299999999953
20
-121.5665039999999948
11
206.416105999999985
21
-121.2807899999999961
0
LINE
8
BLACK
6
CONTINUOUS
10
206.416105999999985
20
-121.2807899999999961
11
206.5113439999999798
21
-121.0903139999999922
0
LINE
8
BLACK
6
CONTINUOUS
10
206.5113439999999798
20
-121.0903139999999922
11
206.6065820000000031
21
-120.8045999999999935
0
LINE
8
BLACK
6
CONTINUOUS
10
206.6065820000000031
20
-120.8045999999999935
11
206.7018199999999979
21
-120.3284089999999935
0
LINE
8
BLACK
6
CONTINUOUS
10
206.7018199999999979
20
-120.3284089999999935
11
206.7018199999999979
21
-119.947457
0
LINE
8
BLACK
6
CONTINUOUS
10
206.7018199999999979
20
-119.947457
11
206.6065820000000031
21
-119.471266
0
LINE
8
BLACK
6
CONTINUOUS
10
206.6065820000000031
20
-119.471266
11
206.5113439999999798
21
-119.1855520000000013
0
LINE
8
BLACK
6
CONTINUOUS
10
206.5113439999999798
20
-119.1855520000000013
11
206.416105999999985
21
-118.9950759999999974
0
LINE
8
BLACK
6
CONTINUOUS
10
206.416105999999985
20
-118.9950759999999974
11
206.2256299999999953
21
-118.7093610000000012
0
LINE
8
BLACK
6
CONTINUOUS
10
206.2256299999999953
20
-118.7093610000000012
11
206.1303920000000005
21
-118.6141229999999922
0
LINE
8
BLACK
6
CONTINUOUS
10
155.4749999999999943
20
-122.125
11
156.4749999999999943
21
-123.125
0
LINE
8
BLACK
6
CONTINUOUS
10
156.4749999999999943
20
-122.125
11
155.4749999999999943
21
-123.125
0
CIRCLE
8
BLACK
10
155.9749999999999943
20
-122.625
40
0.5
0
LINE
8
BLACK
6
CONTINUOUS
10
160.1303869999999847
20
-123.5398379999999889
11
158.9875299999999925
21
-123.5398379999999889
0
LINE
8
BLACK
6
CONTINUOUS
10
159.5589579999999899
20
-123.5398379999999889
11
159.5589579999999899
21
-121.5398379999999889
0
LINE
8
BLACK
6
CONTINUOUS
10
159.5589579999999899
20
-121.5398379999999889
11
159.3684820000000002
21
-121.8255519999999876
0
LINE
8
BLACK
6
CONTINUOUS
10
159.3684820000000002
20
-121.8255519999999876
11
159.1780059999999821
21
-122.0160279999999915
0
LINE
8
BLACK
6
CONTINUOUS
10
159.1780059999999821
20
-122.0160279999999915
11
158.9875299999999925
21
-122.1112660000000005
0
LINE
8
BLACK
6
CONTINUOUS
10
160.9875299999999925
20
-123.3493609999999876
11
161.0827679999999873
21
-123.4445999999999941
0
LINE
8
BLACK
6
CONTINUOUS
10
161.0827679999999873
20
-123.4445999999999941
11
160.9875299999999925
21
-123.5398379999999889
0
LINE
8
BLACK
6
CONTINUOUS
10
160.9875299999999925
20
-123.5398379999999889
11
160.8922919999999976
21
-123.4445999999999941
0
LINE
8
BLACK
6
CONTINUOUS
10
160.8922919999999976
20
-123.4445999999999941
11
160.9875299999999925
21
-123.3493609999999876
0
LINE
8
BLACK
6
CONTINUOUS
10
160.9875299999999925
20
-123.3493609999999876
11
160.9875299999999925
21
-123.5398379999999889
0
LINE
8
BLACK
6
CONTINUOUS
10
162.3208630000000028
20
-121.5398379999999889
11
162.5113399999999899
21
-121.5398379999999889
0
LINE
8
BLACK
6
CONTINUOUS
10
162.5113399999999899
20
-121.5398379999999889
11
162.7018159999999796
21
-121.635075999999998
0
LINE
8
BLACK
6
CONTINUOUS
10
162.7018159999999796
20
-121.635075999999998
11
162.7970540000000028
21
-121.7303139999999928
0
LINE
8
BLACK
6
CONTINUOUS
10
162.7970540000000028
20
-121.7303139999999928
11
162.8922919999999976
21
-121.9207899999999967
0
LINE
8
BLACK
6
CONTINUOUS
10
162.8922919999999976
20
-121.9207899999999967
11
162.9875299999999925
21
-122.3017419999999902
0
LINE
8
BLACK
6
CONTINUOUS
10
162.9875299999999925
20
-122.3017419999999902
11
162.9875299999999925
21
-122.7779329999999902
0
LINE
8
BLACK
6
CONTINUOUS
10
162.9875299999999925
20
-122.7779329999999902
11
162.8922919999999976
21
-123.1588849999999979
0
LINE
8
BLACK
6
CONTINUOUS
10
162.8922919999999976
20
-123.1588849999999979
11
162.7970540000000028
21
-123.3493609999999876
0
LINE
8
BLACK
6
CONTINUOUS
10
162.7970540000000028
20
-123.3493609999999876
11
162.7018159999999796
21
-123.4445999999999941
0
LINE
8
BLACK
6
CONTINUOUS
10
162.7018159999999796
20
-123.4445999999999941
11
162.5113399999999899
21
-123.5398379999999889
0
LINE
8
BLACK
6
CONTINUOUS
10
162.5113399999999899
20
-123.5398379999999889
11
162.3208630000000028
21
-123.5398379999999889
0
LINE
8
BLACK
6
CONTINUOUS
10
162.3208630000000028
20
-123.5398379999999889
11
162.1303869999999847
21
-123.4445999999999941
0
LINE
8
BLACK
6
CONTINUOUS
10
162.1303869999999847
20
-123.4445999999999941
11
162.0351489999999899
21
-123.3493609999999876
0
LINE
8
BLACK
6
CONTINUOUS
10
162.0351489999999899
20
-123.3493609999999876
11
161.9399109999999951
21
-123.1588849999999979
0
LINE
8
BLACK
6
CONTINUOUS
10
161.9399109999999951
20
-123.1588849999999979
11
161.8446730000000002
21
-122.7779329999999902
0
LINE
8
BLACK
6
CONTINUOUS
10
161.8446730000000002
20
-122.7779329999999902
11
161.8446730000000002
21
-122.3017419999999902
0
LINE
8
BLACK
6
CONTINUOUS
10
161.8446730000000002
20
-122.3017419999999902
11
161.9399109999999951
21
-121.9207899999999967
0
LINE
8
BLACK
6
CONTINUOUS
10
161.9399109999999951
20
-121.9207899999999967
11
162.0351489999999899
21
-121.7303139999999928
0
LINE
8
BLACK
6
CONTINUOUS
10
162.0351489999999899
20
-121.7303139999999928
11
162.1303869999999847
21
-121.635075999999998
0
LINE
8
BLACK
6
CONTINUOUS
10
162.1303869999999847
20
-121.635075999999998
11
162.3208630000000028
21
-121.5398379999999889
0
LINE
8
BLACK
6
CONTINUOUS
10
164.2256249999999795
20
-121.5398379999999889
11
164.4161019999999951
21
-121.5398379999999889
0
LINE
8
BLACK
6
CONTINUOUS
10
164.4161019999999951
20
-121.5398379999999889
11
164.6065779999999847
21
-121.635075999999998
0
LINE
8
BLACK
6
CONTINUOUS
10
164.6065779999999847
20
-121.635075999999998
11
164.7018159999999796
21
-121.7303139999999928
0
LINE
8
BLACK
6
CONTINUOUS
10
164.7018159999999796
20
-121.7303139999999928
11
164.7970540000000028
21
-121.9207899999999967
0
LINE
8
BLACK
6
CONTINUOUS
10
164.7970540000000028
20
-121.9207899999999967
11
164.8922919999999976
21
-122.3017419999999902
0
LINE
8
BLACK
6
CONTINUOUS
10
164.8922919999999976
20
-122.3017419999999902
11
164.8922919999999976
21
-122.7779329999999902
0
LINE
8
BLACK
6
CONTINUOUS
10
164.8922919999999976
20
-122.7779329999999902
11
164.7970540000000028
21
-123.1588849999999979
0
LINE
8
BLACK
6
CONTINUOUS
10
164.7970540000000028
20
-123.1588849999999979
11
164.7018159999999796
21
-123.3493609999999876
0
LINE
8
BLACK
6
CONTINUOUS
10
164.7018159999999796
20
-123.3493609999999876
11
164.6065779999999847
21
-123.4445999999999941
0
LINE
8
BLACK
6
CONTINUOUS
10
164.6065779999999847
20
-123.4445999999999941
11
164.4161019999999951
21
-123.5398379999999889
0
LINE
8
BLACK
6
CONTINUOUS
10
164.4161019999999951
20
-123.5398379999999889
11
164.2256249999999795
21
-123.5398379999999889
0
LINE
8
BLACK
6
CONTINUOUS
10
164.2256249999999795
20
-123.5398379999999889
11
164.0351489999999899
21
-123.4445999999999941
0
LINE
8
BLACK
6
CONTINUOUS
10
164.0351489999999899
20
-123.4445999999999941
11
163.9399109999999951
21
-123.3493609999999876
0
LINE
8
BLACK
6
CONTINUOUS
10
163.9399109999999951
20
-123.3493609999999876
11
163.8446730000000002
21
-123.1588849999999979
0
LINE
8
BLACK
6
CONTINUOUS
10
163.8446730000000002
20
-123.1588849999999979
11
163.7494350000000054
21
-122.7779329999999902
0
LINE
8
BLACK
6
CONTINUOUS
10
163.7494350000000054
20
-122.7779329999999902
11
163.7494350000000054
21
-122.3017419999999902
0
LINE
8
BLACK
6
CONTINUOUS
10
163.7494350000000054
20
-122.3017419999999902
11
163.8446730000000002
21
-121.9207899999999967
0
LINE
8
BLACK
6
CONTINUOUS
10
163.8446730000000002
20
-121.9207899999999967
11
163.9399109999999951
21
-121.7303139999999928
0
LINE
8
BLACK
6
CONTINUOUS
10
163.9399109999999951
20
-121.7303139999999928
11
164.0351489999999899
21
-121.635075999999998
0
LINE
8
BLACK
6
CONTINUOUS
10
164.0351489999999899
20
-121.635075999999998
11
164.2256249999999795
21
-121.5398379999999889
0
LINE
8
BLACK
6
CONTINUOUS
10
166.1303869999999847
20
-121.5398379999999889
11
166.3208640000000003
21
-121.5398379999999889
0
LINE
8
BLACK
6
CONTINUOUS
10
166.3208640000000003
20
-121.5398379999999889
11
166.5113399999999899
21
-121.635075999999998
0
LINE
8
BLACK
6
CONTINUOUS
10
166.5113399999999899
20
-121.635075999999998
11
166.6065779999999847
21
-121.7303139999999928
0
LINE
8
BLACK
6
CONTINUOUS
10
166.6065779999999847
20
-121.7303139999999928
11
166.7018159999999796
21
-121.9207899999999967
0
LINE
8
BLACK
6
CONTINUOUS
10
166.7018159999999796
20
-121.9207899999999967
11
166.7970540000000028
21
-122.3017419999999902
0
LINE
8
BLACK
6
CONTINUOUS
10
166.7970540000000028
20
-122.3017419999999902
11
166.7970540000000028
21
-122.7779329999999902
0
LINE
8
BLACK
6
CONTINUOUS
10
166.7970540000000028
20
-122.7779329999999902
11
166.7018159999999796
21
-123.1588849999999979
0
LINE
8
BLACK
6
CONTINUOUS
10
166.7018159999999796
20
-123.1588849999999979
11
166.6065779999999847
21
-123.3493609999999876
0
LINE
8
BLACK
6
CONTINUOUS
10
166.6065779999999847
20
-123.3493609999999876
11
166.5113399999999899
21
-123.4445999999999941
0
LINE
8
BLACK
6
CONTINUOUS
10
166.5113399999999899
20
-123.4445999999999941
11
166.3208640000000003
21
-123.5398379999999889
0
LINE
8
BLACK
6
CONTINUOUS
10
166.3208640000000003
20
-123.5398379999999889
11
166.1303869999999847
21
-123.5398379999999889
0
LINE
8
BLACK
6
CONTINUOUS
10
166.1303869999999847
20
-123.5398379999999889
11
165.9399109999999951
21
-123.4445999999999941
0
LINE
8
BLACK
6
CONTINUOUS
10
165.9399109999999951
20
-123.4445999999999941
11
165.8446730000000002
21
-123.3493609999999876
0
LINE
8
BLACK
6
CONTINUOUS
10
165.8446730000000002
20
-123.3493609999999876
11
165.7494350000000054
21
-123.1588849999999979
0
LINE
8
BLACK
6
CONTINUOUS
10
165.7494350000000054
20
-123.1588849999999979
11
165.6541969999999822
21
-122.7779329999999902
0
LINE
8
BLACK
6
CONTINUOUS
10
165.6541969999999822
20
-122.7779329999999902
11
165.6541969999999822
21
-122.3017419999999902
0
LINE
8
BLACK
6
CONTINUOUS
10
165.6541969999999822
20
-122.3017419999999902
11
165.7494350000000054
21
-121.9207899999999967
0
LINE
8
BLACK
6
CONTINUOUS
10
165.7494350000000054
20
-121.9207899999999967
11
165.8446730000000002
21
-121.7303139999999928
0
LINE
8
BLACK
6
CONTINUOUS
10
165.8446730000000002
20
-121.7303139999999928
11
165.9399109999999951
21
-121.635075999999998
0
LINE
8
BLACK
6
CONTINUOUS
10
165.9399109999999951
20
-121.635075999999998
11
166.1303869999999847
21
-121.5398379999999889
0
LINE
8
BLACK
6
CONTINUOUS
10
167.6541969999999822
20
-123.5398379999999889
11
167.6541969999999822
21
-122.2065039999999954
0
LINE
8
BLACK
6
CONTINUOUS
10
167.6541969999999822
20
-122.3969799999999992
11
167.7494350000000054
21
-122.3017419999999902
0
LINE
8
BLACK
6
CONTINUOUS
10
167.7494350000000054
20
-122.3017419999999902
11
167.9399109999999951
21
-122.2065039999999954
0
LINE
8
BLACK
6
CONTINUOUS
10
167.9399109999999951
20
-122.2065039999999954
11
168.2256260000000054
21
-122.2065039999999954
0
LINE
8
BLACK
6
CONTINUOUS
10
168.2256260000000054
20
-122.2065039999999954
11
168.4161019999999951
21
-122.3017419999999902
0
LINE
8
BLACK
6
CONTINUOUS
10
168.4161019999999951
20
-122.3017419999999902
11
168.5113399999999899
21
-122.4922189999999915
0
LINE
8
BLACK
6
CONTINUOUS
10
168.5113399999999899
20
-122.4922189999999915
11
168.5113399999999899
21
-123.5398379999999889
0
LINE
8
BLACK
6
CONTINUOUS
10
168.5113399999999899
20
-122.4922189999999915
11
168.6065779999999847
21
-122.3017419999999902
0
LINE
8
BLACK
6
CONTINUOUS
10
168.6065779999999847
20
-122.3017419999999902
11
168.7970540000000028
21
-122.2065039999999954
0
LINE
8
BLACK
6
CONTINUOUS
10
168.7970540000000028
20
-122.2065039999999954
11
169.0827679999999873
21
-122.2065039999999954
0
LINE
8
BLACK
6
CONTINUOUS
10
169.0827679999999873
20
-122.2065039999999954
11
169.2732450000000028
21
-122.3017419999999902
0
LINE
8
BLACK
6
CONTINUOUS
10
169.2732450000000028
20
-122.3017419999999902
11
169.3684829999999977
21
-122.4922189999999915
0
LINE
8
BLACK
6
CONTINUOUS
10
169.3684829999999977
20
-122.4922189999999915
11
169.3684829999999977
21
-123.5398379999999889
0
LINE
8
BLACK
6
CONTINUOUS
10
170.3208640000000003
20
-123.5398379999999889
11
170.3208640000000003
21
-122.2065039999999954
0
LINE
8
BLACK
6
CONTINUOUS
10
170.3208640000000003
20
-122.3969799999999992
11
170.4161019999999951
21
-122.3017419999999902
0
LINE
8
BLACK
6
CONTINUOUS
10
170.4161019999999951
20
-122.3017419999999902
11
170.6065779999999847
21
-122.2065039999999954
0
LINE
8
BLACK
6
CONTINUOUS
10
170.6065779999999847
20
-122.2065039999999954
11
170.8922929999999951
21
-122.2065039999999954
0
LINE
8
BLACK
6
CONTINUOUS
10
170.8922929999999951
20
-122.2065039999999954
11
171.0827689999999848
21
-122.3017419999999902
0
LINE
8
BLACK
6
CONTINUOUS
10
171.0827689999999848
20
-122.3017419999999902
11
171.1780069999999796
21
-122.4922189999999915
0
LINE
8
BLACK
6
CONTINUOUS
10
171.1780069999999796
20
-122.4922189999999915
11
171.1780069999999796
21
-123.5398379999999889
0
LINE
8
BLACK
6
CONTINUOUS
10
171.1780069999999796
20
-122.4922189999999915
11
171.2732450000000028
21
-122.3017419999999902
0
LINE
8
BLACK
6
CONTINUOUS
10
171.2732450000000028
20
-122.3017419999999902
11
171.4637209999999925
21
-122.2065039999999954
0
LINE
8
BLACK
6
CONTINUOUS
10
171.4637209999999925
20
-122.2065039999999954
11
171.7494350000000054
21
-122.2065039999999954
0
LINE
8
BLACK
6
CONTINUOUS
10
171.7494350000000054
20
-122.2065039999999954
11
171.9399119999999925
21
-122.3017419999999902
0
LINE
8
BLACK
6
CONTINUOUS
10
171.9399119999999925
20
-122.3017419999999902
11
172.0351499999999874
21
-122.4922189999999915
0
LINE
8
BLACK
6
CONTINUOUS
10
172.0351499999999874
20
-122.4922189999999915
11
172.0351499999999874
21
-123.5398379999999889
0
LINE
8
BLACK
6
CONTINUOUS
10
175.9399119999999925
20
-121.4445999999999941
11
174.2256270000000029
21
-124.0160279999999915
0
LINE
8
BLACK
6
CONTINUOUS
10
178.5113409999999874
20
-121.5398379999999889
11
178.7018180000000029
21
-121.5398379999999889
0
LINE
8
BLACK
6
CONTINUOUS
10
178.7018180000000029
20
-121.5398379999999889
11
178.8922939999999926
21
-121.635075999999998
0
LINE
8
BLACK
6
CONTINUOUS
10
178.8922939999999926
20
-121.635075999999998
11
178.9875319999999874
21
-121.7303139999999928
0
LINE
8
BLACK
6
CONTINUOUS
10
178.9875319999999874
20
-121.7303139999999928
11
179.0827699999999822
21
-121.9207899999999967
0
LINE
8
BLACK
6
CONTINUOUS
10
179.0827699999999822
20
-121.9207899999999967
11
179.1780080000000055
21
-122.3017419999999902
0
LINE
8
BLACK
6
CONTINUOUS
10
179.1780080000000055
20
-122.3017419999999902
11
179.1780080000000055
21
-122.7779329999999902
0
LINE
8
BLACK
6
CONTINUOUS
10
179.1780080000000055
20
-122.7779329999999902
11
179.0827699999999822
21
-123.1588849999999979
0
LINE
8
BLACK
6
CONTINUOUS
10
179.0827699999999822
20
-123.1588849999999979
11
178.9875319999999874
21
-123.3493609999999876
0
LINE
8
BLACK
6
CONTINUOUS
10
178.9875319999999874
20
-123.3493609999999876
11
178.8922939999999926
21
-123.4445999999999941
0
LINE
8
BLACK
6
CONTINUOUS
10
178.8922939999999926
20
-123.4445999999999941
11
178.7018180000000029
21
-123.5398379999999889
0
LINE
8
BLACK
6
CONTINUOUS
10
178.7018180000000029
20
-123.5398379999999889
11
178.5113409999999874
21
-123.5398379999999889
0
LINE
8
BLACK
6
CONTINUOUS
10
178.5113409999999874
20
-123.5398379999999889
11
178.3208649999999977
21
-123.4445999999999941
0
LINE
8
BLACK
6
CONTINUOUS
10
178.3208649999999977
20
-123.4445999999999941
11
178.2256270000000029
21
-123.3493609999999876
0
LINE
8
BLACK
6
CONTINUOUS
10
178.2256270000000029
20
-123.3493609999999876
11
178.1303889999999797
21
-123.1588849999999979
0
LINE
8
BLACK
6
CONTINUOUS
10
178.1303889999999797
20
-123.1588849999999979
11
178.0351509999999848
21
-122.7779329999999902
0
LINE
8
BLACK
6
CONTINUOUS
10
178.0351509999999848
20
-122.7779329999999902
11
178.0351509999999848
21
-122.3017419999999902
0
LINE
8
BLACK
6
CONTINUOUS
10
178.0351509999999848
20
-122.3017419999999902
11
178.1303889999999797
21
-121.9207899999999967
0
LINE
8
BLACK
6
CONTINUOUS
10
178.1303889999999797
20
-121.9207899999999967
11
178.2256270000000029
21
-121.7303139999999928
0
LINE
8
BLACK
6
CONTINUOUS
10
178.2256270000000029
20
-121.7303139999999928
11
178.3208649999999977
21
-121.635075999999998
0
LINE
8
BLACK
6
CONTINUOUS
10
178.3208649999999977
20
-121.635075999999998
11
178.5113409999999874
21
-121.5398379999999889
0
LINE
8
BLACK
6
CONTINUOUS
10
180.0351509999999848
20
-123.3493609999999876
11
180.1303889999999797
21
-123.4445999999999941
0
LINE
8
BLACK
6
CONTINUOUS
10
180.1303889999999797
20
-123.4445999999999941
11
180.0351509999999848
21
-123.5398379999999889
0
LINE
8
BLACK
6
CONTINUOUS
10
180.0351509999999848
20
-123.5398379999999889
11
179.93991299999999
21
-123.4445999999999941
0
LINE
8
BLACK
6
CONTINUOUS
10
179.93991299999999
20
-123.4445999999999941
11
180.0351509999999848
21
-123.3493609999999876
0
LINE
8
BLACK
6
CONTINUOUS
10
180.0351509999999848
20
-123.3493609999999876
11
180.0351509999999848
21
-123.5398379999999889
0
LINE
8
BLACK
6
CONTINUOUS
10
181.3684839999999951
20
-121.5398379999999889
11
181.5589609999999823
21
-121.5398379999999889
0
LINE
8
BLACK
6
CONTINUOUS
10
181.5589609999999823
20
-121.5398379999999889
11
181.7494370000000004
21
-121.635075999999998
0
LINE
8
BLACK
6
CONTINUOUS
10
181.7494370000000004
20
-121.635075999999998
11
181.8446749999999952
21
-121.7303139999999928
0
LINE
8
BLACK
6
CONTINUOUS
10
181.8446749999999952
20
-121.7303139999999928
11
181.93991299999999
21
-121.9207899999999967
0
LINE
8
BLACK
6
CONTINUOUS
10
181.93991299999999
20
-121.9207899999999967
11
182.0351509999999848
21
-122.3017419999999902
0
LINE
8
BLACK
6
CONTINUOUS
10
182.0351509999999848
20
-122.3017419999999902
11
182.0351509999999848
21
-122.7779329999999902
0
LINE
8
BLACK
6
CONTINUOUS
10
182.0351509999999848
20
-122.7779329999999902
11
181.93991299999999
21
-123.1588849999999979
0
LINE
8
BLACK
6
CONTINUOUS
10
181.93991299999999
20
-123.1588849999999979
11
181.8446749999999952
21
-123.3493609999999876
0
LINE
8
BLACK
6
CONTINUOUS
10
181.8446749999999952
20
-123.3493609999999876
11
181.7494370000000004
21
-123.4445999999999941
0
LINE
8
BLACK
6
CONTINUOUS
10
181.7494370000000004
20
-123.4445999999999941
11
181.5589609999999823
21
-123.5398379999999889
0
LINE
8
BLACK
6
CONTINUOUS
10
181.5589609999999823
20
-123.5398379999999889
11
181.3684839999999951
21
-123.5398379999999889
0
LINE
8
BLACK
6
CONTINUOUS
10
181.3684839999999951
20
-123.5398379999999889
11
181.1780080000000055
21
-123.4445999999999941
0
LINE
8
BLACK
6
CONTINUOUS
10
181.1780080000000055
20
-123.4445999999999941
11
181.0827699999999822
21
-123.3493609999999876
0
LINE
8
BLACK
6
CONTINUOUS
10
181.0827699999999822
20
-123.3493609999999876
11
180.9875319999999874
21
-123.1588849999999979
0
LINE
8
BLACK
6
CONTINUOUS
10
180.9875319999999874
20
-123.1588849999999979
11
180.8922939999999926
21
-122.7779329999999902
0
LINE
8
BLACK
6
CONTINUOUS
10
180.8922939999999926
20
-122.7779329999999902
11
180.8922939999999926
21
-122.3017419999999902
0
LINE
8
BLACK
6
CONTINUOUS
10
180.8922939999999926
20
-122.3017419999999902
11
180.9875319999999874
21
-121.9207899999999967
0
LINE
8
BLACK
6
CONTINUOUS
10
180.9875319999999874
20
-121.9207899999999967
11
181.0827699999999822
21
-121.7303139999999928
0
LINE
8
BLACK
6
CONTINUOUS
10
181.0827699999999822
20
-121.7303139999999928
11
181.1780080000000055
21
-121.635075999999998
0
LINE
8
BLACK
6
CONTINUOUS
10
181.1780080000000055
20
-121.635075999999998
11
181.3684839999999951
21
-121.5398379999999889
0
LINE
8
BLACK
6
CONTINUOUS
10
182.7018180000000029
20
-121.5398379999999889
11
183.93991299999999
21
-121.5398379999999889
0
LINE
8
BLACK
6
CONTINUOUS
10
183.93991299999999
20
-121.5398379999999889
11
183.2732460000000003
21
-122.3017419999999902
0
LINE
8
BLACK
6
CONTINUOUS
10
183.2732460000000003
20
-122.3017419999999902
11
183.5589609999999823
21
-122.3017419999999902
0
LINE
8
BLACK
6
CONTINUOUS
10
183.5589609999999823
20
-122.3017419999999902
11
183.7494370000000004
21
-122.3969799999999992
0
LINE
8
BLACK
6
CONTINUOUS
10
183.7494370000000004
20
-122.3969799999999992
11
183.8446749999999952
21
-122.4922189999999915
0
LINE
8
BLACK
6
CONTINUOUS
10
183.8446749999999952
20
-122.4922189999999915
11
183.93991299999999
21
-122.6826949999999954
0
LINE
8
BLACK
6
CONTINUOUS
10
183.93991299999999
20
-122.6826949999999954
11
183.93991299999999
21
-123.1588849999999979
0
LINE
8
BLACK
6
CONTINUOUS
10
183.93991299999999
20
-123.1588849999999979
11
183.8446749999999952
21
-123.3493609999999876
0
LINE
8
BLACK
6
CONTINUOUS
10
183.8446749999999952
20
-123.3493609999999876
11
183.7494370000000004
21
-123.4445999999999941
0
LINE
8
BLACK
6
CONTINUOUS
10
183.7494370000000004
20
-123.4445999999999941
11
183.5589609999999823
21
-123.5398379999999889
0
LINE
8
BLACK
6
CONTINUOUS
10
183.5589609999999823
20
-123.5398379999999889
11
182.9875319999999874
21
-123.5398379999999889
0
LINE
8
BLACK
6
CONTINUOUS
10
182.9875319999999874
20
-123.5398379999999889
11
182.7970559999999978
21
-123.4445999999999941
0
LINE
8
BLACK
6
CONTINUOUS
10
182.7970559999999978
20
-123.4445999999999941
11
182.7018180000000029
21
-123.3493609999999876
0
LINE
8
BLACK
6
CONTINUOUS
10
184.8922939999999926
20
-123.5398379999999889
11
185.2732460000000003
21
-123.5398379999999889
0
LINE
8
BLACK
6
CONTINUOUS
10
185.2732460000000003
20
-123.5398379999999889
11
185.4637229999999875
21
-123.4445999999999941
0
LINE
8
BLACK
6
CONTINUOUS
10
185.4637229999999875
20
-123.4445999999999941
11
185.5589609999999823
21
-123.3493609999999876
0
LINE
8
BLACK
6
CONTINUOUS
10
185.5589609999999823
20
-123.3493609999999876
11
185.7494370000000004
21
-123.0636469999999889
0
LINE
8
BLACK
6
CONTINUOUS
10
185.7494370000000004
20
-123.0636469999999889
11
185.8446749999999952
21
-122.6826949999999954
0
LINE
8
BLACK
6
CONTINUOUS
10
185.8446749999999952
20
-122.6826949999999954
11
185.8446749999999952
21
-121.9207899999999967
0
LINE
8
BLACK
6
CONTINUOUS
10
185.8446749999999952
20
-121.9207899999999967
11
185.7494370000000004
21
-121.7303139999999928
0
LINE
8
BLACK
6
CONTINUOUS
10
185.7494370000000004
20
-121.7303139999999928
11
185.6541990000000055
21
-121.635075999999998
0
LINE
8
BLACK
6
CONTINUOUS
10
185.6541990000000055
20
-121.635075999999998
11
185.4637229999999875
21
-121.5398379999999889
0
LINE
8
BLACK
6
CONTINUOUS
10
185.4637229999999875
20
-121.5398379999999889
11
185.0827699999999822
21
-121.5398379999999889
0
LINE
8
BLACK
6
CONTINUOUS
10
185.0827699999999822
20
-121.5398379999999889
11
184.8922939999999926
21
-121.635075999999998
0
LINE
8
BLACK
6
CONTINUOUS
10
184.8922939999999926
20
-121.635075999999998
11
184.7970559999999978
21
-121.7303139999999928
0
LINE
8
BLACK
6
CONTINUOUS
10
184.7970559999999978
20
-121.7303139999999928
11
184.7018180000000029
21
-121.9207899999999967
0
LINE
8
BLACK
6
CONTINUOUS
10
184.7018180000000029
20
-121.9207899999999967
11
184.7018180000000029
21
-122.3969799999999992
0
LINE
8
BLACK
6
CONTINUOUS
10
184.7018180000000029
20
-122.3969799999999992
11
184.7970559999999978
21
-122.5874570000000006
0
LINE
8
BLACK
6
CONTINUOUS
10
184.7970559999999978
20
-122.5874570000000006
11
184.8922939999999926
21
-122.6826949999999954
0
LINE
8
BLACK
6
CONTINUOUS
10
184.8922939999999926
20
-122.6826949999999954
11
185.0827699999999822
21
-122.7779329999999902
0
LINE
8
BLACK
6
CONTINUOUS
10
185.0827699999999822
20
-122.7779329999999902
11
185.4637229999999875
21
-122.7779329999999902
0
LINE
8
BLACK
6
CONTINUOUS
10
185.4637229999999875
20
-122.7779329999999902
11
185.6541990000000055
21
-122.6826949999999954
0
LINE
8
BLACK
6
CONTINUOUS
10
185.6541990000000055
20
-122.6826949999999954
11
185.7494370000000004
21
-122.5874570000000006
0
LINE
8
BLACK
6
CONTINUOUS
10
185.7494370000000004
20
-122.5874570000000006
11
185.8446749999999952
21
-122.3969799999999992
0
LINE
8
BLACK
6
CONTINUOUS
10
187.5589609999999823
20
-122.2065039999999954
11
187.5589609999999823
21
-123.5398379999999889
0
LINE
8
BLACK
6
CONTINUOUS
10
187.0827699999999822
20
-121.4445999999999941
11
186.6065799999999797
21
-122.8731709999999993
0
LINE
8
BLACK
6
CONTINUOUS
10
186.6065799999999797
20
-122.8731709999999993
11
187.8446749999999952
21
-122.8731709999999993
0
LINE
8
BLACK
6
CONTINUOUS
10
188.5113419999999849
20
-121.5398379999999889
11
188.5113419999999849
21
-121.9207899999999967
0
LINE
8
BLACK
6
CONTINUOUS
10
189.2732469999999978
20
-121.5398379999999889
11
189.2732469999999978
21
-121.9207899999999967
0
LINE
8
BLACK
6
CONTINUOUS
10
192.2256289999999979
20
-124.3017419999999902
11
192.1303899999999771
21
-124.2065039999999954
0
LINE
8
BLACK
6
CONTINUOUS
10
192.1303899999999771
20
-124.2065039999999954
11
191.9399139999999875
21
-123.9207899999999967
0
LINE
8
BLACK
6
CONTINUOUS
10
191.9399139999999875
20
-123.9207899999999967
11
191.8446759999999927
21
-123.7303139999999928
0
LINE
8
BLACK
6
CONTINUOUS
10
191.8446759999999927
20
-123.7303139999999928
11
191.7494379999999978
21
-123.4445999999999941
0
LINE
8
BLACK
6
CONTINUOUS
10
191.7494379999999978
20
-123.4445999999999941
11
191.654200000000003
21
-122.9684089999999941
0
LINE
8
BLACK
6
CONTINUOUS
10
191.654200000000003
20
-122.9684089999999941
11
191.654200000000003
21
-122.5874570000000006
0
LINE
8
BLACK
6
CONTINUOUS
10
191.654200000000003
20
-122.5874570000000006
11
191.7494379999999978
21
-122.1112660000000005
0
LINE
8
BLACK
6
CONTINUOUS
10
191.7494379999999978
20
-122.1112660000000005
11
191.8446759999999927
21
-121.8255519999999876
0
LINE
8
BLACK
6
CONTINUOUS
10
191.8446759999999927
20
-121.8255519999999876
11
191.9399139999999875
21
-121.635075999999998
0
LINE
8
BLACK
6
CONTINUOUS
10
191.9399139999999875
20
-121.635075999999998
11
192.1303899999999771
21
-121.3493609999999876
0
LINE
8
BLACK
6
CONTINUOUS
10
192.1303899999999771
20
-121.3493609999999876
11
192.2256289999999979
21
-121.2541229999999928
0
LINE
8
BLACK
6
CONTINUOUS
10
194.0351519999999823
20
-123.5398379999999889
11
192.8922949999999901
21
-123.5398379999999889
0
LINE
8
BLACK
6
CONTINUOUS
10
193.4637229999999875
20
-123.5398379999999889
11
193.4637229999999875
21
-121.5398379999999889
0
LINE
8
BLACK
6
CONTINUOUS
10
193.4637229999999875
20
-121.5398379999999889
11
193.2732469999999978
21
-121.8255519999999876
0
LINE
8
BLACK
6
CONTINUOUS
10
193.2732469999999978
20
-121.8255519999999876
11
193.0827709999999797
21
-122.0160279999999915
0
LINE
8
BLACK
6
CONTINUOUS
10
193.0827709999999797
20
-122.0160279999999915
11
192.8922949999999901
21
-122.1112660000000005
0
LINE
8
BLACK
6
CONTINUOUS
10
194.7018190000000004
20
-121.5398379999999889
11
196.0351519999999823
21
-121.5398379999999889
0
LINE
8
BLACK
6
CONTINUOUS
10
196.0351519999999823
20
-121.5398379999999889
11
195.178009000000003
21
-123.5398379999999889
0
LINE
8
BLACK
6
CONTINUOUS
10
198.3208669999999927
20
-123.5398379999999889
11
198.3208669999999927
21
-121.5398379999999889
0
LINE
8
BLACK
6
CONTINUOUS
10
199.1780100000000004
20
-123.5398379999999889
11
199.1780100000000004
21
-122.4922189999999915
0
LINE
8
BLACK
6
CONTINUOUS
10
199.1780100000000004
20
-122.4922189999999915
11
199.0827719999999772
21
-122.3017419999999902
0
LINE
8
BLACK
6
CONTINUOUS
10
199.0827719999999772
20
-122.3017419999999902
11
198.8922959999999875
21
-122.2065039999999954
0
LINE
8
BLACK
6
CONTINUOUS
10
198.8922959999999875
20
-122.2065039999999954
11
198.6065809999999772
21
-122.2065039999999954
0
LINE
8
BLACK
6
CONTINUOUS
10
198.6065809999999772
20
-122.2065039999999954
11
198.4161049999999875
21
-122.3017419999999902
0
LINE
8
BLACK
6
CONTINUOUS
10
198.4161049999999875
20
-122.3017419999999902
11
198.3208669999999927
21
-122.3969799999999992
0
LINE
8
BLACK
6
CONTINUOUS
10
200.4161049999999875
20
-123.5398379999999889
11
200.2256289999999979
21
-123.4445999999999941
0
LINE
8
BLACK
6
CONTINUOUS
10
200.2256289999999979
20
-123.4445999999999941
11
200.130391000000003
21
-123.3493609999999876
0
LINE
8
BLACK
6
CONTINUOUS
10
200.130391000000003
20
-123.3493609999999876
11
200.0351529999999798
21
-123.1588849999999979
0
LINE
8
BLACK
6
CONTINUOUS
10
200.0351529999999798
20
-123.1588849999999979
11
200.0351529999999798
21
-122.5874570000000006
0
LINE
8
BLACK
6
CONTINUOUS
10
200.0351529999999798
20
-122.5874570000000006
11
200.130391000000003
21
-122.3969799999999992
0
LINE
8
BLACK
6
CONTINUOUS
10
200.130391000000003
20
-122.3969799999999992
11
200.2256289999999979
21
-122.3017419999999902
0
LINE
8
BLACK
6
CONTINUOUS
10
200.2256289999999979
20
-122.3017419999999902
11
200.4161049999999875
21
-122.2065039999999954
0
LINE
8
BLACK
6
CONTINUOUS
10
200.4161049999999875
20
-122.2065039999999954
11
200.7018199999999979
21
-122.2065039999999954
0
LINE
8
BLACK
6
CONTINUOUS
10
200.7018199999999979
20
-122.2065039999999954
11
200.8922959999999875
21
-122.3017419999999902
0
LINE
8
BLACK
6
CONTINUOUS
10
200.8922959999999875
20
-122.3017419999999902
11
200.9875339999999824
21
-122.3969799999999992
0
LINE
8
BLACK
6
CONTINUOUS
10
200.9875339999999824
20
-122.3969799999999992
11
201.0827719999999772
21
-122.5874570000000006
0
LINE
8
BLACK
6
CONTINUOUS
10
201.0827719999999772
20
-122.5874570000000006
11
201.0827719999999772
21
-123.1588849999999979
0
LINE
8
BLACK
6
CONTINUOUS
10
201.0827719999999772
20
-123.1588849999999979
11
200.9875339999999824
21
-123.3493609999999876
0
LINE
8
BLACK
6
CONTINUOUS
10
200.9875339999999824
20
-123.3493609999999876
11
200.8922959999999875
21
-123.4445999999999941
0
LINE
8
BLACK
6
CONTINUOUS
10
200.8922959999999875
20
-123.4445999999999941
11
200.7018199999999979
21
-123.5398379999999889
0
LINE
8
BLACK
6
CONTINUOUS
10
200.7018199999999979
20
-123.5398379999999889
11
200.4161049999999875
21
-123.5398379999999889
0
LINE
8
BLACK
6
CONTINUOUS
10
202.2256289999999979
20
-123.5398379999999889
11
202.0351529999999798
21
-123.4445999999999941
0
LINE
8
BLACK
6
CONTINUOUS
10
202.0351529999999798
20
-123.4445999999999941
11
201.939914999999985
21
-123.2541229999999928
0
LINE
8
BLACK
6
CONTINUOUS
10
201.939914999999985
20
-123.2541229999999928
11
201.939914999999985
21
-121.5398379999999889
0
LINE
8
BLACK
6
CONTINUOUS
10
203.7494389999999953
20
-123.4445999999999941
11
203.5589629999999772
21
-123.5398379999999889
0
LINE
8
BLACK
6
CONTINUOUS
10
203.5589629999999772
20
-123.5398379999999889
11
203.1780100000000004
21
-123.5398379999999889
0
LINE
8
BLACK
6
CONTINUOUS
10
203.1780100000000004
20
-123.5398379999999889
11
202.9875339999999824
21
-123.4445999999999941
0
LINE
8
BLACK
6
CONTINUOUS
10
202.9875339999999824
20
-123.4445999999999941
11
202.8922959999999875
21
-123.2541229999999928
0
LINE
8
BLACK
6
CONTINUOUS
10
202.8922959999999875
20
-123.2541229999999928
11
202.8922959999999875
21
-122.4922189999999915
0
LINE
8
BLACK
6
CONTINUOUS
10
202.8922959999999875
20
-122.4922189999999915
11
202.9875339999999824
21
-122.3017419999999902
0
LINE
8
BLACK
6
CONTINUOUS
10
202.9875339999999824
20
-122.3017419999999902
11
203.1780100000000004
21
-122.2065039999999954
0
LINE
8
BLACK
6
CONTINUOUS
10
203.1780100000000004
20
-122.2065039999999954
11
203.5589629999999772
21
-122.2065039999999954
0
LINE
8
BLACK
6
CONTINUOUS
10
203.5589629999999772
20
-122.2065039999999954
11
203.7494389999999953
21
-122.3017419999999902
0
LINE
8
BLACK
6
CONTINUOUS
10
203.7494389999999953
20
-122.3017419999999902
11
203.8446769999999901
21
-122.4922189999999915
0
LINE
8
BLACK
6
CONTINUOUS
10
203.8446769999999901
20
-122.4922189999999915
11
203.8446769999999901
21
-122.6826949999999954
0
LINE
8
BLACK
6
CONTINUOUS
10
203.8446769999999901
20
-122.6826949999999954
11
202.8922959999999875
21
-122.8731709999999993
0
LINE
8
BLACK
6
CONTINUOUS
10
204.6065820000000031
20
-123.4445999999999941
11
204.7970579999999927
21
-123.5398379999999889
0
LINE
8
BLACK
6
CONTINUOUS
10
204.7970579999999927
20
-123.5398379999999889
11
205.1780100000000004
21
-123.5398379999999889
0
LINE
8
BLACK
6
CONTINUOUS
10
205.1780100000000004
20
-123.5398379999999889
11
205.3684869999999876
21
-123.4445999999999941
0
LINE
8
BLACK
6
CONTINUOUS
10
205.3684869999999876
20
-123.4445999999999941
11
205.4637249999999824
21
-123.2541229999999928
0
LINE
8
BLACK
6
CONTINUOUS
10
205.4637249999999824
20
-123.2541229999999928
11
205.4637249999999824
21
-123.1588849999999979
0
LINE
8
BLACK
6
CONTINUOUS
10
205.4637249999999824
20
-123.1588849999999979
11
205.3684869999999876
21
-122.9684089999999941
0
LINE
8
BLACK
6
CONTINUOUS
10
205.3684869999999876
20
-122.9684089999999941
11
205.1780100000000004
21
-122.8731709999999993
0
LINE
8
BLACK
6
CONTINUOUS
10
205.1780100000000004
20
-122.8731709999999993
11
204.8922959999999875
21
-122.8731709999999993
0
LINE
8
BLACK
6
CONTINUOUS
10
204.8922959999999875
20
-122.8731709999999993
11
204.7018199999999979
21
-122.7779329999999902
0
LINE
8
BLACK
6
CONTINUOUS
10
204.7018199999999979
20
-122.7779329999999902
11
204.6065820000000031
21
-122.5874570000000006
0
LINE
8
BLACK
6
CONTINUOUS
10
204.6065820000000031
20
-122.5874570000000006
11
204.6065820000000031
21
-122.4922189999999915
0
LINE
8
BLACK
6
CONTINUOUS
10
204.6065820000000031
20
-122.4922189999999915
11
204.7018199999999979
21
-122.3017419999999902
0
LINE
8
BLACK
6
CONTINUOUS
10
204.7018199999999979
20
-122.3017419999999902
11
204.8922959999999875
21
-122.2065039999999954
0
LINE
8
BLACK
6
CONTINUOUS
10
204.8922959999999875
20
-122.2065039999999954
11
205.1780100000000004
21
-122.2065039999999954
0
LINE
8
BLACK
6
CONTINUOUS
10
205.1780100000000004
20
-122.2065039999999954
11
205.3684869999999876
21
-122.3017419999999902
0
LINE
8
BLACK
6
CONTINUOUS
10
206.1303920000000005
20
-124.3017419999999902
11
206.2256299999999953
21
-124.2065039999999954
0
LINE
8
BLACK
6
CONTINUOUS
10
206.2256299999999953
20
-124.2065039999999954
11
206.416105999999985
21
-123.9207899999999967
0
LINE
8
BLACK
6
CONTINUOUS
10
206.416105999999985
20
-123.9207899999999967
11
206.5113439999999798
21
-123.7303139999999928
0
LINE
8
BLACK
6
CONTINUOUS
10
206.5113439999999798
20
-123.7303139999999928
11
206.6065820000000031
21
-123.4445999999999941
0
LINE
8
BLACK
6
CONTINUOUS
10
206.6065820000000031
20
-123.4445999999999941
11
206.7018199999999979
21
-122.9684089999999941
0
LINE
8
BLACK
6
CONTINUOUS
10
206.7018199999999979
20
-122.9684089999999941
11
206.7018199999999979
21
-122.5874570000000006
0
LINE
8
BLACK
6
CONTINUOUS
10
206.7018199999999979
20
-122.5874570000000006
11
206.6065820000000031
21
-122.1112660000000005
0
LINE
8
BLACK
6
CONTINUOUS
10
206.6065820000000031
20
-122.1112660000000005
11
206.5113439999999798
21
-121.8255519999999876
0
LINE
8
BLACK
6
CONTINUOUS
10
206.5113439999999798
20
-121.8255519999999876
11
206.416105999999985
21
-121.635075999999998
0
LINE
8
BLACK
6
CONTINUOUS
10
206.416105999999985
20
-121.635075999999998
11
206.2256299999999953
21
-121.3493609999999876
0
LINE
8
BLACK
6
CONTINUOUS
10
206.2256299999999953
20
-121.3493609999999876
11
206.1303920000000005
21
-121.2541229999999928
0
LINE
8
BLACK
6
CONTINUOUS
10
155.375
20
-124.7149999999999892
11
156.4749999999999943
21
-125.8149999999999977
0
LINE
8
BLACK
6
CONTINUOUS
10
156.4749999999999943
20
-124.7149999999999892
11
155.375
21
-125.8149999999999977
0
LINE
8
BLACK
6
CONTINUOUS
10
155.9249999999999829
20
-124.7149999999999892
11
155.9249999999999829
21
-125.8149999999999977
0
LINE
8
BLACK
6
CONTINUOUS
10
155.375
20
-125.2650000000000006
11
156.4749999999999943
21
-125.2650000000000006
0
LINE
8
BLACK
6
CONTINUOUS
10
160.1303869999999847
20
-126.1798379999999895
11
158.9875299999999925
21
-126.1798379999999895
0
LINE
8
BLACK
6
CONTINUOUS
10
159.5589579999999899
20
-126.1798379999999895
11
159.5589579999999899
21
-124.1798379999999895
0
LINE
8
BLACK
6
CONTINUOUS
10
159.5589579999999899
20
-124.1798379999999895
11
159.3684820000000002
21
-124.4655519999999882
0
LINE
8
BLACK
6
CONTINUOUS
10
159.3684820000000002
20
-124.4655519999999882
11
159.1780059999999821
21
-124.6560279999999921
0
LINE
8
BLACK
6
CONTINUOUS
10
159.1780059999999821
20
-124.6560279999999921
11
158.9875299999999925
21
-124.7512660000000011
0
LINE
8
BLACK
6
CONTINUOUS
10
160.9875299999999925
20
-125.9893609999999882
11
161.0827679999999873
21
-126.0845999999999947
0
LINE
8
BLACK
6
CONTINUOUS
10
161.0827679999999873
20
-126.0845999999999947
11
160.9875299999999925
21
-126.1798379999999895
0
LINE
8
BLACK
6
CONTINUOUS
10
160.9875299999999925
20
-126.1798379999999895
11
160.8922919999999976
21
-126.0845999999999947
0
LINE
8
BLACK
6
CONTINUOUS
10
160.8922919999999976
20
-126.0845999999999947
11
160.9875299999999925
21
-125.9893609999999882
0
LINE
8
BLACK
6
CONTINUOUS
10
160.9875299999999925
20
-125.9893609999999882
11
160.9875299999999925
21
-126.1798379999999895
0
LINE
8
BLACK
6
CONTINUOUS
10
162.9875299999999925
20
-126.1798379999999895
11
161.8446730000000002
21
-126.1798379999999895
0
LINE
8
BLACK
6
CONTINUOUS
10
162.4161009999999976
20
-126.1798379999999895
11
162.4161009999999976
21
-124.1798379999999895
0
LINE
8
BLACK
6
CONTINUOUS
10
162.4161009999999976
20
-124.1798379999999895
11
162.2256249999999795
21
-124.4655519999999882
0
LINE
8
BLACK
6
CONTINUOUS
10
162.2256249999999795
20
-124.4655519999999882
11
162.0351489999999899
21
-124.6560279999999921
0
LINE
8
BLACK
6
CONTINUOUS
10
162.0351489999999899
20
-124.6560279999999921
11
161.8446730000000002
21
-124.7512660000000011
0
LINE
8
BLACK
6
CONTINUOUS
10
164.2256249999999795
20
-124.1798379999999895
11
164.4161019999999951
21
-124.1798379999999895
0
LINE
8
BLACK
6
CONTINUOUS
10
164.4161019999999951
20
-124.1798379999999895
11
164.6065779999999847
21
-124.2750759999999985
0
LINE
8
BLACK
6
CONTINUOUS
10
164.6065779999999847
20
-124.2750759999999985
11
164.7018159999999796
21
-124.3703139999999934
0
LINE
8
BLACK
6
CONTINUOUS
10
164.7018159999999796
20
-124.3703139999999934
11
164.7970540000000028
21
-124.5607899999999972
0
LINE
8
BLACK
6
CONTINUOUS
10
164.7970540000000028
20
-124.5607899999999972
11
164.8922919999999976
21
-124.9417419999999908
0
LINE
8
BLACK
6
CONTINUOUS
10
164.8922919999999976
20
-124.9417419999999908
11
164.8922919999999976
21
-125.4179329999999908
0
LINE
8
BLACK
6
CONTINUOUS
10
164.8922919999999976
20
-125.4179329999999908
11
164.7970540000000028
21
-125.7988849999999985
0
LINE
8
BLACK
6
CONTINUOUS
10
164.7970540000000028
20
-125.7988849999999985
11
164.7018159999999796
21
-125.9893609999999882
0
LINE
8
BLACK
6
CONTINUOUS
10
164.7018159999999796
20
-125.9893609999999882
11
164.6065779999999847
21
-126.0845999999999947
0
LINE
8
BLACK
6
CONTINUOUS
10
164.6065779999999847
20
-126.0845999999999947
11
164.4161019999999951
21
-126.1798379999999895
0
LINE
8
BLACK
6
CONTINUOUS
10
164.4161019999999951
20
-126.1798379999999895
11
164.2256249999999795
21
-126.1798379999999895
0
LINE
8
BLACK
6
CONTINUOUS
10
164.2256249999999795
20
-126.1798379999999895
11
164.0351489999999899
21
-126.0845999999999947
0
LINE
8
BLACK
6
CONTINUOUS
10
164.0351489999999899
20
-126.0845999999999947
11
163.9399109999999951
21
-125.9893609999999882
0
LINE
8
BLACK
6
CONTINUOUS
10
163.9399109999999951
20
-125.9893609999999882
11
163.8446730000000002
21
-125.7988849999999985
0
LINE
8
BLACK
6
CONTINUOUS
10
163.8446730000000002
20
-125.7988849999999985
11
163.7494350000000054
21
-125.4179329999999908
0
LINE
8
BLACK
6
CONTINUOUS
10
163.7494350000000054
20
-125.4179329999999908
11
163.7494350000000054
21
-124.9417419999999908
0
LINE
8
BLACK
6
CONTINUOUS
10
163.7494350000000054
20
-124.9417419999999908
11
163.8446730000000002
21
-124.5607899999999972
0
LINE
8
BLACK
6
CONTINUOUS
10
163.8446730000000002
20
-124.5607899999999972
11
163.9399109999999951
21
-124.3703139999999934
0
LINE
8
BLACK
6
CONTINUOUS
10
163.9399109999999951
20
-124.3703139999999934
11
164.0351489999999899
21
-124.2750759999999985
0
LINE
8
BLACK
6
CONTINUOUS
10
164.0351489999999899
20
-124.2750759999999985
11
164.2256249999999795
21
-124.1798379999999895
0
LINE
8
BLACK
6
CONTINUOUS
10
166.1303869999999847
20
-124.1798379999999895
11
166.3208640000000003
21
-124.1798379999999895
0
LINE
8
BLACK
6
CONTINUOUS
10
166.3208640000000003
20
-124.1798379999999895
11
166.5113399999999899
21
-124.2750759999999985
0
LINE
8
BLACK
6
CONTINUOUS
10
166.5113399999999899
20
-124.2750759999999985
11
166.6065779999999847
21
-124.3703139999999934
0
LINE
8
BLACK
6
CONTINUOUS
10
166.6065779999999847
20
-124.3703139999999934
11
166.7018159999999796
21
-124.5607899999999972
0
LINE
8
BLACK
6
CONTINUOUS
10
166.7018159999999796
20
-124.5607899999999972
11
166.7970540000000028
21
-124.9417419999999908
0
LINE
8
BLACK
6
CONTINUOUS
10
166.7970540000000028
20
-124.9417419999999908
11
166.7970540000000028
21
-125.4179329999999908
0
LINE
8
BLACK
6
CONTINUOUS
10
166.7970540000000028
20
-125.4179329999999908
11
166.7018159999999796
21
-125.7988849999999985
0
LINE
8
BLACK
6
CONTINUOUS
10
166.7018159999999796
20
-125.7988849999999985
11
166.6065779999999847
21
-125.9893609999999882
0
LINE
8
BLACK
6
CONTINUOUS
10
166.6065779999999847
20
-125.9893609999999882
11
166.5113399999999899
21
-126.0845999999999947
0
LINE
8
BLACK
6
CONTINUOUS
10
166.5113399999999899
20
-126.0845999999999947
11
166.3208640000000003
21
-126.1798379999999895
0
LINE
8
BLACK
6
CONTINUOUS
10
166.3208640000000003
20
-126.1798379999999895
11
166.1303869999999847
21
-126.1798379999999895
0
LINE
8
BLACK
6
CONTINUOUS
10
166.1303869999999847
20
-126.1798379999999895
11
165.9399109999999951
21
-126.0845999999999947
0
LINE
8
BLACK
6
CONTINUOUS
10
165.9399109999999951
20
-126.0845999999999947
11
165.8446730000000002
21
-125.9893609999999882
0
LINE
8
BLACK
6
CONTINUOUS
10
165.8446730000000002
20
-125.9893609999999882
11
165.7494350000000054
21
-125.7988849999999985
0
LINE
8
BLACK
6
CONTINUOUS
10
165.7494350000000054
20
-125.7988849999999985
11
165.6541969999999822
21
-125.4179329999999908
0
LINE
8
BLACK
6
CONTINUOUS
10
165.6541969999999822
20
-125.4179329999999908
11
165.6541969999999822
21
-124.9417419999999908
0
LINE
8
BLACK
6
CONTINUOUS
10
165.6541969999999822
20
-124.9417419999999908
11
165.7494350000000054
21
-124.5607899999999972
0
LINE
8
BLACK
6
CONTINUOUS
10
165.7494350000000054
20
-124.5607899999999972
11
165.8446730000000002
21
-124.3703139999999934
0
LINE
8
BLACK
6
CONTINUOUS
10
165.8446730000000002
20
-124.3703139999999934
11
165.9399109999999951
21
-124.2750759999999985
0
LINE
8
BLACK
6
CONTINUOUS
10
165.9399109999999951
20
-124.2750759999999985
11
166.1303869999999847
21
-124.1798379999999895
0
LINE
8
BLACK
6
CONTINUOUS
10
167.6541969999999822
20
-126.1798379999999895
11
167.6541969999999822
21
-124.8465039999999959
0
LINE
8
BLACK
6
CONTINUOUS
10
167.6541969999999822
20
-125.0369799999999998
11
167.7494350000000054
21
-124.9417419999999908
0
LINE
8
BLACK
6
CONTINUOUS
10
167.7494350000000054
20
-124.9417419999999908
11
167.9399109999999951
21
-124.8465039999999959
0
LINE
8
BLACK
6
CONTINUOUS
10
167.9399109999999951
20
-124.8465039999999959
11
168.2256260000000054
21
-124.8465039999999959
0
LINE
8
BLACK
6
CONTINUOUS
10
168.2256260000000054
20
-124.8465039999999959
11
168.4161019999999951
21
-124.9417419999999908
0
LINE
8
BLACK
6
CONTINUOUS
10
168.4161019999999951
20
-124.9417419999999908
11
168.5113399999999899
21
-125.1322189999999921
0
LINE
8
BLACK
6
CONTINUOUS
10
168.5113399999999899
20
-125.1322189999999921
11
168.5113399999999899
21
-126.1798379999999895
0
LINE
8
BLACK
6
CONTINUOUS
10
168.5113399999999899
20
-125.1322189999999921
11
168.6065779999999847
21
-124.9417419999999908
0
LINE
8
BLACK
6
CONTINUOUS
10
168.6065779999999847
20
-124.9417419999999908
11
168.7970540000000028
21
-124.8465039999999959
0
LINE
8
BLACK
6
CONTINUOUS
10
168.7970540000000028
20
-124.8465039999999959
11
169.0827679999999873
21
-124.8465039999999959
0
LINE
8
BLACK
6
CONTINUOUS
10
169.0827679999999873
20
-124.8465039999999959
11
169.2732450000000028
21
-124.9417419999999908
0
LINE
8
BLACK
6
CONTINUOUS
10
169.2732450000000028
20
-124.9417419999999908
11
169.3684829999999977
21
-125.1322189999999921
0
LINE
8
BLACK
6
CONTINUOUS
10
169.3684829999999977
20
-125.1322189999999921
11
169.3684829999999977
21
-126.1798379999999895
0
LINE
8
BLACK
6
CONTINUOUS
10
170.3208640000000003
20
-126.1798379999999895
11
170.3208640000000003
21
-124.8465039999999959
0
LINE
8
BLACK
6
CONTINUOUS
10
170.3208640000000003
20
-125.0369799999999998
11
170.4161019999999951
21
-124.9417419999999908
0
LINE
8
BLACK
6
CONTINUOUS
10
170.4161019999999951
20
-124.9417419999999908
11
170.6065779999999847
21
-124.8465039999999959
0
LINE
8
BLACK
6
CONTINUOUS
10
170.6065779999999847
20
-124.8465039999999959
11
170.8922929999999951
21
-124.8465039999999959
0
LINE
8
BLACK
6
CONTINUOUS
10
170.8922929999999951
20
-124.8465039999999959
11
171.0827689999999848
21
-124.9417419999999908
0
LINE
8
BLACK
6
CONTINUOUS
10
171.0827689999999848
20
-124.9417419999999908
11
171.1780069999999796
21
-125.1322189999999921
0
LINE
8
BLACK
6
CONTINUOUS
10
171.1780069999999796
20
-125.1322189999999921
11
171.1780069999999796
21
-126.1798379999999895
0
LINE
8
BLACK
6
CONTINUOUS
10
171.1780069999999796
20
-125.1322189999999921
11
171.2732450000000028
21
-124.9417419999999908
0
LINE
8
BLACK
6
CONTINUOUS
10
171.2732450000000028
20
-124.9417419999999908
11
171.4637209999999925
21
-124.8465039999999959
0
LINE
8
BLACK
6
CONTINUOUS
10
171.4637209999999925
20
-124.8465039999999959
11
171.7494350000000054
21
-124.8465039999999959
0
LINE
8
BLACK
6
CONTINUOUS
10
171.7494350000000054
20
-124.8465039999999959
11
171.9399119999999925
21
-124.9417419999999908
0
LINE
8
BLACK
6
CONTINUOUS
10
171.9399119999999925
20
-124.9417419999999908
11
172.0351499999999874
21
-125.1322189999999921
0
LINE
8
BLACK
6
CONTINUOUS
10
172.0351499999999874
20
-125.1322189999999921
11
172.0351499999999874
21
-126.1798379999999895
0
LINE
8
BLACK
6
CONTINUOUS
10
175.9399119999999925
20
-124.0845999999999947
11
174.2256270000000029
21
-126.6560279999999921
0
LINE
8
BLACK
6
CONTINUOUS
10
178.5113409999999874
20
-124.1798379999999895
11
178.7018180000000029
21
-124.1798379999999895
0
LINE
8
BLACK
6
CONTINUOUS
10
178.7018180000000029
20
-124.1798379999999895
11
178.8922939999999926
21
-124.2750759999999985
0
LINE
8
BLACK
6
CONTINUOUS
10
178.8922939999999926
20
-124.2750759999999985
11
178.9875319999999874
21
-124.3703139999999934
0
LINE
8
BLACK
6
CONTINUOUS
10
178.9875319999999874
20
-124.3703139999999934
11
179.0827699999999822
21
-124.5607899999999972
0
LINE
8
BLACK
6
CONTINUOUS
10
179.0827699999999822
20
-124.5607899999999972
11
179.1780080000000055
21
-124.9417419999999908
0
LINE
8
BLACK
6
CONTINUOUS
10
179.1780080000000055
20
-124.9417419999999908
11
179.1780080000000055
21
-125.4179329999999908
0
LINE
8
BLACK
6
CONTINUOUS
10
179.1780080000000055
20
-125.4179329999999908
11
179.0827699999999822
21
-125.7988849999999985
0
LINE
8
BLACK
6
CONTINUOUS
10
179.0827699999999822
20
-125.7988849999999985
11
178.9875319999999874
21
-125.9893609999999882
0
LINE
8
BLACK
6
CONTINUOUS
10
178.9875319999999874
20
-125.9893609999999882
11
178.8922939999999926
21
-126.0845999999999947
0
LINE
8
BLACK
6
CONTINUOUS
10
178.8922939999999926
20
-126.0845999999999947
11
178.7018180000000029
21
-126.1798379999999895
0
LINE
8
BLACK
6
CONTINUOUS
10
178.7018180000000029
20
-126.1798379999999895
11
178.5113409999999874
21
-126.1798379999999895
0
LINE
8
BLACK
6
CONTINUOUS
10
178.5113409999999874
20
-126.1798379999999895
11
178.3208649999999977
21
-126.0845999999999947
0
LINE
8
BLACK
6
CONTINUOUS
10
178.3208649999999977
20
-126.0845999999999947
11
178.2256270000000029
21
-125.9893609999999882
0
LINE
8
BLACK
6
CONTINUOUS
10
178.2256270000000029
20
-125.9893609999999882
11
178.1303889999999797
21
-125.7988849999999985
0
LINE
8
BLACK
6
CONTINUOUS
10
178.1303889999999797
20
-125.7988849999999985
11
178.0351509999999848
21
-125.4179329999999908
0
LINE
8
BLACK
6
CONTINUOUS
10
178.0351509999999848
20
-125.4179329999999908
11
178.0351509999999848
21
-124.9417419999999908
0
LINE
8
BLACK
6
CONTINUOUS
10
178.0351509999999848
20
-124.9417419999999908
11
178.1303889999999797
21
-124.5607899999999972
0
LINE
8
BLACK
6
CONTINUOUS
10
178.1303889999999797
20
-124.5607899999999972
11
178.2256270000000029
21
-124.3703139999999934
0
LINE
8
BLACK
6
CONTINUOUS
10
178.2256270000000029
20
-124.3703139999999934
11
178.3208649999999977
21
-124.2750759999999985
0
LINE
8
BLACK
6
CONTINUOUS
10
178.3208649999999977
20
-124.2750759999999985
11
178.5113409999999874
21
-124.1798379999999895
0
LINE
8
BLACK
6
CONTINUOUS
10
180.0351509999999848
20
-125.9893609999999882
11
180.1303889999999797
21
-126.0845999999999947
0
LINE
8
BLACK
6
CONTINUOUS
10
180.1303889999999797
20
-126.0845999999999947
11
180.0351509999999848
21
-126.1798379999999895
0
LINE
8
BLACK
6
CONTINUOUS
10
180.0351509999999848
20
-126.1798379999999895
11
179.93991299999999
21
-126.0845999999999947
0
LINE
8
BLACK
6
CONTINUOUS
10
179.93991299999999
20
-126.0845999999999947
11
180.0351509999999848
21
-125.9893609999999882
0
LINE
8
BLACK
6
CONTINUOUS
10
180.0351509999999848
20
-125.9893609999999882
11
180.0351509999999848
21
-126.1798379999999895
0
LINE
8
BLACK
6
CONTINUOUS
10
181.3684839999999951
20
-124.1798379999999895
11
181.5589609999999823
21
-124.1798379999999895
0
LINE
8
BLACK
6
CONTINUOUS
10
181.5589609999999823
20
-124.1798379999999895
11
181.7494370000000004
21
-124.2750759999999985
0
LINE
8
BLACK
6
CONTINUOUS
10
181.7494370000000004
20
-124.2750759999999985
11
181.8446749999999952
21
-124.3703139999999934
0
LINE
8
BLACK
6
CONTINUOUS
10
181.8446749999999952
20
-124.3703139999999934
11
181.93991299999999
21
-124.5607899999999972
0
LINE
8
BLACK
6
CONTINUOUS
10
181.93991299999999
20
-124.5607899999999972
11
182.0351509999999848
21
-124.9417419999999908
0
LINE
8
BLACK
6
CONTINUOUS
10
182.0351509999999848
20
-124.9417419999999908
11
182.0351509999999848
21
-125.4179329999999908
0
LINE
8
BLACK
6
CONTINUOUS
10
182.0351509999999848
20
-125.4179329999999908
11
181.93991299999999
21
-125.7988849999999985
0
LINE
8
BLACK
6
CONTINUOUS
10
181.93991299999999
20
-125.7988849999999985
11
181.8446749999999952
21
-125.9893609999999882
0
LINE
8
BLACK
6
CONTINUOUS
10
181.8446749999999952
20
-125.9893609999999882
11
181.7494370000000004
21
-126.0845999999999947
0
LINE
8
BLACK
6
CONTINUOUS
10
181.7494370000000004
20
-126.0845999999999947
11
181.5589609999999823
21
-126.1798379999999895
0
LINE
8
BLACK
6
CONTINUOUS
10
181.5589609999999823
20
-126.1798379999999895
11
181.3684839999999951
21
-126.1798379999999895
0
LINE
8
BLACK
6
CONTINUOUS
10
181.3684839999999951
20
-126.1798379999999895
11
181.1780080000000055
21
-126.0845999999999947
0
LINE
8
BLACK
6
CONTINUOUS
10
181.1780080000000055
20
-126.0845999999999947
11
181.0827699999999822
21
-125.9893609999999882
0
LINE
8
BLACK
6
CONTINUOUS
10
181.0827699999999822
20
-125.9893609999999882
11
180.9875319999999874
21
-125.7988849999999985
0
LINE
8
BLACK
6
CONTINUOUS
10
180.9875319999999874
20
-125.7988849999999985
11
180.8922939999999926
21
-125.4179329999999908
0
LINE
8
BLACK
6
CONTINUOUS
10
180.8922939999999926
20
-125.4179329999999908
11
180.8922939999999926
21
-124.9417419999999908
0
LINE
8
BLACK
6
CONTINUOUS
10
180.8922939999999926
20
-124.9417419999999908
11
180.9875319999999874
21
-124.5607899999999972
0
LINE
8
BLACK
6
CONTINUOUS
10
180.9875319999999874
20
-124.5607899999999972
11
181.0827699999999822
21
-124.3703139999999934
0
LINE
8
BLACK
6
CONTINUOUS
10
181.0827699999999822
20
-124.3703139999999934
11
181.1780080000000055
21
-124.2750759999999985
0
LINE
8
BLACK
6
CONTINUOUS
10
181.1780080000000055
20
-124.2750759999999985
11
181.3684839999999951
21
-124.1798379999999895
0
LINE
8
BLACK
6
CONTINUOUS
10
183.7494370000000004
20
-124.8465039999999959
11
183.7494370000000004
21
-126.1798379999999895
0
LINE
8
BLACK
6
CONTINUOUS
10
183.2732460000000003
20
-124.0845999999999947
11
182.7970559999999978
21
-125.5131709999999998
0
LINE
8
BLACK
6
CONTINUOUS
10
182.7970559999999978
20
-125.5131709999999998
11
184.0351509999999848
21
-125.5131709999999998
0
LINE
8
BLACK
6
CONTINUOUS
10
184.6065799999999797
20
-124.1798379999999895
11
185.8446749999999952
21
-124.1798379999999895
0
LINE
8
BLACK
6
CONTINUOUS
10
185.8446749999999952
20
-124.1798379999999895
11
185.1780080000000055
21
-124.9417419999999908
0
LINE
8
BLACK
6
CONTINUOUS
10
185.1780080000000055
20
-124.9417419999999908
11
185.4637229999999875
21
-124.9417419999999908
0
LINE
8
BLACK
6
CONTINUOUS
10
185.4637229999999875
20
-124.9417419999999908
11
185.6541990000000055
21
-125.0369799999999998
0
LINE
8
BLACK
6
CONTINUOUS
10
185.6541990000000055
20
-125.0369799999999998
11
185.7494370000000004
21
-125.1322189999999921
0
LINE
8
BLACK
6
CONTINUOUS
10
185.7494370000000004
20
-125.1322189999999921
11
185.8446749999999952
21
-125.322694999999996
0
LINE
8
BLACK
6
CONTINUOUS
10
185.8446749999999952
20
-125.322694999999996
11
185.8446749999999952
21
-125.7988849999999985
0
LINE
8
BLACK
6
CONTINUOUS
10
185.8446749999999952
20
-125.7988849999999985
11
185.7494370000000004
21
-125.9893609999999882
0
LINE
8
BLACK
6
CONTINUOUS
10
185.7494370000000004
20
-125.9893609999999882
11
185.6541990000000055
21
-126.0845999999999947
0
LINE
8
BLACK
6
CONTINUOUS
10
185.6541990000000055
20
-126.0845999999999947
11
185.4637229999999875
21
-126.1798379999999895
0
LINE
8
BLACK
6
CONTINUOUS
10
185.4637229999999875
20
-126.1798379999999895
11
184.8922939999999926
21
-126.1798379999999895
0
LINE
8
BLACK
6
CONTINUOUS
10
184.8922939999999926
20
-126.1798379999999895
11
184.7018180000000029
21
-126.0845999999999947
0
LINE
8
BLACK
6
CONTINUOUS
10
184.7018180000000029
20
-126.0845999999999947
11
184.6065799999999797
21
-125.9893609999999882
0
LINE
8
BLACK
6
CONTINUOUS
10
186.5113419999999849
20
-124.1798379999999895
11
187.7494370000000004
21
-124.1798379999999895
0
LINE
8
BLACK
6
CONTINUOUS
10
187.7494370000000004
20
-124.1798379999999895
11
187.0827699999999822
21
-124.9417419999999908
0
LINE
8
BLACK
6
CONTINUOUS
10
187.0827699999999822
20
-124.9417419999999908
11
187.3684849999999926
21
-124.9417419999999908
0
LINE
8
BLACK
6
CONTINUOUS
10
187.3684849999999926
20
-124.9417419999999908
11
187.5589609999999823
21
-125.0369799999999998
0
LINE
8
BLACK
6
CONTINUOUS
10
187.5589609999999823
20
-125.0369799999999998
11
187.6541990000000055
21
-125.1322189999999921
0
LINE
8
BLACK
6
CONTINUOUS
10
187.6541990000000055
20
-125.1322189999999921
11
187.7494370000000004
21
-125.322694999999996
0
LINE
8
BLACK
6
CONTINUOUS
10
187.7494370000000004
20
-125.322694999999996
11
187.7494370000000004
21
-125.7988849999999985
0
LINE
8
BLACK
6
CONTINUOUS
10
187.7494370000000004
20
-125.7988849999999985
11
187.6541990000000055
21
-125.9893609999999882
0
LINE
8
BLACK
6
CONTINUOUS
10
187.6541990000000055
20
-125.9893609999999882
11
187.5589609999999823
21
-126.0845999999999947
0
LINE
8
BLACK
6
CONTINUOUS
10
187.5589609999999823
20
-126.0845999999999947
11
187.3684849999999926
21
-126.1798379999999895
0
LINE
8
BLACK
6
CONTINUOUS
10
187.3684849999999926
20
-126.1798379999999895
11
186.7970559999999978
21
-126.1798379999999895
0
LINE
8
BLACK
6
CONTINUOUS
10
186.7970559999999978
20
-126.1798379999999895
11
186.6065799999999797
21
-126.0845999999999947
0
LINE
8
BLACK
6
CONTINUOUS
10
186.6065799999999797
20
-126.0845999999999947
11
186.5113419999999849
21
-125.9893609999999882
0
LINE
8
BLACK
6
CONTINUOUS
10
188.5113419999999849
20
-124.1798379999999895
11
188.5113419999999849
21
-124.5607899999999972
0
LINE
8
BLACK
6
CONTINUOUS
10
189.2732469999999978
20
-124.1798379999999895
11
189.2732469999999978
21
-124.5607899999999972
0
LINE
8
BLACK
6
CONTINUOUS
10
192.2256289999999979
20
-126.9417419999999908
11
192.1303899999999771
21
-126.8465039999999959
0
LINE
8
BLACK
6
CONTINUOUS
10
192.1303899999999771
20
-126.8465039999999959
11
191.9399139999999875
21
-126.5607899999999972
0
LINE
8
BLACK
6
CONTINUOUS
10
191.9399139999999875
20
-126.5607899999999972
11
191.8446759999999927
21
-126.3703139999999934
0
LINE
8
BLACK
6
CONTINUOUS
10
191.8446759999999927
20
-126.3703139999999934
11
191.7494379999999978
21
-126.0845999999999947
0
LINE
8
BLACK
6
CONTINUOUS
10
191.7494379999999978
20
-126.0845999999999947
11
191.654200000000003
21
-125.6084089999999946
0
LINE
8
BLACK
6
CONTINUOUS
10
191.654200000000003
20
-125.6084089999999946
11
191.654200000000003
21
-125.2274570000000011
0
LINE
8
BLACK
6
CONTINUOUS
10
191.654200000000003
20
-125.2274570000000011
11
191.7494379999999978
21
-124.7512660000000011
0
LINE
8
BLACK
6
CONTINUOUS
10
191.7494379999999978
20
-124.7512660000000011
11
191.8446759999999927
21
-124.4655519999999882
0
LINE
8
BLACK
6
CONTINUOUS
10
191.8446759999999927
20
-124.4655519999999882
11
191.9399139999999875
21
-124.2750759999999985
0
LINE
8
BLACK
6
CONTINUOUS
10
191.9399139999999875
20
-124.2750759999999985
11
192.1303899999999771
21
-123.9893609999999882
0
LINE
8
BLACK
6
CONTINUOUS
10
192.1303899999999771
20
-123.9893609999999882
11
192.2256289999999979
21
-123.8941229999999933
0
LINE
8
BLACK
6
CONTINUOUS
10
192.7970569999999952
20
-124.1798379999999895
11
194.0351519999999823
21
-124.1798379999999895
0
LINE
8
BLACK
6
CONTINUOUS
10
194.0351519999999823
20
-124.1798379999999895
11
193.3684849999999926
21
-124.9417419999999908
0
LINE
8
BLACK
6
CONTINUOUS
10
193.3684849999999926
20
-124.9417419999999908
11
193.654200000000003
21
-124.9417419999999908
0
LINE
8
BLACK
6
CONTINUOUS
10
193.654200000000003
20
-124.9417419999999908
11
193.8446759999999927
21
-125.0369799999999998
0
LINE
8
BLACK
6
CONTINUOUS
10
193.8446759999999927
20
-125.0369799999999998
11
193.9399139999999875
21
-125.1322189999999921
0
LINE
8
BLACK
6
CONTINUOUS
10
193.9399139999999875
20
-125.1322189999999921
11
194.0351519999999823
21
-125.322694999999996
0
LINE
8
BLACK
6
CONTINUOUS
10
194.0351519999999823
20
-125.322694999999996
11
194.0351519999999823
21
-125.7988849999999985
0
LINE
8
BLACK
6
CONTINUOUS
10
194.0351519999999823
20
-125.7988849999999985
11
193.9399139999999875
21
-125.9893609999999882
0
LINE
8
BLACK
6
CONTINUOUS
10
193.9399139999999875
20
-125.9893609999999882
11
193.8446759999999927
21
-126.0845999999999947
0
LINE
8
BLACK
6
CONTINUOUS
10
193.8446759999999927
20
-126.0845999999999947
11
193.654200000000003
21
-126.1798379999999895
0
LINE
8
BLACK
6
CONTINUOUS
10
193.654200000000003
20
-126.1798379999999895
11
193.0827709999999797
21
-126.1798379999999895
0
LINE
8
BLACK
6
CONTINUOUS
10
193.0827709999999797
20
-126.1798379999999895
11
192.8922949999999901
21
-126.0845999999999947
0
LINE
8
BLACK
6
CONTINUOUS
10
192.8922949999999901
20
-126.0845999999999947
11
192.7970569999999952
21
-125.9893609999999882
0
LINE
8
BLACK
6
CONTINUOUS
10
196.4161049999999875
20
-126.1798379999999895
11
196.4161049999999875
21
-124.1798379999999895
0
LINE
8
BLACK
6
CONTINUOUS
10
197.2732479999999953
20
-126.1798379999999895
11
197.2732479999999953
21
-125.1322189999999921
0
LINE
8
BLACK
6
CONTINUOUS
10
197.2732479999999953
20
-125.1322189999999921
11
197.1780100000000004
21
-124.9417419999999908
0
LINE
8
BLACK
6
CONTINUOUS
10
197.1780100000000004
20
-124.9417419999999908
11
196.9875339999999824
21
-124.8465039999999959
0
LINE
8
BLACK
6
CONTINUOUS
10
196.9875339999999824
20
-124.8465039999999959
11
196.7018190000000004
21
-124.8465039999999959
0
LINE
8
BLACK
6
CONTINUOUS
10
196.7018190000000004
20
-124.8465039999999959
11
196.5113429999999823
21
-124.9417419999999908
0
LINE
8
BLACK
6
CONTINUOUS
10
196.5113429999999823
20
-124.9417419999999908
11
196.4161049999999875
21
-125.0369799999999998
0
LINE
8
BLACK
6
CONTINUOUS
10
198.5113429999999823
20
-126.1798379999999895
11
198.3208669999999927
21
-126.0845999999999947
0
LINE
8
BLACK
6
CONTINUOUS
10
198.3208669999999927
20
-126.0845999999999947
11
198.2256289999999979
21
-125.9893609999999882
0
LINE
8
BLACK
6
CONTINUOUS
10
198.2256289999999979
20
-125.9893609999999882
11
198.130391000000003
21
-125.7988849999999985
0
LINE
8
BLACK
6
CONTINUOUS
10
198.130391000000003
20
-125.7988849999999985
11
198.130391000000003
21
-125.2274570000000011
0
LINE
8
BLACK
6
CONTINUOUS
10
198.130391000000003
20
-125.2274570000000011
11
198.2256289999999979
21
-125.0369799999999998
0
LINE
8
BLACK
6
CONTINUOUS
10
198.2256289999999979
20
-125.0369799999999998
11
198.3208669999999927
21
-124.9417419999999908
0
LINE
8
BLACK
6
CONTINUOUS
10
198.3208669999999927
20
-124.9417419999999908
11
198.5113429999999823
21
-124.8465039999999959
0
LINE
8
BLACK
6
CONTINUOUS
10
198.5113429999999823
20
-124.8465039999999959
11
198.7970579999999927
21
-124.8465039999999959
0
LINE
8
BLACK
6
CONTINUOUS
10
198.7970579999999927
20
-124.8465039999999959
11
198.9875339999999824
21
-124.9417419999999908
0
LINE
8
BLACK
6
CONTINUOUS
10
198.9875339999999824
20
-124.9417419999999908
11
199.0827719999999772
21
-125.0369799999999998
0
LINE
8
BLACK
6
CONTINUOUS
10
199.0827719999999772
20
-125.0369799999999998
11
199.1780100000000004
21
-125.2274570000000011
0
LINE
8
BLACK
6
CONTINUOUS
10
199.1780100000000004
20
-125.2274570000000011
11
199.1780100000000004
21
-125.7988849999999985
0
LINE
8
BLACK
6
CONTINUOUS
10
199.1780100000000004
20
-125.7988849999999985
11
199.0827719999999772
21
-125.9893609999999882
0
LINE
8
BLACK
6
CONTINUOUS
10
199.0827719999999772
20
-125.9893609999999882
11
198.9875339999999824
21
-126.0845999999999947
0
LINE
8
BLACK
6
CONTINUOUS
10
198.9875339999999824
20
-126.0845999999999947
11
198.7970579999999927
21
-126.1798379999999895
0
LINE
8
BLACK
6
CONTINUOUS
10
198.7970579999999927
20
-126.1798379999999895
11
198.5113429999999823
21
-126.1798379999999895
0
LINE
8
BLACK
6
CONTINUOUS
10
200.3208669999999927
20
-126.1798379999999895
11
200.130391000000003
21
-126.0845999999999947
0
LINE
8
BLACK
6
CONTINUOUS
10
200.130391000000003
20
-126.0845999999999947
11
200.0351529999999798
21
-125.8941229999999933
0
LINE
8
BLACK
6
CONTINUOUS
10
200.0351529999999798
20
-125.8941229999999933
11
200.0351529999999798
21
-124.1798379999999895
0
LINE
8
BLACK
6
CONTINUOUS
10
201.8446769999999901
20
-126.0845999999999947
11
201.6542010000000005
21
-126.1798379999999895
0
LINE
8
BLACK
6
CONTINUOUS
10
201.6542010000000005
20
-126.1798379999999895
11
201.2732479999999953
21
-126.1798379999999895
0
LINE
8
BLACK
6
CONTINUOUS
10
201.2732479999999953
20
-126.1798379999999895
11
201.0827719999999772
21
-126.0845999999999947
0
LINE
8
BLACK
6
CONTINUOUS
10
201.0827719999999772
20
-126.0845999999999947
11
200.9875339999999824
21
-125.8941229999999933
0
LINE
8
BLACK
6
CONTINUOUS
10
200.9875339999999824
20
-125.8941229999999933
11
200.9875339999999824
21
-125.1322189999999921
0
LINE
8
BLACK
6
CONTINUOUS
10
200.9875339999999824
20
-125.1322189999999921
11
201.0827719999999772
21
-124.9417419999999908
0
LINE
8
BLACK
6
CONTINUOUS
10
201.0827719999999772
20
-124.9417419999999908
11
201.2732479999999953
21
-124.8465039999999959
0
LINE
8
BLACK
6
CONTINUOUS
10
201.2732479999999953
20
-124.8465039999999959
11
201.6542010000000005
21
-124.8465039999999959
0
LINE
8
BLACK
6
CONTINUOUS
10
201.6542010000000005
20
-124.8465039999999959
11
201.8446769999999901
21
-124.9417419999999908
0
LINE
8
BLACK
6
CONTINUOUS
10
201.8446769999999901
20
-124.9417419999999908
11
201.939914999999985
21
-125.1322189999999921
0
LINE
8
BLACK
6
CONTINUOUS
10
201.939914999999985
20
-125.1322189999999921
11
201.939914999999985
21
-125.322694999999996
0
LINE
8
BLACK
6
CONTINUOUS
10
201.939914999999985
20
-125.322694999999996
11
200.9875339999999824
21
-125.5131709999999998
0
LINE
8
BLACK
6
CONTINUOUS
10
202.7018199999999979
20
-126.0845999999999947
11
202.8922959999999875
21
-126.1798379999999895
0
LINE
8
BLACK
6
CONTINUOUS
10
202.8922959999999875
20
-126.1798379999999895
11
203.2732479999999953
21
-126.1798379999999895
0
LINE
8
BLACK
6
CONTINUOUS
10
203.2732479999999953
20
-126.1798379999999895
11
203.4637249999999824
21
-126.0845999999999947
0
LINE
8
BLACK
6
CONTINUOUS
10
203.4637249999999824
20
-126.0845999999999947
11
203.5589629999999772
21
-125.8941229999999933
0
LINE
8
BLACK
6
CONTINUOUS
10
203.5589629999999772
20
-125.8941229999999933
11
203.5589629999999772
21
-125.7988849999999985
0
LINE
8
BLACK
6
CONTINUOUS
10
203.5589629999999772
20
-125.7988849999999985
11
203.4637249999999824
21
-125.6084089999999946
0
LINE
8
BLACK
6
CONTINUOUS
10
203.4637249999999824
20
-125.6084089999999946
11
203.2732479999999953
21
-125.5131709999999998
0
LINE
8
BLACK
6
CONTINUOUS
10
203.2732479999999953
20
-125.5131709999999998
11
202.9875339999999824
21
-125.5131709999999998
0
LINE
8
BLACK
6
CONTINUOUS
10
202.9875339999999824
20
-125.5131709999999998
11
202.7970579999999927
21
-125.4179329999999908
0
LINE
8
BLACK
6
CONTINUOUS
10
202.7970579999999927
20
-125.4179329999999908
11
202.7018199999999979
21
-125.2274570000000011
0
LINE
8
BLACK
6
CONTINUOUS
10
202.7018199999999979
20
-125.2274570000000011
11
202.7018199999999979
21
-125.1322189999999921
0
LINE
8
BLACK
6
CONTINUOUS
10
202.7018199999999979
20
-125.1322189999999921
11
202.7970579999999927
21
-124.9417419999999908
0
LINE
8
BLACK
6
CONTINUOUS
10
202.7970579999999927
20
-124.9417419999999908
11
202.9875339999999824
21
-124.8465039999999959
0
LINE
8
BLACK
6
CONTINUOUS
10
202.9875339999999824
20
-124.8465039999999959
11
203.2732479999999953
21
-124.8465039999999959
0
LINE
8
BLACK
6
CONTINUOUS
10
203.2732479999999953
20
-124.8465039999999959
11
203.4637249999999824
21
-124.9417419999999908
0
LINE
8
BLACK
6
CONTINUOUS
10
204.2256299999999953
20
-126.9417419999999908
11
204.3208679999999902
21
-126.8465039999999959
0
LINE
8
BLACK
6
CONTINUOUS
10
204.3208679999999902
20
-126.8465039999999959
11
204.5113439999999798
21
-126.5607899999999972
0
LINE
8
BLACK
6
CONTINUOUS
10
204.5113439999999798
20
-126.5607899999999972
11
204.6065820000000031
21
-126.3703139999999934
0
LINE
8
BLACK
6
CONTINUOUS
10
204.6065820000000031
20
-126.3703139999999934
11
204.7018199999999979
21
-126.0845999999999947
0
LINE
8
BLACK
6
CONTINUOUS
10
204.7018199999999979
20
-126.0845999999999947
11
204.7970579999999927
21
-125.6084089999999946
0
LINE
8
BLACK
6
CONTINUOUS
10
204.7970579999999927
20
-125.6084089999999946
11
204.7970579999999927
21
-125.2274570000000011
0
LINE
8
BLACK
6
CONTINUOUS
10
204.7970579999999927
20
-125.2274570000000011
11
204.7018199999999979
21
-124.7512660000000011
0
LINE
8
BLACK
6
CONTINUOUS
10
204.7018199999999979
20
-124.7512660000000011
11
204.6065820000000031
21
-124.4655519999999882
0
LINE
8
BLACK
6
CONTINUOUS
10
204.6065820000000031
20
-124.4655519999999882
11
204.5113439999999798
21
-124.2750759999999985
0
LINE
8
BLACK
6
CONTINUOUS
10
204.5113439999999798
20
-124.2750759999999985
11
204.3208679999999902
21
-123.9893609999999882
0
LINE
8
BLACK
6
CONTINUOUS
10
204.3208679999999902
20
-123.9893609999999882
11
204.2256299999999953
21
-123.8941229999999933
  0
ENDSEC
  0
EOF
