  0
SECTION
  2
HEADER
  9
$ANGBASE
  50
0.0
  9
$ANGDIR
  70
1
  9
$MEASUREMENT
  70
0
  0
ENDSEC
  0
SECTION
  2
TABLES
  0
TABLE
  2
LTYPE
  70
4
  0
LTYPE
  5
40F
  2
CONTINUOUS
  70
0
  3
Solid line
  72
65
  73
0
  40
0.0
  0
LTYPE
  5
410
  2
DASHDOT
 70
0
  3
Dash Dot ____ _ ____ _
 72
65
 73
4
 40
2.0
 49
1.25
 49
-0.25
 49
0.25
 49
-0.25
  0
LTYPE
  5
411
  2
DASHED
 70
0
  3
Dashed __ __ __ __ __
 72
65
 73
2
 40
0.75
 49
0.5
 49
-0.25
  0
LTYPE
  5
43B
  2
DOTTED
 70
0
  3
Dotted .  .  .  .
 72
65
 73
2
 40
0.2
 49
0.0
 49
-0.2
  0
ENDTAB
  0
TABLE
  2
STYLE
  70
4
  0
STYLE
  2
KICAD
  70
0
  40
0
  41
1
  42
1
  50
0
  71
0
  3
isocp.shx
  0
STYLE
  2
KICADB
  70
0
  40
0
  41
1
  42
1
  50
0
  71
0
  3
isocp.shx
  0
STYLE
  2
KICADI
  70
0
  40
0
  41
1
  42
1
  50
15
  71
0
  3
isocp.shx
  0
STYLE
  2
KICADBI
  70
0
  40
0
  41
1
  42
1
  50
15
  71
0
  3
isocp.shx
  0
ENDTAB
  0
TABLE
  2
LAYER
  70
1
  0
LAYER
  2
BLACK
  70
0
  62
7
  6
CONTINUOUS
  0
ENDTAB
  0
ENDSEC
  0
SECTION
  2
ENTITIES
0
LINE
8
BLACK
6
CONTINUOUS
10
8.0035545275590554
20
-1.832403937007874
11
8.010684921259843
21
-1.8353574409448818
0
LINE
8
BLACK
6
CONTINUOUS
10
8.010684921259843
20
-1.8353574409448818
11
8.0171020866141731
21
-1.8396452755905512
0
LINE
8
BLACK
6
CONTINUOUS
10
8.0171020866141731
20
-1.8396452755905512
11
8.0225594488188978
21
-1.8451026377952755
0
LINE
8
BLACK
6
CONTINUOUS
10
8.0225594488188978
20
-1.8451026377952755
11
8.0268472834645674
21
-1.8515198031496063
0
LINE
8
BLACK
6
CONTINUOUS
10
8.0268472834645674
20
-1.8515198031496063
11
8.0298007874015749
21
-1.8586501968503937
0
LINE
8
BLACK
6
CONTINUOUS
10
8.0298007874015749
20
-1.8586501968503937
11
8.0313064960629923
21
-1.8662198031496062
0
LINE
8
BLACK
6
CONTINUOUS
10
8.0313064960629923
20
-1.8662198031496062
11
8.0314960629921259
21
-1.8700787401574803
0
LINE
8
BLACK
6
CONTINUOUS
10
8.0314960629921259
20
-1.8700787401574803
11
8.0314960629921259
21
-2.5393700787401574
0
LINE
8
BLACK
6
CONTINUOUS
10
8.0314960629921259
20
-2.5393700787401574
11
8.0313064960629923
21
-2.5432290157480315
0
LINE
8
BLACK
6
CONTINUOUS
10
8.0313064960629923
20
-2.5432290157480315
11
8.0298007874015749
21
-2.5507986220472438
0
LINE
8
BLACK
6
CONTINUOUS
10
8.0298007874015749
20
-2.5507986220472438
11
8.0268472834645674
21
-2.5579290157480314
0
LINE
8
BLACK
6
CONTINUOUS
10
8.0268472834645674
20
-2.5579290157480314
11
8.0225594488188978
21
-2.564346181102362
0
LINE
8
BLACK
6
CONTINUOUS
10
8.0225594488188978
20
-2.564346181102362
11
8.0171020866141731
21
-2.5698035433070867
0
LINE
8
BLACK
6
CONTINUOUS
10
8.0171020866141731
20
-2.5698035433070867
11
8.010684921259843
21
-2.5740913779527559
0
LINE
8
BLACK
6
CONTINUOUS
10
8.010684921259843
20
-2.5740913779527559
11
8.0035545275590554
21
-2.5770448818897638
0
LINE
8
BLACK
6
CONTINUOUS
10
8.0035545275590554
20
-2.5770448818897638
11
8.0019685039370074
21
-2.5773603543307084
0
LINE
8
BLACK
6
CONTINUOUS
10
8.0019685039370074
20
-2.5773603543307084
11
8.0019685039370074
21
-3.1373755905511809
0
LINE
8
BLACK
6
CONTINUOUS
10
8.0019685039370074
20
-3.1373755905511809
11
8.0143887795275592
21
-3.1497958661417322
0
LINE
8
BLACK
6
CONTINUOUS
10
8.0143887795275592
20
-3.1497958661417322
11
8.0156699606299213
21
-3.1497958661417322
0
LINE
8
BLACK
6
CONTINUOUS
10
8.0156699606299213
20
-3.1497958661417322
11
8.0232395669291332
21
-3.1513015748031497
0
LINE
8
BLACK
6
CONTINUOUS
10
8.0232395669291332
20
-3.1513015748031497
11
8.0303699606299208
21
-3.1542550787401575
0
LINE
8
BLACK
6
CONTINUOUS
10
8.0303699606299208
20
-3.1542550787401575
11
8.0367871259842509
21
-3.1585429133858267
0
LINE
8
BLACK
6
CONTINUOUS
10
8.0367871259842509
20
-3.1585429133858267
11
8.0422444881889756
21
-3.164000275590551
0
LINE
8
BLACK
6
CONTINUOUS
10
8.0422444881889756
20
-3.164000275590551
11
8.0465323228346453
21
-3.170417440944882
0
LINE
8
BLACK
6
CONTINUOUS
10
8.0465323228346453
20
-3.170417440944882
11
8.0494858267716527
21
-3.1775478346456691
0
LINE
8
BLACK
6
CONTINUOUS
10
8.0494858267716527
20
-3.1775478346456691
11
8.0509915354330701
21
-3.1851174409448819
0
LINE
8
BLACK
6
CONTINUOUS
10
8.0509915354330701
20
-3.1851174409448819
11
8.0511811023622037
21
-3.188976377952756
0
LINE
8
BLACK
6
CONTINUOUS
10
8.0511811023622037
20
-3.188976377952756
11
8.0511811023622037
21
-3.5236220472440944
0
LINE
8
BLACK
6
CONTINUOUS
10
8.0511811023622037
20
-3.5236220472440944
11
8.0509915354330701
21
-3.5274809842519685
0
LINE
8
BLACK
6
CONTINUOUS
10
8.0509915354330701
20
-3.5274809842519685
11
8.0494858267716527
21
-3.5350505905511809
0
LINE
8
BLACK
6
CONTINUOUS
10
8.0494858267716527
20
-3.5350505905511809
11
8.0465323228346453
21
-3.5421809842519685
0
LINE
8
BLACK
6
CONTINUOUS
10
8.0465323228346453
20
-3.5421809842519685
11
8.0453060236220466
21
-3.5440162204724408
0
LINE
8
BLACK
6
CONTINUOUS
10
8.0453060236220466
20
-3.5440162204724408
11
8.0422445275590544
21
-3.5485981889763778
0
LINE
8
BLACK
6
CONTINUOUS
10
8.0422445275590544
20
-3.5485981889763778
11
8.0396498818897637
21
-3.5514609055118109
0
LINE
8
BLACK
6
CONTINUOUS
10
8.0396498818897637
20
-3.5514609055118109
11
7.7640593307086609
21
-3.8270514566929132
0
LINE
8
BLACK
6
CONTINUOUS
10
7.7640593307086609
20
-3.8270514566929132
11
7.7611966141732278
21
-3.8296461023622048
0
LINE
8
BLACK
6
CONTINUOUS
10
7.7611966141732278
20
-3.8296461023622048
11
7.7566146456692913
21
-3.8327075984251966
0
LINE
8
BLACK
6
CONTINUOUS
10
7.7566146456692913
20
-3.8327075984251966
11
7.7547794094488189
21
-3.8339338976377952
0
LINE
8
BLACK
6
CONTINUOUS
10
7.7547794094488189
20
-3.8339338976377952
11
7.7476490157480313
21
-3.8368874015748031
0
LINE
8
BLACK
6
CONTINUOUS
10
7.7476490157480313
20
-3.8368874015748031
11
7.7400794094488186
21
-3.8383931102362205
0
LINE
8
BLACK
6
CONTINUOUS
10
7.7400794094488186
20
-3.8383931102362205
11
7.7362204724409445
21
-3.8385826771653542
0
LINE
8
BLACK
6
CONTINUOUS
10
7.7362204724409445
20
-3.8385826771653542
11
7.106299212598425
21
-3.8385826771653542
0
LINE
8
BLACK
6
CONTINUOUS
10
7.106299212598425
20
-3.8385826771653542
11
7.1024402755905509
21
-3.8383931102362205
0
LINE
8
BLACK
6
CONTINUOUS
10
7.1024402755905509
20
-3.8383931102362205
11
7.0948706692913381
21
-3.8368874015748031
0
LINE
8
BLACK
6
CONTINUOUS
10
7.0948706692913381
20
-3.8368874015748031
11
7.0877402755905514
21
-3.8339338976377952
0
LINE
8
BLACK
6
CONTINUOUS
10
7.0877402755905514
20
-3.8339338976377952
11
7.0845316929133855
21
-3.8317899606299211
0
LINE
8
BLACK
6
CONTINUOUS
10
7.0845316929133855
20
-3.8317899606299211
11
7.0813230708661417
21
-3.8296460629921261
0
LINE
8
BLACK
6
CONTINUOUS
10
7.0813230708661417
20
-3.8296460629921261
11
7.0784603543307085
21
-3.8270514566929132
0
LINE
8
BLACK
6
CONTINUOUS
10
7.0784603543307085
20
-3.8270514566929132
11
6.9997201968503937
21
-3.7483112992125984
0
LINE
8
BLACK
6
CONTINUOUS
10
6.9997201968503937
20
-3.7483112992125984
11
6.9971255511811021
21
-3.7454485826771653
0
LINE
8
BLACK
6
CONTINUOUS
10
6.9971255511811021
20
-3.7454485826771653
11
6.9940640157480312
21
-3.7408666141732283
0
LINE
8
BLACK
6
CONTINUOUS
10
6.9940640157480312
20
-3.7408666141732283
11
6.9928377559055113
21
-3.739031377952756
0
LINE
8
BLACK
6
CONTINUOUS
10
6.9928377559055113
20
-3.739031377952756
11
6.9898842519685038
21
-3.7319009842519684
0
LINE
8
BLACK
6
CONTINUOUS
10
6.9898842519685038
20
-3.7319009842519684
11
6.9883785433070864
21
-3.724331377952756
0
LINE
8
BLACK
6
CONTINUOUS
10
6.9883785433070864
20
-3.724331377952756
11
6.9881889763779528
21
-3.7204724409448819
0
LINE
8
BLACK
6
CONTINUOUS
10
6.9881889763779528
20
-3.7204724409448819
11
6.9881889763779528
21
-3.4645669291338583
0
LINE
8
BLACK
6
CONTINUOUS
10
6.9881889763779528
20
-3.4645669291338583
11
6.9883785433070864
21
-3.4607079921259842
0
LINE
8
BLACK
6
CONTINUOUS
10
6.9883785433070864
20
-3.4607079921259842
11
6.9898842519685038
21
-3.4531383858267715
0
LINE
8
BLACK
6
CONTINUOUS
10
6.9898842519685038
20
-3.4531383858267715
11
6.9928377559055113
21
-3.4460079921259843
0
LINE
8
BLACK
6
CONTINUOUS
10
6.9928377559055113
20
-3.4460079921259843
11
6.9971255905511809
21
-3.4395908267716533
0
LINE
8
BLACK
6
CONTINUOUS
10
6.9971255905511809
20
-3.4395908267716533
11
7.0025829527559056
21
-3.434133464566929
0
LINE
8
BLACK
6
CONTINUOUS
10
7.0025829527559056
20
-3.434133464566929
11
7.0090001181102357
21
-3.4298456299212599
0
LINE
8
BLACK
6
CONTINUOUS
10
7.0090001181102357
20
-3.4298456299212599
11
7.0161305118110233
21
-3.426892125984252
0
LINE
8
BLACK
6
CONTINUOUS
10
7.0161305118110233
20
-3.426892125984252
11
7.0237001181102361
21
-3.4253864173228346
0
LINE
8
BLACK
6
CONTINUOUS
10
7.0237001181102361
20
-3.4253864173228346
11
7.0249812992125982
21
-3.4253864173228346
0
LINE
8
BLACK
6
CONTINUOUS
10
7.0249812992125982
20
-3.4253864173228346
11
7.0974336614173223
21
-3.3529340551181104
0
LINE
8
BLACK
6
CONTINUOUS
10
7.0974336614173223
20
-3.3529340551181104
11
7.0974336614173223
21
-3.3516528740157479
0
LINE
8
BLACK
6
CONTINUOUS
10
7.0974336614173223
20
-3.3516528740157479
11
7.0989393700787398
21
-3.3440832677165355
0
LINE
8
BLACK
6
CONTINUOUS
10
7.0989393700787398
20
-3.3440832677165355
11
7.1018928740157481
21
-3.3369528740157479
0
LINE
8
BLACK
6
CONTINUOUS
10
7.1018928740157481
20
-3.3369528740157479
11
7.1061807086614168
21
-3.3305357086614173
0
LINE
8
BLACK
6
CONTINUOUS
10
7.1061807086614168
20
-3.3305357086614173
11
7.1116380708661415
21
-3.3250783464566926
0
LINE
8
BLACK
6
CONTINUOUS
10
7.1116380708661415
20
-3.3250783464566926
11
7.1180552362204725
21
-3.3207905118110235
0
LINE
8
BLACK
6
CONTINUOUS
10
7.1180552362204725
20
-3.3207905118110235
11
7.1251856299212593
21
-3.3178370078740156
0
LINE
8
BLACK
6
CONTINUOUS
10
7.1251856299212593
20
-3.3178370078740156
11
7.132755236220472
21
-3.3163312992125982
0
LINE
8
BLACK
6
CONTINUOUS
10
7.132755236220472
20
-3.3163312992125982
11
7.1366141732283461
21
-3.3161417322834645
0
LINE
8
BLACK
6
CONTINUOUS
10
7.1366141732283461
20
-3.3161417322834645
11
7.1741141732283467
21
-3.3161417322834645
0
LINE
8
BLACK
6
CONTINUOUS
10
7.1741141732283467
20
-3.3161417322834645
11
7.1779731102362199
21
-3.3163312992125982
0
LINE
8
BLACK
6
CONTINUOUS
10
7.1779731102362199
20
-3.3163312992125982
11
7.1855427165354326
21
-3.3178370078740156
0
LINE
8
BLACK
6
CONTINUOUS
10
7.1855427165354326
20
-3.3178370078740156
11
7.1926731102362202
21
-3.3207905118110235
0
LINE
8
BLACK
6
CONTINUOUS
10
7.1926731102362202
20
-3.3207905118110235
11
7.1990902755905513
21
-3.3250783464566926
0
LINE
8
BLACK
6
CONTINUOUS
10
7.1990902755905513
20
-3.3250783464566926
11
7.2045476377952751
21
-3.3305357086614173
0
LINE
8
BLACK
6
CONTINUOUS
10
7.2045476377952751
20
-3.3305357086614173
11
7.2088354724409447
21
-3.3369528740157479
0
LINE
8
BLACK
6
CONTINUOUS
10
7.2088354724409447
20
-3.3369528740157479
11
7.211788976377953
21
-3.3440832677165355
0
LINE
8
BLACK
6
CONTINUOUS
10
7.211788976377953
20
-3.3440832677165355
11
7.2122611023622047
21
-3.3464566929133857
0
LINE
8
BLACK
6
CONTINUOUS
10
7.2122611023622047
20
-3.3464566929133857
11
7.2637795275590546
21
-3.3464566929133857
0
LINE
8
BLACK
6
CONTINUOUS
10
7.2637795275590546
20
-3.3464566929133857
11
7.2663483464566925
21
-3.3466250787401575
0
LINE
8
BLACK
6
CONTINUOUS
10
7.2663483464566925
20
-3.3466250787401575
11
7.2663489370078738
21
-3.3466250787401575
0
LINE
8
BLACK
6
CONTINUOUS
10
7.2663489370078738
20
-3.3466250787401575
11
7.271312677165354
21
-3.3479551181102361
0
LINE
8
BLACK
6
CONTINUOUS
10
7.271312677165354
20
-3.3479551181102361
11
7.2757630314960631
21
-3.3505245275590552
0
LINE
8
BLACK
6
CONTINUOUS
10
7.2757630314960631
20
-3.3505245275590552
11
7.2757636220472444
21
-3.350525118110236
0
LINE
8
BLACK
6
CONTINUOUS
10
7.2757636220472444
20
-3.350525118110236
11
7.277698937007874
21
-3.3522223228346455
0
LINE
8
BLACK
6
CONTINUOUS
10
7.277698937007874
20
-3.3522223228346455
11
7.3309884645669285
21
-3.4055118110236218
0
LINE
8
BLACK
6
CONTINUOUS
10
7.3309884645669285
20
-3.4055118110236218
11
7.6296414960629919
21
-3.4055118110236218
0
LINE
8
BLACK
6
CONTINUOUS
10
7.6296414960629919
20
-3.4055118110236218
11
7.7362204724409445
21
-3.2989327952755905
0
LINE
8
BLACK
6
CONTINUOUS
10
7.7362204724409445
20
-3.2989327952755905
11
7.7362204724409445
21
-2.8543307086614171
0
LINE
8
BLACK
6
CONTINUOUS
10
7.7362204724409445
20
-2.8543307086614171
11
7.736388897637795
21
-2.8517612992125985
0
LINE
8
BLACK
6
CONTINUOUS
10
7.736388897637795
20
-2.8517612992125985
11
7.7377188976377953
21
-2.8467975590551182
0
LINE
8
BLACK
6
CONTINUOUS
10
7.7377188976377953
20
-2.8467975590551182
11
7.7402883070866144
21
-2.8423472047244096
0
LINE
8
BLACK
6
CONTINUOUS
10
7.7402883070866144
20
-2.8423472047244096
11
7.7439220078740156
21
-2.8387135039370079
0
LINE
8
BLACK
6
CONTINUOUS
10
7.7439220078740156
20
-2.8387135039370079
11
7.7460629921259843
21
-2.837477401574803
0
LINE
8
BLACK
6
CONTINUOUS
10
7.7460629921259843
20
-2.837477401574803
11
7.7460629921259843
21
-2.819037559055118
0
LINE
8
BLACK
6
CONTINUOUS
10
7.7460629921259843
20
-2.819037559055118
11
7.7292607480314963
21
-2.8022353149606301
0
LINE
8
BLACK
6
CONTINUOUS
10
7.7292607480314963
20
-2.8022353149606301
11
7.7280367322834644
21
-2.8007437795275592
0
LINE
8
BLACK
6
CONTINUOUS
10
7.7280367322834644
20
-2.8007437795275592
11
7.7274024803149608
21
-2.7992125984251968
0
LINE
8
BLACK
6
CONTINUOUS
10
7.7274024803149608
20
-2.7992125984251968
11
7.6860236220472435
21
-2.7992125984251968
0
LINE
8
BLACK
6
CONTINUOUS
10
7.6860236220472435
20
-2.7992125984251968
11
7.6609251968503935
21
-2.7992125984251968
0
LINE
8
BLACK
6
CONTINUOUS
10
7.6609251968503935
20
-2.7992125984251968
11
7.6594185826771648
21
-2.7989129133858266
0
LINE
8
BLACK
6
CONTINUOUS
10
7.6594185826771648
20
-2.7989129133858266
11
7.6581412992125983
21
-2.7980594881889762
0
LINE
8
BLACK
6
CONTINUOUS
10
7.6581412992125983
20
-2.7980594881889762
11
7.657287874015748
21
-2.7967822047244093
0
LINE
8
BLACK
6
CONTINUOUS
10
7.657287874015748
20
-2.7967822047244093
11
7.6569881889763778
21
-2.795275590551181
0
LINE
8
BLACK
6
CONTINUOUS
10
7.6569881889763778
20
-2.795275590551181
11
7.6569881889763778
21
-2.7874015748031495
0
LINE
8
BLACK
6
CONTINUOUS
10
7.6569881889763778
20
-2.7874015748031495
11
7.657287874015748
21
-2.7858949606299213
0
LINE
8
BLACK
6
CONTINUOUS
10
7.657287874015748
20
-2.7858949606299213
11
7.6581412992125983
21
-2.7846176771653544
0
LINE
8
BLACK
6
CONTINUOUS
10
7.6581412992125983
20
-2.7846176771653544
11
7.6594185826771648
21
-2.783764251968504
0
LINE
8
BLACK
6
CONTINUOUS
10
7.6594185826771648
20
-2.783764251968504
11
7.6609251968503935
21
-2.7834645669291338
0
LINE
8
BLACK
6
CONTINUOUS
10
7.6609251968503935
20
-2.7834645669291338
11
7.7111220472440944
21
-2.7834645669291338
0
LINE
8
BLACK
6
CONTINUOUS
10
7.7111220472440944
20
-2.7834645669291338
11
7.7322834645669287
21
-2.7834645669291338
0
LINE
8
BLACK
6
CONTINUOUS
10
7.7322834645669287
20
-2.7834645669291338
11
7.7338196062992122
21
-2.7836158661417323
0
LINE
8
BLACK
6
CONTINUOUS
10
7.7338196062992122
20
-2.7836158661417323
11
7.7366580314960629
21
-2.7847915748031498
0
LINE
8
BLACK
6
CONTINUOUS
10
7.7366580314960629
20
-2.7847915748031498
11
7.7374886614173226
21
-2.7856222047244095
0
LINE
8
BLACK
6
CONTINUOUS
10
7.7374886614173226
20
-2.7856222047244095
11
7.7381406299212596
21
-2.7856222047244095
0
LINE
8
BLACK
6
CONTINUOUS
10
7.7381406299212596
20
-2.7856222047244095
11
7.7416886614173226
21
-2.7870918503937006
0
LINE
8
BLACK
6
CONTINUOUS
10
7.7416886614173226
20
-2.7870918503937006
11
7.7431801968503935
21
-2.7883158661417324
0
LINE
8
BLACK
6
CONTINUOUS
10
7.7431801968503935
20
-2.7883158661417324
11
7.7628652362204722
21
-2.8080009055118111
0
LINE
8
BLACK
6
CONTINUOUS
10
7.7628652362204722
20
-2.8080009055118111
11
7.7640892913385828
21
-2.809492440944882
0
LINE
8
BLACK
6
CONTINUOUS
10
7.7640892913385828
20
-2.809492440944882
11
7.7655589370078735
21
-2.813040472440945
0
LINE
8
BLACK
6
CONTINUOUS
10
7.7655589370078735
20
-2.813040472440945
11
7.7655589370078735
21
-2.8130408267716533
0
LINE
8
BLACK
6
CONTINUOUS
10
7.7655589370078735
20
-2.8130408267716533
11
7.765748031496063
21
-2.8149606299212597
0
LINE
8
BLACK
6
CONTINUOUS
10
7.765748031496063
20
-2.8149606299212597
11
7.765748031496063
21
-2.837477401574803
0
LINE
8
BLACK
6
CONTINUOUS
10
7.765748031496063
20
-2.837477401574803
11
7.7678890157480316
21
-2.8387135039370079
0
LINE
8
BLACK
6
CONTINUOUS
10
7.7678890157480316
20
-2.8387135039370079
11
7.7715227165354328
21
-2.8423472047244096
0
LINE
8
BLACK
6
CONTINUOUS
10
7.7715227165354328
20
-2.8423472047244096
11
7.7740921259842519
21
-2.8467975590551182
0
LINE
8
BLACK
6
CONTINUOUS
10
7.7740921259842519
20
-2.8467975590551182
11
7.7754221259842522
21
-2.8517612992125985
0
LINE
8
BLACK
6
CONTINUOUS
10
7.7754221259842522
20
-2.8517612992125985
11
7.7755905511811019
21
-2.8543307086614171
0
LINE
8
BLACK
6
CONTINUOUS
10
7.7755905511811019
20
-2.8543307086614171
11
7.7755905511811019
21
-3.3070866141732282
0
LINE
8
BLACK
6
CONTINUOUS
10
7.7755905511811019
20
-3.3070866141732282
11
7.775422165354331
21
-3.3096553937007873
0
LINE
8
BLACK
6
CONTINUOUS
10
7.775422165354331
20
-3.3096553937007873
11
7.775422165354331
21
-3.3096560236220474
0
LINE
8
BLACK
6
CONTINUOUS
10
7.775422165354331
20
-3.3096560236220474
11
7.7743731889763774
21
-3.3135707874015745
0
LINE
8
BLACK
6
CONTINUOUS
10
7.7743731889763774
20
-3.3135707874015745
11
7.7740921259842519
21
-3.3146197637795276
0
LINE
8
BLACK
6
CONTINUOUS
10
7.7740921259842519
20
-3.3146197637795276
11
7.7715227165354328
21
-3.3190701181102362
0
LINE
8
BLACK
6
CONTINUOUS
10
7.7715227165354328
20
-3.3190701181102362
11
7.7715224015748028
21
-3.3190703937007875
0
LINE
8
BLACK
6
CONTINUOUS
10
7.7715224015748028
20
-3.3190703937007875
11
7.7698249606299212
21
-3.3210060236220471
0
LINE
8
BLACK
6
CONTINUOUS
10
7.7698249606299212
20
-3.3210060236220471
11
7.6517146850393702
21
-3.4391162598425198
0
LINE
8
BLACK
6
CONTINUOUS
10
7.6517146850393702
20
-3.4391162598425198
11
7.6497793700787398
21
-3.4408134251968505
0
LINE
8
BLACK
6
CONTINUOUS
10
7.6497793700787398
20
-3.4408134251968505
11
7.6497787795275585
21
-3.4408140551181101
0
LINE
8
BLACK
6
CONTINUOUS
10
7.6497787795275585
20
-3.4408140551181101
11
7.6453284251968503
21
-3.4433834645669292
0
LINE
8
BLACK
6
CONTINUOUS
10
7.6453284251968503
20
-3.4433834645669292
11
7.6403646850393701
21
-3.4447135039370078
0
LINE
8
BLACK
6
CONTINUOUS
10
7.6403646850393701
20
-3.4447135039370078
11
7.6403640944881888
21
-3.4447135039370078
0
LINE
8
BLACK
6
CONTINUOUS
10
7.6403640944881888
20
-3.4447135039370078
11
7.6377952755905509
21
-3.4448818897637796
0
LINE
8
BLACK
6
CONTINUOUS
10
7.6377952755905509
20
-3.4448818897637796
11
7.3228346456692908
21
-3.4448818897637796
0
LINE
8
BLACK
6
CONTINUOUS
10
7.3228346456692908
20
-3.4448818897637796
11
7.3202658267716529
21
-3.4447135039370078
0
LINE
8
BLACK
6
CONTINUOUS
10
7.3202658267716529
20
-3.4447135039370078
11
7.3202652362204725
21
-3.4447135039370078
0
LINE
8
BLACK
6
CONTINUOUS
10
7.3202652362204725
20
-3.4447135039370078
11
7.3153014960629923
21
-3.4433834645669292
0
LINE
8
BLACK
6
CONTINUOUS
10
7.3153014960629923
20
-3.4433834645669292
11
7.3108511417322832
21
-3.4408140551181101
0
LINE
8
BLACK
6
CONTINUOUS
10
7.3108511417322832
20
-3.4408140551181101
11
7.3108507874015745
21
-3.4408137007874013
0
LINE
8
BLACK
6
CONTINUOUS
10
7.3108507874015745
20
-3.4408137007874013
11
7.3089151968503936
21
-3.4391162598425198
0
LINE
8
BLACK
6
CONTINUOUS
10
7.3089151968503936
20
-3.4391162598425198
11
7.2556257480314956
21
-3.3858267716535431
0
LINE
8
BLACK
6
CONTINUOUS
10
7.2556257480314956
20
-3.3858267716535431
11
7.1992087795275586
21
-3.3858267716535431
0
LINE
8
BLACK
6
CONTINUOUS
10
7.1992087795275586
20
-3.3858267716535431
11
7.1990902755905513
21
-3.3859452755905513
0
LINE
8
BLACK
6
CONTINUOUS
10
7.1990902755905513
20
-3.3859452755905513
11
7.1926731102362202
21
-3.3902331102362204
0
LINE
8
BLACK
6
CONTINUOUS
10
7.1926731102362202
20
-3.3902331102362204
11
7.1855427165354326
21
-3.3931866141732283
0
LINE
8
BLACK
6
CONTINUOUS
10
7.1855427165354326
20
-3.3931866141732283
11
7.1779731102362199
21
-3.3946923228346457
0
LINE
8
BLACK
6
CONTINUOUS
10
7.1779731102362199
20
-3.3946923228346457
11
7.1741141732283467
21
-3.3948818897637794
0
LINE
8
BLACK
6
CONTINUOUS
10
7.1741141732283467
20
-3.3948818897637794
11
7.1390023622047245
21
-3.3948818897637794
0
LINE
8
BLACK
6
CONTINUOUS
10
7.1390023622047245
20
-3.3948818897637794
11
7.0669291338582676
21
-3.4669551181102363
0
LINE
8
BLACK
6
CONTINUOUS
10
7.0669291338582676
20
-3.4669551181102363
11
7.0669291338582676
21
-3.7041648031496064
0
LINE
8
BLACK
6
CONTINUOUS
10
7.0669291338582676
20
-3.7041648031496064
11
7.1226068503937006
21
-3.7598425196850394
0
LINE
8
BLACK
6
CONTINUOUS
10
7.1226068503937006
20
-3.7598425196850394
11
7.7199128346456689
21
-3.7598425196850394
0
LINE
8
BLACK
6
CONTINUOUS
10
7.7199128346456689
20
-3.7598425196850394
11
7.9724409448818898
21
-3.5073144094488189
0
LINE
8
BLACK
6
CONTINUOUS
10
7.9724409448818898
20
-3.5073144094488189
11
7.9724409448818898
21
-3.191364566929134
0
LINE
8
BLACK
6
CONTINUOUS
10
7.9724409448818898
20
-3.191364566929134
11
7.9515618110236215
21
-3.1704854330708661
0
LINE
8
BLACK
6
CONTINUOUS
10
7.9515618110236215
20
-3.1704854330708661
11
7.9496158267716535
21
-3.1683383858267717
0
LINE
8
BLACK
6
CONTINUOUS
10
7.9496158267716535
20
-3.1683383858267717
11
7.947872086614173
21
-3.1657287007874015
0
LINE
8
BLACK
6
CONTINUOUS
10
7.947872086614173
20
-3.1657287007874015
11
7.9463999606299209
21
-3.1635255118110237
0
LINE
8
BLACK
6
CONTINUOUS
10
7.9463999606299209
20
-3.1635255118110237
11
7.9443361023622048
21
-3.1585429133858267
0
LINE
8
BLACK
6
CONTINUOUS
10
7.9443361023622048
20
-3.1585429133858267
11
7.9441848031496063
21
-3.1581776771653542
0
LINE
8
BLACK
6
CONTINUOUS
10
7.9441848031496063
20
-3.1581776771653542
11
7.9430555511811018
21
-3.1525005118110236
0
LINE
8
BLACK
6
CONTINUOUS
10
7.9430555511811018
20
-3.1525005118110236
11
7.9429133858267713
21
-3.1496062992125982
0
LINE
8
BLACK
6
CONTINUOUS
10
7.9429133858267713
20
-3.1496062992125982
11
7.9429133858267713
21
-2.5590551181102361
0
LINE
8
BLACK
6
CONTINUOUS
10
7.9429133858267713
20
-2.5590551181102361
11
7.9430555511811018
21
-2.5561609055118111
0
LINE
8
BLACK
6
CONTINUOUS
10
7.9430555511811018
20
-2.5561609055118111
11
7.9434844881889761
21
-2.554004527559055
0
LINE
8
BLACK
6
CONTINUOUS
10
7.9434844881889761
20
-2.554004527559055
11
7.9441848031496063
21
-2.5504837401574805
0
LINE
8
BLACK
6
CONTINUOUS
10
7.9441848031496063
20
-2.5504837401574805
11
7.9463999606299209
21
-2.5451359448818898
0
LINE
8
BLACK
6
CONTINUOUS
10
7.9463999606299209
20
-2.5451359448818898
11
7.9463999606299209
21
-2.545135905511811
0
LINE
8
BLACK
6
CONTINUOUS
10
7.9463999606299209
20
-2.545135905511811
11
7.9496158267716535
21
-2.540323031496063
0
LINE
8
BLACK
6
CONTINUOUS
10
7.9496158267716535
20
-2.540323031496063
11
7.9515618110236215
21
-2.5381759842519687
0
LINE
8
BLACK
6
CONTINUOUS
10
7.9515618110236215
20
-2.5381759842519687
11
7.9527559055118111
21
-2.5369818897637795
0
LINE
8
BLACK
6
CONTINUOUS
10
7.9527559055118111
20
-2.5369818897637795
11
7.9527559055118111
21
-1.8700787401574803
0
LINE
8
BLACK
6
CONTINUOUS
10
7.9527559055118111
20
-1.8700787401574803
11
7.9529454724409447
21
-1.8662198031496062
0
LINE
8
BLACK
6
CONTINUOUS
10
7.9529454724409447
20
-1.8662198031496062
11
7.9544511811023622
21
-1.8586501968503937
0
LINE
8
BLACK
6
CONTINUOUS
10
7.9544511811023622
20
-1.8586501968503937
11
7.9574046850393696
21
-1.8515198031496063
0
LINE
8
BLACK
6
CONTINUOUS
10
7.9574046850393696
20
-1.8515198031496063
11
7.9616925196850392
21
-1.8451026377952755
0
LINE
8
BLACK
6
CONTINUOUS
10
7.9616925196850392
20
-1.8451026377952755
11
7.9671498818897639
21
-1.8396452755905512
0
LINE
8
BLACK
6
CONTINUOUS
10
7.9671498818897639
20
-1.8396452755905512
11
7.973567047244094
21
-1.8353574409448818
0
LINE
8
BLACK
6
CONTINUOUS
10
7.973567047244094
20
-1.8353574409448818
11
7.9806974409448816
21
-1.832403937007874
0
LINE
8
BLACK
6
CONTINUOUS
10
7.9806974409448816
20
-1.832403937007874
11
7.9882670472440944
21
-1.8308982283464565
0
LINE
8
BLACK
6
CONTINUOUS
10
7.9882670472440944
20
-1.8308982283464565
11
7.9959849212598426
21
-1.8308982283464565
0
LINE
8
BLACK
6
CONTINUOUS
10
7.9959849212598426
20
-1.8308982283464565
11
8.0035545275590554
21
-1.832403937007874
0
LINE
8
BLACK
6
CONTINUOUS
10
8.0343902755905514
20
-1.7422681496062993
11
8.0400674409448811
21
-1.7433974015748031
0
LINE
8
BLACK
6
CONTINUOUS
10
8.0400674409448811
20
-1.7433974015748031
11
8.0432001181102368
21
-1.7446949999999999
0
LINE
8
BLACK
6
CONTINUOUS
10
8.0432001181102368
20
-1.7446949999999999
11
8.0454152755905515
21
-1.7456125590551181
0
LINE
8
BLACK
6
CONTINUOUS
10
8.0454152755905515
20
-1.7456125590551181
11
8.0475431496062999
21
-1.7470343700787401
0
LINE
8
BLACK
6
CONTINUOUS
10
8.0475431496062999
20
-1.7470343700787401
11
8.0502281496062995
21
-1.7488284251968504
0
LINE
8
BLACK
6
CONTINUOUS
10
8.0502281496062995
20
-1.7488284251968504
11
8.0523751968503934
21
-1.7507744094488189
0
LINE
8
BLACK
6
CONTINUOUS
10
8.0523751968503934
20
-1.7507744094488189
11
8.0917452755905508
21
-1.7901444881889763
0
LINE
8
BLACK
6
CONTINUOUS
10
8.0917452755905508
20
-1.7901444881889763
11
8.0936912992125976
21
-1.7922915354330708
0
LINE
8
BLACK
6
CONTINUOUS
10
8.0936912992125976
20
-1.7922915354330708
11
8.0956190157480314
21
-1.7951766535433071
0
LINE
8
BLACK
6
CONTINUOUS
10
8.0956190157480314
20
-1.7951766535433071
11
8.0969071259842522
21
-1.7971044094488189
0
LINE
8
BLACK
6
CONTINUOUS
10
8.0969071259842522
20
-1.7971044094488189
11
8.0978246456692915
21
-1.7993195669291338
0
LINE
8
BLACK
6
CONTINUOUS
10
8.0978246456692915
20
-1.7993195669291338
11
8.0991222834645669
21
-1.8024522440944881
0
LINE
8
BLACK
6
CONTINUOUS
10
8.0991222834645669
20
-1.8024522440944881
11
8.1002515354330704
21
-1.8081294094488189
0
LINE
8
BLACK
6
CONTINUOUS
10
8.1002515354330704
20
-1.8081294094488189
11
8.1002515354330704
21
-1.8139178346456692
0
LINE
8
BLACK
6
CONTINUOUS
10
8.1002515354330704
20
-1.8139178346456692
11
8.0991222834645669
21
-1.8195950393700786
0
LINE
8
BLACK
6
CONTINUOUS
10
8.0991222834645669
20
-1.8195950393700786
11
8.0980692519685036
21
-1.8221372440944881
0
LINE
8
BLACK
6
CONTINUOUS
10
8.0980692519685036
20
-1.8221372440944881
11
8.0969071259842522
21
-1.8249428346456693
0
LINE
8
BLACK
6
CONTINUOUS
10
8.0969071259842522
20
-1.8249428346456693
11
8.0956190157480314
21
-1.8268705511811023
0
LINE
8
BLACK
6
CONTINUOUS
10
8.0956190157480314
20
-1.8268705511811023
11
8.0936912992125976
21
-1.8297557086614173
0
LINE
8
BLACK
6
CONTINUOUS
10
8.0936912992125976
20
-1.8297557086614173
11
8.0895982283464569
21
-1.8338487795275591
0
LINE
8
BLACK
6
CONTINUOUS
10
8.0895982283464569
20
-1.8338487795275591
11
8.0873403149606293
21
-1.8353574409448818
0
LINE
8
BLACK
6
CONTINUOUS
10
8.0873403149606293
20
-1.8353574409448818
11
8.0847853543307089
21
-1.8370646062992126
0
LINE
8
BLACK
6
CONTINUOUS
10
8.0847853543307089
20
-1.8370646062992126
11
8.0832189763779532
21
-1.8377133858267716
0
LINE
8
BLACK
6
CONTINUOUS
10
8.0832189763779532
20
-1.8377133858267716
11
8.0794375590551173
21
-1.8392797637795275
0
LINE
8
BLACK
6
CONTINUOUS
10
8.0794375590551173
20
-1.8392797637795275
11
8.0737603543307088
21
-1.8404090157480315
0
LINE
8
BLACK
6
CONTINUOUS
10
8.0737603543307088
20
-1.8404090157480315
11
8.0679719291338579
21
-1.8404090157480315
0
LINE
8
BLACK
6
CONTINUOUS
10
8.0679719291338579
20
-1.8404090157480315
11
8.0622947637795281
21
-1.8392797637795275
0
LINE
8
BLACK
6
CONTINUOUS
10
8.0622947637795281
20
-1.8392797637795275
11
8.0591620866141724
21
-1.8379821259842519
0
LINE
8
BLACK
6
CONTINUOUS
10
8.0591620866141724
20
-1.8379821259842519
11
8.0569469291338578
21
-1.8370646062992126
0
LINE
8
BLACK
6
CONTINUOUS
10
8.0569469291338578
20
-1.8370646062992126
11
8.0543919685039373
21
-1.8353574409448818
0
LINE
8
BLACK
6
CONTINUOUS
10
8.0543919685039373
20
-1.8353574409448818
11
8.0521340551181098
21
-1.8338487795275591
0
LINE
8
BLACK
6
CONTINUOUS
10
8.0521340551181098
20
-1.8338487795275591
11
8.0499870078740159
21
-1.8319027559055117
0
LINE
8
BLACK
6
CONTINUOUS
10
8.0499870078740159
20
-1.8319027559055117
11
8.0192653543307078
21
-1.8011811023622046
0
LINE
8
BLACK
6
CONTINUOUS
10
8.0192653543307078
20
-1.8011811023622046
11
7.7484511811023618
21
-1.8011811023622046
0
LINE
8
BLACK
6
CONTINUOUS
10
7.7484511811023618
20
-1.8011811023622046
11
7.7066929133858268
21
-1.8429393700787402
0
LINE
8
BLACK
6
CONTINUOUS
10
7.7066929133858268
20
-1.8429393700787402
11
7.7066929133858268
21
-2.4708681102362204
0
LINE
8
BLACK
6
CONTINUOUS
10
7.7066929133858268
20
-2.4708681102362204
11
7.7753927165354328
21
-2.5395679133858269
0
LINE
8
BLACK
6
CONTINUOUS
10
7.7753927165354328
20
-2.5395679133858269
11
7.7772089370078739
21
-2.5415718503937006
0
LINE
8
BLACK
6
CONTINUOUS
10
7.7772089370078739
20
-2.5415718503937006
11
7.7802103937007869
21
-2.5460638582677166
0
LINE
8
BLACK
6
CONTINUOUS
10
7.7802103937007869
20
-2.5460638582677166
11
7.7822778740157474
21
-2.5510551574803149
0
LINE
8
BLACK
6
CONTINUOUS
10
7.7822778740157474
20
-2.5510551574803149
11
7.7833318503937008
21
-2.5563538582677166
0
LINE
8
BLACK
6
CONTINUOUS
10
7.7833318503937008
20
-2.5563538582677166
11
7.7833318503937008
21
-2.5586425984251968
0
LINE
8
BLACK
6
CONTINUOUS
10
7.7833318503937008
20
-2.5586425984251968
11
7.7895099999999999
21
-2.564820748031496
0
LINE
8
BLACK
6
CONTINUOUS
10
7.7895099999999999
20
-2.564820748031496
11
7.7912071259842515
21
-2.5667560236220472
0
LINE
8
BLACK
6
CONTINUOUS
10
7.7912071259842515
20
-2.5667560236220472
11
7.7912077559055115
21
-2.5667566535433068
0
LINE
8
BLACK
6
CONTINUOUS
10
7.7912077559055115
20
-2.5667566535433068
11
7.7936799212598427
21
-2.5710385826771653
0
LINE
8
BLACK
6
CONTINUOUS
10
7.7936799212598427
20
-2.5710385826771653
11
7.7937771653543306
21
-2.5712070078740159
0
LINE
8
BLACK
6
CONTINUOUS
10
7.7937771653543306
20
-2.5712070078740159
11
7.7951072047244097
21
-2.5761707480314961
0
LINE
8
BLACK
6
CONTINUOUS
10
7.7951072047244097
20
-2.5761707480314961
11
7.7951072047244097
21
-2.576171338582677
0
LINE
8
BLACK
6
CONTINUOUS
10
7.7951072047244097
20
-2.576171338582677
11
7.7952755905511806
21
-2.5787401574803148
0
LINE
8
BLACK
6
CONTINUOUS
10
7.7952755905511806
20
-2.5787401574803148
11
7.7952755905511806
21
-2.6377952755905509
0
LINE
8
BLACK
6
CONTINUOUS
10
7.7952755905511806
20
-2.6377952755905509
11
7.7952755905511806
21
-2.7280666535433071
0
LINE
8
BLACK
6
CONTINUOUS
10
7.7952755905511806
20
-2.7280666535433071
11
7.8288800787401573
21
-2.7616711417322835
0
LINE
8
BLACK
6
CONTINUOUS
10
7.8288800787401573
20
-2.7616711417322835
11
7.8305775196850389
21
-2.7636067322834643
0
LINE
8
BLACK
6
CONTINUOUS
10
7.8305775196850389
20
-2.7636067322834643
11
7.8305778346456689
21
-2.7636070472440943
0
LINE
8
BLACK
6
CONTINUOUS
10
7.8305778346456689
20
-2.7636070472440943
11
7.833147244094488
21
-2.768057401574803
0
LINE
8
BLACK
6
CONTINUOUS
10
7.833147244094488
20
-2.768057401574803
11
7.833147244094488
21
-2.7680574409448817
0
LINE
8
BLACK
6
CONTINUOUS
10
7.833147244094488
20
-2.7680574409448817
11
7.8344772834645671
21
-2.7730211417322832
0
LINE
8
BLACK
6
CONTINUOUS
10
7.8344772834645671
20
-2.7730211417322832
11
7.8344772834645671
21
-2.7730217322834645
0
LINE
8
BLACK
6
CONTINUOUS
10
7.8344772834645671
20
-2.7730217322834645
11
7.834645669291338
21
-2.7755905511811023
0
LINE
8
BLACK
6
CONTINUOUS
10
7.834645669291338
20
-2.7755905511811023
11
7.834645669291338
21
-3.3661417322834644
0
LINE
8
BLACK
6
CONTINUOUS
10
7.834645669291338
20
-3.3661417322834644
11
7.8344772834645671
21
-3.3687105118110234
0
LINE
8
BLACK
6
CONTINUOUS
10
7.8344772834645671
20
-3.3687105118110234
11
7.8344772834645671
21
-3.3687111417322835
0
LINE
8
BLACK
6
CONTINUOUS
10
7.8344772834645671
20
-3.3687111417322835
11
7.833700551181102
21
-3.3716099212598425
0
LINE
8
BLACK
6
CONTINUOUS
10
7.833700551181102
20
-3.3716099212598425
11
7.833147244094488
21
-3.3736748818897637
0
LINE
8
BLACK
6
CONTINUOUS
10
7.833147244094488
20
-3.3736748818897637
11
7.8305778346456689
21
-3.3781252362204723
0
LINE
8
BLACK
6
CONTINUOUS
10
7.8305778346456689
20
-3.3781252362204723
11
7.8305774803149601
21
-3.3781255511811024
0
LINE
8
BLACK
6
CONTINUOUS
10
7.8305774803149601
20
-3.3781255511811024
11
7.8288800393700786
21
-3.380061181102362
0
LINE
8
BLACK
6
CONTINUOUS
10
7.8288800393700786
20
-3.380061181102362
11
7.6910847637795277
21
-3.5178564173228346
0
LINE
8
BLACK
6
CONTINUOUS
10
7.6910847637795277
20
-3.5178564173228346
11
7.6891494488188972
21
-3.5195535826771653
0
LINE
8
BLACK
6
CONTINUOUS
10
7.6891494488188972
20
-3.5195535826771653
11
7.6891488582677168
21
-3.5195542125984249
0
LINE
8
BLACK
6
CONTINUOUS
10
7.6891488582677168
20
-3.5195542125984249
11
7.6846985039370077
21
-3.5221236220472441
0
LINE
8
BLACK
6
CONTINUOUS
10
7.6846985039370077
20
-3.5221236220472441
11
7.6797347637795275
21
-3.5234536614173226
0
LINE
8
BLACK
6
CONTINUOUS
10
7.6797347637795275
20
-3.5234536614173226
11
7.6797341732283462
21
-3.5234536614173226
0
LINE
8
BLACK
6
CONTINUOUS
10
7.6797341732283462
20
-3.5234536614173226
11
7.6771653543307083
21
-3.5236220472440944
0
LINE
8
BLACK
6
CONTINUOUS
10
7.6771653543307083
20
-3.5236220472440944
11
7.2834645669291334
21
-3.5236220472440944
0
LINE
8
BLACK
6
CONTINUOUS
10
7.2834645669291334
20
-3.5236220472440944
11
7.2808957480314955
21
-3.5234536614173226
0
LINE
8
BLACK
6
CONTINUOUS
10
7.2808957480314955
20
-3.5234536614173226
11
7.2808951574803151
21
-3.5234536614173226
0
LINE
8
BLACK
6
CONTINUOUS
10
7.2808951574803151
20
-3.5234536614173226
11
7.2769803543307088
21
-3.52240468503937
0
LINE
8
BLACK
6
CONTINUOUS
10
7.2769803543307088
20
-3.52240468503937
11
7.2759314173228349
21
-3.5221236220472441
0
LINE
8
BLACK
6
CONTINUOUS
10
7.2759314173228349
20
-3.5221236220472441
11
7.2714810629921258
21
-3.5195542125984249
0
LINE
8
BLACK
6
CONTINUOUS
10
7.2714810629921258
20
-3.5195542125984249
11
7.2714807480314958
21
-3.5195538976377954
0
LINE
8
BLACK
6
CONTINUOUS
10
7.2714807480314958
20
-3.5195538976377954
11
7.2695451574803149
21
-3.5178564566929134
0
LINE
8
BLACK
6
CONTINUOUS
10
7.2695451574803149
20
-3.5178564566929134
11
7.2268855905511806
21
-3.4751968503937007
0
LINE
8
BLACK
6
CONTINUOUS
10
7.2268855905511806
20
-3.4751968503937007
11
7.2010147244094487
21
-3.4751968503937007
0
LINE
8
BLACK
6
CONTINUOUS
10
7.2010147244094487
20
-3.4751968503937007
11
7.1999826377952756
21
-3.4767414960629921
0
LINE
8
BLACK
6
CONTINUOUS
10
7.1999826377952756
20
-3.4767414960629921
11
7.1953438582677167
21
-3.481380275590551
0
LINE
8
BLACK
6
CONTINUOUS
10
7.1953438582677167
20
-3.481380275590551
11
7.1898892519685038
21
-3.4850249212598423
0
LINE
8
BLACK
6
CONTINUOUS
10
7.1898892519685038
20
-3.4850249212598423
11
7.1838284251968503
21
-3.4875353937007874
0
LINE
8
BLACK
6
CONTINUOUS
10
7.1838284251968503
20
-3.4875353937007874
11
7.1773942913385822
21
-3.4888152362204723
0
LINE
8
BLACK
6
CONTINUOUS
10
7.1773942913385822
20
-3.4888152362204723
11
7.1708340551181102
21
-3.4888152362204723
0
LINE
8
BLACK
6
CONTINUOUS
10
7.1708340551181102
20
-3.4888152362204723
11
7.1643999212598422
21
-3.4875353937007874
0
LINE
8
BLACK
6
CONTINUOUS
10
7.1643999212598422
20
-3.4875353937007874
11
7.1583390944881886
21
-3.4850249212598423
0
LINE
8
BLACK
6
CONTINUOUS
10
7.1583390944881886
20
-3.4850249212598423
11
7.1528844881889766
21
-3.481380275590551
0
LINE
8
BLACK
6
CONTINUOUS
10
7.1528844881889766
20
-3.481380275590551
11
7.1482457086614168
21
-3.4767414960629921
0
LINE
8
BLACK
6
CONTINUOUS
10
7.1482457086614168
20
-3.4767414960629921
11
7.1446010629921259
21
-3.4712868897637796
0
LINE
8
BLACK
6
CONTINUOUS
10
7.1446010629921259
20
-3.4712868897637796
11
7.1420905905511809
21
-3.4652260629921261
0
LINE
8
BLACK
6
CONTINUOUS
10
7.1420905905511809
20
-3.4652260629921261
11
7.1408107480314955
21
-3.458791929133858
0
LINE
8
BLACK
6
CONTINUOUS
10
7.1408107480314955
20
-3.458791929133858
11
7.1408107480314955
21
-3.4522316929133856
0
LINE
8
BLACK
6
CONTINUOUS
10
7.1408107480314955
20
-3.4522316929133856
11
7.1420905905511809
21
-3.445797559055118
0
LINE
8
BLACK
6
CONTINUOUS
10
7.1420905905511809
20
-3.445797559055118
11
7.1446010629921259
21
-3.4397367322834644
0
LINE
8
BLACK
6
CONTINUOUS
10
7.1446010629921259
20
-3.4397367322834644
11
7.1482457086614168
21
-3.434282125984252
0
LINE
8
BLACK
6
CONTINUOUS
10
7.1482457086614168
20
-3.434282125984252
11
7.1528844881889766
21
-3.4296433464566927
0
LINE
8
BLACK
6
CONTINUOUS
10
7.1528844881889766
20
-3.4296433464566927
11
7.1583390944881886
21
-3.4259987007874013
0
LINE
8
BLACK
6
CONTINUOUS
10
7.1583390944881886
20
-3.4259987007874013
11
7.1643999212598422
21
-3.4234882283464567
0
LINE
8
BLACK
6
CONTINUOUS
10
7.1643999212598422
20
-3.4234882283464567
11
7.1708340551181102
21
-3.4222083858267718
0
LINE
8
BLACK
6
CONTINUOUS
10
7.1708340551181102
20
-3.4222083858267718
11
7.1773942913385822
21
-3.4222083858267718
0
LINE
8
BLACK
6
CONTINUOUS
10
7.1773942913385822
20
-3.4222083858267718
11
7.1838284251968503
21
-3.4234882283464567
0
LINE
8
BLACK
6
CONTINUOUS
10
7.1838284251968503
20
-3.4234882283464567
11
7.1898892519685038
21
-3.4259987007874013
0
LINE
8
BLACK
6
CONTINUOUS
10
7.1898892519685038
20
-3.4259987007874013
11
7.1953438582677167
21
-3.4296433464566927
0
LINE
8
BLACK
6
CONTINUOUS
10
7.1953438582677167
20
-3.4296433464566927
11
7.1999826377952756
21
-3.434282125984252
0
LINE
8
BLACK
6
CONTINUOUS
10
7.1999826377952756
20
-3.434282125984252
11
7.2010147244094487
21
-3.4358267716535433
0
LINE
8
BLACK
6
CONTINUOUS
10
7.2010147244094487
20
-3.4358267716535433
11
7.2350393700787397
21
-3.4358267716535433
0
LINE
8
BLACK
6
CONTINUOUS
10
7.2350393700787397
20
-3.4358267716535433
11
7.2376081889763775
21
-3.4359951574803147
0
LINE
8
BLACK
6
CONTINUOUS
10
7.2376081889763775
20
-3.4359951574803147
11
7.2376087795275588
21
-3.4359951574803147
0
LINE
8
BLACK
6
CONTINUOUS
10
7.2376087795275588
20
-3.4359951574803147
11
7.242572519685039
21
-3.4373251968503937
0
LINE
8
BLACK
6
CONTINUOUS
10
7.242572519685039
20
-3.4373251968503937
11
7.2470228740157481
21
-3.4398946062992124
0
LINE
8
BLACK
6
CONTINUOUS
10
7.2470228740157481
20
-3.4398946062992124
11
7.2470234645669294
21
-3.4398951968503937
0
LINE
8
BLACK
6
CONTINUOUS
10
7.2470234645669294
20
-3.4398951968503937
11
7.248958779527559
21
-3.4415924015748032
0
LINE
8
BLACK
6
CONTINUOUS
10
7.248958779527559
20
-3.4415924015748032
11
7.2916183858267711
21
-3.484251968503937
0
LINE
8
BLACK
6
CONTINUOUS
10
7.2916183858267711
20
-3.484251968503937
11
7.6690115748031493
21
-3.484251968503937
0
LINE
8
BLACK
6
CONTINUOUS
10
7.6690115748031493
20
-3.484251968503937
11
7.7952755905511806
21
-3.3579879133858266
0
LINE
8
BLACK
6
CONTINUOUS
10
7.7952755905511806
20
-3.3579879133858266
11
7.7952755905511806
21
-2.7837443307086613
0
LINE
8
BLACK
6
CONTINUOUS
10
7.7952755905511806
20
-2.7837443307086613
11
7.7616711417322835
21
-2.7501398818897638
0
LINE
8
BLACK
6
CONTINUOUS
10
7.7616711417322835
20
-2.7501398818897638
11
7.7599739370078735
21
-2.7482045669291337
0
LINE
8
BLACK
6
CONTINUOUS
10
7.7599739370078735
20
-2.7482045669291337
11
7.7599733464566931
21
-2.7482039763779529
0
LINE
8
BLACK
6
CONTINUOUS
10
7.7599733464566931
20
-2.7482039763779529
11
7.7598737795275587
21
-2.7480314960629921
0
LINE
8
BLACK
6
CONTINUOUS
10
7.7598737795275587
20
-2.7480314960629921
11
7.6860236220472435
21
-2.7480314960629921
0
LINE
8
BLACK
6
CONTINUOUS
10
7.6860236220472435
20
-2.7480314960629921
11
7.6609251968503935
21
-2.7480314960629921
0
LINE
8
BLACK
6
CONTINUOUS
10
7.6609251968503935
20
-2.7480314960629921
11
7.6594185826771648
21
-2.747731811023622
0
LINE
8
BLACK
6
CONTINUOUS
10
7.6594185826771648
20
-2.747731811023622
11
7.6581412992125983
21
-2.7468783858267716
0
LINE
8
BLACK
6
CONTINUOUS
10
7.6581412992125983
20
-2.7468783858267716
11
7.657287874015748
21
-2.7456011023622047
0
LINE
8
BLACK
6
CONTINUOUS
10
7.657287874015748
20
-2.7456011023622047
11
7.6569881889763778
21
-2.7440944881889764
0
LINE
8
BLACK
6
CONTINUOUS
10
7.6569881889763778
20
-2.7440944881889764
11
7.6569881889763778
21
-2.7362204724409449
0
LINE
8
BLACK
6
CONTINUOUS
10
7.6569881889763778
20
-2.7362204724409449
11
7.657287874015748
21
-2.7347138582677166
0
LINE
8
BLACK
6
CONTINUOUS
10
7.657287874015748
20
-2.7347138582677166
11
7.6581412992125983
21
-2.7334365748031497
0
LINE
8
BLACK
6
CONTINUOUS
10
7.6581412992125983
20
-2.7334365748031497
11
7.6594185826771648
21
-2.7325831496062993
0
LINE
8
BLACK
6
CONTINUOUS
10
7.6594185826771648
20
-2.7325831496062993
11
7.6609251968503935
21
-2.7322834645669292
0
LINE
8
BLACK
6
CONTINUOUS
10
7.6609251968503935
20
-2.7322834645669292
11
7.7111220472440944
21
-2.7322834645669292
0
LINE
8
BLACK
6
CONTINUOUS
10
7.7111220472440944
20
-2.7322834645669292
11
7.7559055118110232
21
-2.7322834645669292
0
LINE
8
BLACK
6
CONTINUOUS
10
7.7559055118110232
20
-2.7322834645669292
11
7.7559055118110232
21
-2.6377952755905509
0
LINE
8
BLACK
6
CONTINUOUS
10
7.7559055118110232
20
-2.6377952755905509
11
7.7559055118110232
21
-2.5868939370078738
0
LINE
8
BLACK
6
CONTINUOUS
10
7.7559055118110232
20
-2.5868939370078738
11
7.7554929921259843
21
-2.5864814566929133
0
LINE
8
BLACK
6
CONTINUOUS
10
7.7554929921259843
20
-2.5864814566929133
11
7.753204251968504
21
-2.5864814566929133
0
LINE
8
BLACK
6
CONTINUOUS
10
7.753204251968504
20
-2.5864814566929133
11
7.7479055511811019
21
-2.5854274803149604
0
LINE
8
BLACK
6
CONTINUOUS
10
7.7479055511811019
20
-2.5854274803149604
11
7.7429142519685037
21
-2.5833599999999999
0
LINE
8
BLACK
6
CONTINUOUS
10
7.7429142519685037
20
-2.5833599999999999
11
7.7384222440944876
21
-2.5803585433070864
0
LINE
8
BLACK
6
CONTINUOUS
10
7.7384222440944876
20
-2.5803585433070864
11
7.7364183070866144
21
-2.5785423228346458
0
LINE
8
BLACK
6
CONTINUOUS
10
7.7364183070866144
20
-2.5785423228346458
11
7.6649289763779525
21
-2.5070529921259843
0
LINE
8
BLACK
6
CONTINUOUS
10
7.6649289763779525
20
-2.5070529921259843
11
7.6632461417322837
21
-2.5063559448818897
0
LINE
8
BLACK
6
CONTINUOUS
10
7.6632461417322837
20
-2.5063559448818897
11
7.6584332677165357
21
-2.5031400787401572
0
LINE
8
BLACK
6
CONTINUOUS
10
7.6584332677165357
20
-2.5031400787401572
11
7.654340236220472
21
-2.4990470472440944
0
LINE
8
BLACK
6
CONTINUOUS
10
7.654340236220472
20
-2.4990470472440944
11
7.6511243700787404
21
-2.4942341732283464
0
LINE
8
BLACK
6
CONTINUOUS
10
7.6511243700787404
20
-2.4942341732283464
11
7.6489092519685036
21
-2.4888863779527557
0
LINE
8
BLACK
6
CONTINUOUS
10
7.6489092519685036
20
-2.4888863779527557
11
7.6477799606299213
21
-2.4832091732283463
0
LINE
8
BLACK
6
CONTINUOUS
10
7.6477799606299213
20
-2.4832091732283463
11
7.6476377952755907
21
-2.4803149606299213
0
LINE
8
BLACK
6
CONTINUOUS
10
7.6476377952755907
20
-2.4803149606299213
11
7.6476377952755907
21
-1.8307086614173227
0
LINE
8
BLACK
6
CONTINUOUS
10
7.6476377952755907
20
-1.8307086614173227
11
7.6477799606299213
21
-1.8278144488188977
0
LINE
8
BLACK
6
CONTINUOUS
10
7.6477799606299213
20
-1.8278144488188977
11
7.6489092125984248
21
-1.8221372834645668
0
LINE
8
BLACK
6
CONTINUOUS
10
7.6489092125984248
20
-1.8221372834645668
11
7.6511243700787404
21
-1.8167894881889763
0
LINE
8
BLACK
6
CONTINUOUS
10
7.6511243700787404
20
-1.8167894881889763
11
7.6511243700787404
21
-1.8167894488188976
0
LINE
8
BLACK
6
CONTINUOUS
10
7.6511243700787404
20
-1.8167894488188976
11
7.654340236220472
21
-1.8119765748031496
0
LINE
8
BLACK
6
CONTINUOUS
10
7.654340236220472
20
-1.8119765748031496
11
7.6562862204724409
21
-1.809829527559055
0
LINE
8
BLACK
6
CONTINUOUS
10
7.6562862204724409
20
-1.809829527559055
11
7.715341338582677
21
-1.7507744094488189
0
LINE
8
BLACK
6
CONTINUOUS
10
7.715341338582677
20
-1.7507744094488189
11
7.7174883858267718
21
-1.7488284251968504
0
LINE
8
BLACK
6
CONTINUOUS
10
7.7174883858267718
20
-1.7488284251968504
11
7.7201733858267714
21
-1.7470343700787401
0
LINE
8
BLACK
6
CONTINUOUS
10
7.7201733858267714
20
-1.7470343700787401
11
7.7223012598425198
21
-1.7456125590551181
0
LINE
8
BLACK
6
CONTINUOUS
10
7.7223012598425198
20
-1.7456125590551181
11
7.7276490551181096
21
-1.7433974409448818
0
LINE
8
BLACK
6
CONTINUOUS
10
7.7276490551181096
20
-1.7433974409448818
11
7.7333262598425199
21
-1.7422681496062993
0
LINE
8
BLACK
6
CONTINUOUS
10
7.7333262598425199
20
-1.7422681496062993
11
7.7362204724409445
21
-1.7421259842519685
0
LINE
8
BLACK
6
CONTINUOUS
10
7.7362204724409445
20
-1.7421259842519685
11
8.0314960629921259
21
-1.7421259842519685
0
LINE
8
BLACK
6
CONTINUOUS
10
8.0314960629921259
20
-1.7421259842519685
11
8.0343902755905514
21
-1.7422681496062993
0
LINE
8
BLACK
6
CONTINUOUS
10
7.6797341732283462
20
-2.5985935826771653
11
7.6797347637795275
21
-2.5985935826771653
0
LINE
8
BLACK
6
CONTINUOUS
10
7.6797347637795275
20
-2.5985935826771653
11
7.6846985039370077
21
-2.5999236220472439
0
LINE
8
BLACK
6
CONTINUOUS
10
7.6846985039370077
20
-2.5999236220472439
11
7.6891488582677168
21
-2.602493031496063
0
LINE
8
BLACK
6
CONTINUOUS
10
7.6891488582677168
20
-2.602493031496063
11
7.6891494488188972
21
-2.6024936220472439
0
LINE
8
BLACK
6
CONTINUOUS
10
7.6891494488188972
20
-2.6024936220472439
11
7.6910847637795277
21
-2.6041908267716534
0
LINE
8
BLACK
6
CONTINUOUS
10
7.6910847637795277
20
-2.6041908267716534
11
7.6999430314960629
21
-2.613049094488189
0
LINE
8
BLACK
6
CONTINUOUS
10
7.6999430314960629
20
-2.613049094488189
11
7.7016407874015744
21
-2.6149849999999999
0
LINE
8
BLACK
6
CONTINUOUS
10
7.7016407874015744
20
-2.6149849999999999
11
7.7042102362204723
21
-2.6194353543307085
0
LINE
8
BLACK
6
CONTINUOUS
10
7.7042102362204723
20
-2.6194353543307085
11
7.7055402755905513
21
-2.6243990944881888
0
LINE
8
BLACK
6
CONTINUOUS
10
7.7055402755905513
20
-2.6243990944881888
11
7.7055402755905513
21
-2.6295379133858265
0
LINE
8
BLACK
6
CONTINUOUS
10
7.7055402755905513
20
-2.6295379133858265
11
7.7054375590551176
21
-2.6299212598425195
0
LINE
8
BLACK
6
CONTINUOUS
10
7.7054375590551176
20
-2.6299212598425195
11
7.7111220472440944
21
-2.6299212598425195
0
LINE
8
BLACK
6
CONTINUOUS
10
7.7111220472440944
20
-2.6299212598425195
11
7.7126286614173223
21
-2.6302209448818896
0
LINE
8
BLACK
6
CONTINUOUS
10
7.7126286614173223
20
-2.6302209448818896
11
7.7139059448818896
21
-2.63107437007874
0
LINE
8
BLACK
6
CONTINUOUS
10
7.7139059448818896
20
-2.63107437007874
11
7.71475937007874
21
-2.6323516535433069
0
LINE
8
BLACK
6
CONTINUOUS
10
7.71475937007874
20
-2.6323516535433069
11
7.7150590551181102
21
-2.6338582677165352
0
LINE
8
BLACK
6
CONTINUOUS
10
7.7150590551181102
20
-2.6338582677165352
11
7.7150590551181102
21
-2.6417322834645667
0
LINE
8
BLACK
6
CONTINUOUS
10
7.7150590551181102
20
-2.6417322834645667
11
7.71475937007874
21
-2.6432388976377954
0
LINE
8
BLACK
6
CONTINUOUS
10
7.71475937007874
20
-2.6432388976377954
11
7.7139059448818896
21
-2.6445161811023623
0
LINE
8
BLACK
6
CONTINUOUS
10
7.7139059448818896
20
-2.6445161811023623
11
7.7126286614173223
21
-2.6453696062992127
0
LINE
8
BLACK
6
CONTINUOUS
10
7.7126286614173223
20
-2.6453696062992127
11
7.7111220472440944
21
-2.6456692913385824
0
LINE
8
BLACK
6
CONTINUOUS
10
7.7111220472440944
20
-2.6456692913385824
11
7.6916378740157478
21
-2.6456692913385824
0
LINE
8
BLACK
6
CONTINUOUS
10
7.6916378740157478
20
-2.6456692913385824
11
7.6885930314960627
21
-2.6464851574803148
0
LINE
8
BLACK
6
CONTINUOUS
10
7.6885930314960627
20
-2.6464851574803148
11
7.6834542125984253
21
-2.6464851574803148
0
LINE
8
BLACK
6
CONTINUOUS
10
7.6834542125984253
20
-2.6464851574803148
11
7.6804093700787401
21
-2.6456692913385824
0
LINE
8
BLACK
6
CONTINUOUS
10
7.6804093700787401
20
-2.6456692913385824
11
7.6609251968503935
21
-2.6456692913385824
0
LINE
8
BLACK
6
CONTINUOUS
10
7.6609251968503935
20
-2.6456692913385824
11
7.6594185826771648
21
-2.6453696062992127
0
LINE
8
BLACK
6
CONTINUOUS
10
7.6594185826771648
20
-2.6453696062992127
11
7.6581412992125983
21
-2.6445161811023623
0
LINE
8
BLACK
6
CONTINUOUS
10
7.6581412992125983
20
-2.6445161811023623
11
7.657287874015748
21
-2.6432388976377954
0
LINE
8
BLACK
6
CONTINUOUS
10
7.657287874015748
20
-2.6432388976377954
11
7.6569881889763778
21
-2.6417322834645667
0
LINE
8
BLACK
6
CONTINUOUS
10
7.6569881889763778
20
-2.6417322834645667
11
7.6569881889763778
21
-2.6377952755905509
0
LINE
8
BLACK
6
CONTINUOUS
10
7.6569881889763778
20
-2.6377952755905509
11
7.6206962598425196
21
-2.6377952755905509
0
LINE
8
BLACK
6
CONTINUOUS
10
7.6206962598425196
20
-2.6377952755905509
11
7.5944881889763778
21
-2.6640033464566928
0
LINE
8
BLACK
6
CONTINUOUS
10
7.5944881889763778
20
-2.6640033464566928
11
7.5944881889763778
21
-3.0416881496062991
0
LINE
8
BLACK
6
CONTINUOUS
10
7.5944881889763778
20
-3.0416881496062991
11
7.595530984251968
21
-3.0414807480314958
0
LINE
8
BLACK
6
CONTINUOUS
10
7.595530984251968
20
-3.0414807480314958
11
7.601319409448819
21
-3.0414807480314958
0
LINE
8
BLACK
6
CONTINUOUS
10
7.601319409448819
20
-3.0414807480314958
11
7.6069966141732284
21
-3.0426100393700786
0
LINE
8
BLACK
6
CONTINUOUS
10
7.6069966141732284
20
-3.0426100393700786
11
7.6123444094488191
21
-3.0448251574803149
0
LINE
8
BLACK
6
CONTINUOUS
10
7.6123444094488191
20
-3.0448251574803149
11
7.6171572834645671
21
-3.048041023622047
0
LINE
8
BLACK
6
CONTINUOUS
10
7.6171572834645671
20
-3.048041023622047
11
7.6212503149606299
21
-3.0521340551181102
0
LINE
8
BLACK
6
CONTINUOUS
10
7.6212503149606299
20
-3.0521340551181102
11
7.6244661811023624
21
-3.0569469291338582
0
LINE
8
BLACK
6
CONTINUOUS
10
7.6244661811023624
20
-3.0569469291338582
11
7.6266812992125983
21
-3.0622947244094489
0
LINE
8
BLACK
6
CONTINUOUS
10
7.6266812992125983
20
-3.0622947244094489
11
7.6278105905511806
21
-3.0679719291338583
0
LINE
8
BLACK
6
CONTINUOUS
10
7.6278105905511806
20
-3.0679719291338583
11
7.6278105905511806
21
-3.0737603543307084
0
LINE
8
BLACK
6
CONTINUOUS
10
7.6278105905511806
20
-3.0737603543307084
11
7.6266812992125983
21
-3.0794375590551182
0
LINE
8
BLACK
6
CONTINUOUS
10
7.6266812992125983
20
-3.0794375590551182
11
7.6244661811023624
21
-3.0847853543307084
0
LINE
8
BLACK
6
CONTINUOUS
10
7.6244661811023624
20
-3.0847853543307084
11
7.6212503149606299
21
-3.0895982283464565
0
LINE
8
BLACK
6
CONTINUOUS
10
7.6212503149606299
20
-3.0895982283464565
11
7.6181102362204722
21
-3.0927383070866141
0
LINE
8
BLACK
6
CONTINUOUS
10
7.6181102362204722
20
-3.0927383070866141
11
7.6181102362204722
21
-3.1102362204724407
0
LINE
8
BLACK
6
CONTINUOUS
10
7.6181102362204722
20
-3.1102362204724407
11
7.6181102362204722
21
-3.2086614173228347
0
LINE
8
BLACK
6
CONTINUOUS
10
7.6181102362204722
20
-3.2086614173228347
11
7.6179418503937004
21
-3.2112301968503938
0
LINE
8
BLACK
6
CONTINUOUS
10
7.6179418503937004
20
-3.2112301968503938
11
7.6179418503937004
21
-3.2112308267716534
0
LINE
8
BLACK
6
CONTINUOUS
10
7.6179418503937004
20
-3.2112308267716534
11
7.6170854330708657
21
-3.2144270078740158
0
LINE
8
BLACK
6
CONTINUOUS
10
7.6170854330708657
20
-3.2144270078740158
11
7.6166118110236223
21
-3.2161945669291336
0
LINE
8
BLACK
6
CONTINUOUS
10
7.6166118110236223
20
-3.2161945669291336
11
7.6140424015748032
21
-3.2206449212598423
0
LINE
8
BLACK
6
CONTINUOUS
10
7.6140424015748032
20
-3.2206449212598423
11
7.6140420472440944
21
-3.2206452362204723
0
LINE
8
BLACK
6
CONTINUOUS
10
7.6140420472440944
20
-3.2206452362204723
11
7.6123446062992128
21
-3.2225808661417323
0
LINE
8
BLACK
6
CONTINUOUS
10
7.6123446062992128
20
-3.2225808661417323
11
7.5532894881889758
21
-3.2816359448818897
0
LINE
8
BLACK
6
CONTINUOUS
10
7.5532894881889758
20
-3.2816359448818897
11
7.5513541732283462
21
-3.2833331102362204
0
LINE
8
BLACK
6
CONTINUOUS
10
7.5513541732283462
20
-3.2833331102362204
11
7.5513535826771649
21
-3.28333374015748
0
LINE
8
BLACK
6
CONTINUOUS
10
7.5513535826771649
20
-3.28333374015748
11
7.5473706692913387
21
-3.2856332677165354
0
LINE
8
BLACK
6
CONTINUOUS
10
7.5473706692913387
20
-3.2856332677165354
11
7.5469032283464568
21
-3.2859031496062991
0
LINE
8
BLACK
6
CONTINUOUS
10
7.5469032283464568
20
-3.2859031496062991
11
7.5419394881889765
21
-3.2872331889763777
0
LINE
8
BLACK
6
CONTINUOUS
10
7.5419394881889765
20
-3.2872331889763777
11
7.5419388976377952
21
-3.2872331889763777
0
LINE
8
BLACK
6
CONTINUOUS
10
7.5419388976377952
20
-3.2872331889763777
11
7.5393700787401574
21
-3.2874015748031495
0
LINE
8
BLACK
6
CONTINUOUS
10
7.5393700787401574
20
-3.2874015748031495
11
7.4409448818897639
21
-3.2874015748031495
0
LINE
8
BLACK
6
CONTINUOUS
10
7.4409448818897639
20
-3.2874015748031495
11
7.4383760629921261
21
-3.2872331889763777
0
LINE
8
BLACK
6
CONTINUOUS
10
7.4383760629921261
20
-3.2872331889763777
11
7.4383754724409448
21
-3.2872331889763777
0
LINE
8
BLACK
6
CONTINUOUS
10
7.4383754724409448
20
-3.2872331889763777
11
7.4334117322834645
21
-3.2859031496062991
0
LINE
8
BLACK
6
CONTINUOUS
10
7.4334117322834645
20
-3.2859031496062991
11
7.4329442913385826
21
-3.2856332677165354
0
LINE
8
BLACK
6
CONTINUOUS
10
7.4329442913385826
20
-3.2856332677165354
11
7.4289613779527555
21
-3.28333374015748
0
LINE
8
BLACK
6
CONTINUOUS
10
7.4289613779527555
20
-3.28333374015748
11
7.4289610236220467
21
-3.2833333858267717
0
LINE
8
BLACK
6
CONTINUOUS
10
7.4289610236220467
20
-3.2833333858267717
11
7.4270254724409446
21
-3.2816359448818897
0
LINE
8
BLACK
6
CONTINUOUS
10
7.4270254724409446
20
-3.2816359448818897
11
7.35405094488189
21
-3.2086614173228347
0
LINE
8
BLACK
6
CONTINUOUS
10
7.35405094488189
20
-3.2086614173228347
11
7.20757874015748
21
-3.2086614173228347
0
LINE
8
BLACK
6
CONTINUOUS
10
7.20757874015748
20
-3.2086614173228347
11
7.2050099212598422
21
-3.2084930314960629
0
LINE
8
BLACK
6
CONTINUOUS
10
7.2050099212598422
20
-3.2084930314960629
11
7.2050093307086609
21
-3.2084930314960629
0
LINE
8
BLACK
6
CONTINUOUS
10
7.2050093307086609
20
-3.2084930314960629
11
7.2010945275590545
21
-3.2074440551181103
0
LINE
8
BLACK
6
CONTINUOUS
10
7.2010945275590545
20
-3.2074440551181103
11
7.2000455905511807
21
-3.2071629921259843
0
LINE
8
BLACK
6
CONTINUOUS
10
7.2000455905511807
20
-3.2071629921259843
11
7.1955952362204725
21
-3.2045935826771652
0
LINE
8
BLACK
6
CONTINUOUS
10
7.1955952362204725
20
-3.2045935826771652
11
7.1955949212598425
21
-3.2045932677165352
0
LINE
8
BLACK
6
CONTINUOUS
10
7.1955949212598425
20
-3.2045932677165352
11
7.1936593307086616
21
-3.2028958267716536
0
LINE
8
BLACK
6
CONTINUOUS
10
7.1936593307086616
20
-3.2028958267716536
11
7.1792162992125981
21
-3.1884527952755906
0
LINE
8
BLACK
6
CONTINUOUS
10
7.1792162992125981
20
-3.1884527952755906
11
7.1773942913385822
21
-3.1888152362204725
0
LINE
8
BLACK
6
CONTINUOUS
10
7.1773942913385822
20
-3.1888152362204725
11
7.1708340551181102
21
-3.1888152362204725
0
LINE
8
BLACK
6
CONTINUOUS
10
7.1708340551181102
20
-3.1888152362204725
11
7.1643999212598422
21
-3.1875353937007875
0
LINE
8
BLACK
6
CONTINUOUS
10
7.1643999212598422
20
-3.1875353937007875
11
7.1583390944881886
21
-3.1850249212598425
0
LINE
8
BLACK
6
CONTINUOUS
10
7.1583390944881886
20
-3.1850249212598425
11
7.1528844881889766
21
-3.1813802755905511
0
LINE
8
BLACK
6
CONTINUOUS
10
7.1528844881889766
20
-3.1813802755905511
11
7.1482457086614168
21
-3.1767414960629918
0
LINE
8
BLACK
6
CONTINUOUS
10
7.1482457086614168
20
-3.1767414960629918
11
7.1446010629921259
21
-3.1712868897637794
0
LINE
8
BLACK
6
CONTINUOUS
10
7.1446010629921259
20
-3.1712868897637794
11
7.1420905905511809
21
-3.1652260629921258
0
LINE
8
BLACK
6
CONTINUOUS
10
7.1420905905511809
20
-3.1652260629921258
11
7.1408107480314955
21
-3.1587919291338582
0
LINE
8
BLACK
6
CONTINUOUS
10
7.1408107480314955
20
-3.1587919291338582
11
7.1408107480314955
21
-3.1522316929133858
0
LINE
8
BLACK
6
CONTINUOUS
10
7.1408107480314955
20
-3.1522316929133858
11
7.1420905905511809
21
-3.1457975590551182
0
LINE
8
BLACK
6
CONTINUOUS
10
7.1420905905511809
20
-3.1457975590551182
11
7.1446010629921259
21
-3.1397367322834646
0
LINE
8
BLACK
6
CONTINUOUS
10
7.1446010629921259
20
-3.1397367322834646
11
7.1482457086614168
21
-3.1342821259842517
0
LINE
8
BLACK
6
CONTINUOUS
10
7.1482457086614168
20
-3.1342821259842517
11
7.1528844881889766
21
-3.1296433464566928
0
LINE
8
BLACK
6
CONTINUOUS
10
7.1528844881889766
20
-3.1296433464566928
11
7.1583390944881886
21
-3.1259987007874015
0
LINE
8
BLACK
6
CONTINUOUS
10
7.1583390944881886
20
-3.1259987007874015
11
7.1643999212598422
21
-3.1234882283464565
0
LINE
8
BLACK
6
CONTINUOUS
10
7.1643999212598422
20
-3.1234882283464565
11
7.1708340551181102
21
-3.1222083858267715
0
LINE
8
BLACK
6
CONTINUOUS
10
7.1708340551181102
20
-3.1222083858267715
11
7.1773942913385822
21
-3.1222083858267715
0
LINE
8
BLACK
6
CONTINUOUS
10
7.1773942913385822
20
-3.1222083858267715
11
7.1838284251968503
21
-3.1234882283464565
0
LINE
8
BLACK
6
CONTINUOUS
10
7.1838284251968503
20
-3.1234882283464565
11
7.1898892519685038
21
-3.1259987007874015
0
LINE
8
BLACK
6
CONTINUOUS
10
7.1898892519685038
20
-3.1259987007874015
11
7.1953438582677167
21
-3.1296433464566928
0
LINE
8
BLACK
6
CONTINUOUS
10
7.1953438582677167
20
-3.1296433464566928
11
7.1999826377952756
21
-3.1342821259842517
0
LINE
8
BLACK
6
CONTINUOUS
10
7.1999826377952756
20
-3.1342821259842517
11
7.2036272834645665
21
-3.1397367322834646
0
LINE
8
BLACK
6
CONTINUOUS
10
7.2036272834645665
20
-3.1397367322834646
11
7.2061377559055115
21
-3.1457975590551182
0
LINE
8
BLACK
6
CONTINUOUS
10
7.2061377559055115
20
-3.1457975590551182
11
7.2074175984251969
21
-3.1522316929133858
0
LINE
8
BLACK
6
CONTINUOUS
10
7.2074175984251969
20
-3.1522316929133858
11
7.2074175984251969
21
-3.1587919291338582
0
LINE
8
BLACK
6
CONTINUOUS
10
7.2074175984251969
20
-3.1587919291338582
11
7.2070551574803146
21
-3.1606139370078741
0
LINE
8
BLACK
6
CONTINUOUS
10
7.2070551574803146
20
-3.1606139370078741
11
7.2157325590551178
21
-3.1692913385826773
0
LINE
8
BLACK
6
CONTINUOUS
10
7.2157325590551178
20
-3.1692913385826773
11
7.3622047244094491
21
-3.1692913385826773
0
LINE
8
BLACK
6
CONTINUOUS
10
7.3622047244094491
20
-3.1692913385826773
11
7.3647735433070869
21
-3.1694597244094487
0
LINE
8
BLACK
6
CONTINUOUS
10
7.3647735433070869
20
-3.1694597244094487
11
7.3647741338582673
21
-3.1694597244094487
0
LINE
8
BLACK
6
CONTINUOUS
10
7.3647741338582673
20
-3.1694597244094487
11
7.3686020866141728
21
-3.1704854330708661
0
LINE
8
BLACK
6
CONTINUOUS
10
7.3686020866141728
20
-3.1704854330708661
11
7.3697378740157475
21
-3.1707897637795277
0
LINE
8
BLACK
6
CONTINUOUS
10
7.3697378740157475
20
-3.1707897637795277
11
7.3713225984251967
21
-3.1717046850393702
0
LINE
8
BLACK
6
CONTINUOUS
10
7.3713225984251967
20
-3.1717046850393702
11
7.3777274409448816
21
-3.1652998425196848
0
LINE
8
BLACK
6
CONTINUOUS
10
7.3777274409448816
20
-3.1652998425196848
11
7.3777274409448816
21
-3.1623912204724407
0
LINE
8
BLACK
6
CONTINUOUS
10
7.3777274409448816
20
-3.1623912204724407
11
7.3790574803149607
21
-3.1574274803149605
0
LINE
8
BLACK
6
CONTINUOUS
10
7.3790574803149607
20
-3.1574274803149605
11
7.3816269291338585
21
-3.1529771653543306
0
LINE
8
BLACK
6
CONTINUOUS
10
7.3816269291338585
20
-3.1529771653543306
11
7.3834645669291339
21
-3.1511395275590552
0
LINE
8
BLACK
6
CONTINUOUS
10
7.3834645669291339
20
-3.1511395275590552
11
7.3834645669291339
21
-3.143011811023622
0
LINE
8
BLACK
6
CONTINUOUS
10
7.3834645669291339
20
-3.143011811023622
11
7.4110236220472441
21
-3.143011811023622
0
LINE
8
BLACK
6
CONTINUOUS
10
7.4110236220472441
20
-3.143011811023622
11
7.4110236220472441
21
-3.1509185433070868
0
LINE
8
BLACK
6
CONTINUOUS
10
7.4110236220472441
20
-3.1509185433070868
11
7.4111635039370078
21
-3.151041220472441
0
LINE
8
BLACK
6
CONTINUOUS
10
7.4111635039370078
20
-3.151041220472441
11
7.4154942125984249
21
-3.1553718897637792
0
LINE
8
BLACK
6
CONTINUOUS
10
7.4154942125984249
20
-3.1553718897637792
11
7.4171919685039365
21
-3.1573078346456693
0
LINE
8
BLACK
6
CONTINUOUS
10
7.4171919685039365
20
-3.1573078346456693
11
7.4197614173228343
21
-3.1617581889763779
0
LINE
8
BLACK
6
CONTINUOUS
10
7.4197614173228343
20
-3.1617581889763779
11
7.4210914566929134
21
-3.1667219291338582
0
LINE
8
BLACK
6
CONTINUOUS
10
7.4210914566929134
20
-3.1667219291338582
11
7.4210914566929134
21
-3.171860748031496
0
LINE
8
BLACK
6
CONTINUOUS
10
7.4210914566929134
20
-3.171860748031496
11
7.4197614173228343
21
-3.1768244881889762
0
LINE
8
BLACK
6
CONTINUOUS
10
7.4197614173228343
20
-3.1768244881889762
11
7.4171919685039365
21
-3.1812748031496061
0
LINE
8
BLACK
6
CONTINUOUS
10
7.4171919685039365
20
-3.1812748031496061
11
7.4154942519685036
21
-3.1832107480314962
0
LINE
8
BLACK
6
CONTINUOUS
10
7.4154942519685036
20
-3.1832107480314962
11
7.3998860629921257
21
-3.1988188976377954
0
LINE
8
BLACK
6
CONTINUOUS
10
7.3998860629921257
20
-3.1988188976377954
11
7.4490986614173229
21
-3.2480314960629921
0
LINE
8
BLACK
6
CONTINUOUS
10
7.4490986614173229
20
-3.2480314960629921
11
7.5312162992125984
21
-3.2480314960629921
0
LINE
8
BLACK
6
CONTINUOUS
10
7.5312162992125984
20
-3.2480314960629921
11
7.5787401574803148
21
-3.2005075984251969
0
LINE
8
BLACK
6
CONTINUOUS
10
7.5787401574803148
20
-3.2005075984251969
11
7.5787401574803148
21
-3.12257874015748
0
LINE
8
BLACK
6
CONTINUOUS
10
7.5787401574803148
20
-3.12257874015748
11
7.5782086614173227
21
-3.12257874015748
0
LINE
8
BLACK
6
CONTINUOUS
10
7.5782086614173227
20
-3.12257874015748
11
7.5766670078740157
21
-3.1224776771653544
0
LINE
8
BLACK
6
CONTINUOUS
10
7.5766670078740157
20
-3.1224776771653544
11
7.5750605511811022
21
-3.122047244094488
0
LINE
8
BLACK
6
CONTINUOUS
10
7.5750605511811022
20
-3.122047244094488
11
7.5442623622047247
21
-3.122047244094488
0
LINE
8
BLACK
6
CONTINUOUS
10
7.5442623622047247
20
-3.122047244094488
11
7.5346705511811018
21
-3.1316390551181104
0
LINE
8
BLACK
6
CONTINUOUS
10
7.5346705511811018
20
-3.1316390551181104
11
7.533508976377953
21
-3.1326577165354328
0
LINE
8
BLACK
6
CONTINUOUS
10
7.533508976377953
20
-3.1326577165354328
11
7.5308387795275591
21
-3.1341993700787403
0
LINE
8
BLACK
6
CONTINUOUS
10
7.5308387795275591
20
-3.1341993700787403
11
7.5278605511811021
21
-3.1349973622047242
0
LINE
8
BLACK
6
CONTINUOUS
10
7.5278605511811021
20
-3.1349973622047242
11
7.526318897637795
21
-3.1350984251968503
0
LINE
8
BLACK
6
CONTINUOUS
10
7.526318897637795
20
-3.1350984251968503
11
7.4539960629921262
21
-3.1350984251968503
0
LINE
8
BLACK
6
CONTINUOUS
10
7.4539960629921262
20
-3.1350984251968503
11
7.4524544094488183
21
-3.1349973622047242
0
LINE
8
BLACK
6
CONTINUOUS
10
7.4524544094488183
20
-3.1349973622047242
11
7.4494761811023622
21
-3.1341993700787403
0
LINE
8
BLACK
6
CONTINUOUS
10
7.4494761811023622
20
-3.1341993700787403
11
7.4468059842519683
21
-3.1326577165354328
0
LINE
8
BLACK
6
CONTINUOUS
10
7.4468059842519683
20
-3.1326577165354328
11
7.4456444094488186
21
-3.1316390551181104
0
LINE
8
BLACK
6
CONTINUOUS
10
7.4456444094488186
20
-3.1316390551181104
11
7.4325932283464562
21
-3.118587874015748
0
LINE
8
BLACK
6
CONTINUOUS
10
7.4325932283464562
20
-3.118587874015748
11
7.4315745669291333
21
-3.1174262992125983
0
LINE
8
BLACK
6
CONTINUOUS
10
7.4315745669291333
20
-3.1174262992125983
11
7.4300329133858263
21
-3.1147561023622048
0
LINE
8
BLACK
6
CONTINUOUS
10
7.4300329133858263
20
-3.1147561023622048
11
7.4292349212598427
21
-3.1117778740157478
0
LINE
8
BLACK
6
CONTINUOUS
10
7.4292349212598427
20
-3.1117778740157478
11
7.4291338582677167
21
-3.1102362204724407
0
LINE
8
BLACK
6
CONTINUOUS
10
7.4291338582677167
20
-3.1102362204724407
11
7.4291338582677167
21
-3.0959749606299214
0
LINE
8
BLACK
6
CONTINUOUS
10
7.4291338582677167
20
-3.0959749606299214
11
7.4212494488188971
21
-3.0880905511811023
0
LINE
8
BLACK
6
CONTINUOUS
10
7.4212494488188971
20
-3.0880905511811023
11
7.4110236220472441
21
-3.0880905511811023
0
LINE
8
BLACK
6
CONTINUOUS
10
7.4110236220472441
20
-3.0880905511811023
11
7.4110236220472441
21
-3.088287401574803
0
LINE
8
BLACK
6
CONTINUOUS
10
7.4110236220472441
20
-3.088287401574803
11
7.3834645669291339
21
-3.088287401574803
0
LINE
8
BLACK
6
CONTINUOUS
10
7.3834645669291339
20
-3.088287401574803
11
7.3834645669291339
21
-3.068208661417323
0
LINE
8
BLACK
6
CONTINUOUS
10
7.3834645669291339
20
-3.068208661417323
11
7.4110236220472441
21
-3.068208661417323
0
LINE
8
BLACK
6
CONTINUOUS
10
7.4110236220472441
20
-3.068208661417323
11
7.4110236220472441
21
-3.0684055118110236
0
LINE
8
BLACK
6
CONTINUOUS
10
7.4110236220472441
20
-3.0684055118110236
11
7.421738031496063
21
-3.0684055118110236
0
LINE
8
BLACK
6
CONTINUOUS
10
7.421738031496063
20
-3.0684055118110236
11
7.4235903543307087
21
-3.0673360629921258
0
LINE
8
BLACK
6
CONTINUOUS
10
7.4235903543307087
20
-3.0673360629921258
11
7.4265685826771648
21
-3.0665380708661418
0
LINE
8
BLACK
6
CONTINUOUS
10
7.4265685826771648
20
-3.0665380708661418
11
7.4296518897637798
21
-3.0665380708661418
0
LINE
8
BLACK
6
CONTINUOUS
10
7.4296518897637798
20
-3.0665380708661418
11
7.4326301181102359
21
-3.0673360629921258
0
LINE
8
BLACK
6
CONTINUOUS
10
7.4326301181102359
20
-3.0673360629921258
11
7.4353003149606298
21
-3.0688777165354328
0
LINE
8
BLACK
6
CONTINUOUS
10
7.4353003149606298
20
-3.0688777165354328
11
7.4364618897637795
21
-3.0698963779527557
0
LINE
8
BLACK
6
CONTINUOUS
10
7.4364618897637795
20
-3.0698963779527557
11
7.4492965354330707
21
-3.0827310236220473
0
LINE
8
BLACK
6
CONTINUOUS
10
7.4492965354330707
20
-3.0827310236220473
11
7.4503151968503936
21
-3.0838925984251966
0
LINE
8
BLACK
6
CONTINUOUS
10
7.4503151968503936
20
-3.0838925984251966
11
7.4518568503937006
21
-3.0865627952755905
0
LINE
8
BLACK
6
CONTINUOUS
10
7.4518568503937006
20
-3.0865627952755905
11
7.452654842519685
21
-3.0895410236220471
0
LINE
8
BLACK
6
CONTINUOUS
10
7.452654842519685
20
-3.0895410236220471
11
7.4527559055118111
21
-3.0910826771653541
0
LINE
8
BLACK
6
CONTINUOUS
10
7.4527559055118111
20
-3.0910826771653541
11
7.4527559055118111
21
-3.1053439370078739
0
LINE
8
BLACK
6
CONTINUOUS
10
7.4527559055118111
20
-3.1053439370078739
11
7.4588883464566926
21
-3.1114763779527559
0
LINE
8
BLACK
6
CONTINUOUS
10
7.4588883464566926
20
-3.1114763779527559
11
7.5214266141732278
21
-3.1114763779527559
0
LINE
8
BLACK
6
CONTINUOUS
10
7.5214266141732278
20
-3.1114763779527559
11
7.5310184251968506
21
-3.1018845669291339
0
LINE
8
BLACK
6
CONTINUOUS
10
7.5310184251968506
20
-3.1018845669291339
11
7.5321799999999994
21
-3.1008659055118111
0
LINE
8
BLACK
6
CONTINUOUS
10
7.5321799999999994
20
-3.1008659055118111
11
7.5348501968503934
21
-3.099324251968504
0
LINE
8
BLACK
6
CONTINUOUS
10
7.5348501968503934
20
-3.099324251968504
11
7.5378284251968504
21
-3.0985262598425196
0
LINE
8
BLACK
6
CONTINUOUS
10
7.5378284251968504
20
-3.0985262598425196
11
7.5393700787401574
21
-3.0984251968503935
0
LINE
8
BLACK
6
CONTINUOUS
10
7.5393700787401574
20
-3.0984251968503935
11
7.5776771653543307
21
-3.0984251968503935
0
LINE
8
BLACK
6
CONTINUOUS
10
7.5776771653543307
20
-3.0984251968503935
11
7.5787401574803148
21
-3.0984948425196848
0
LINE
8
BLACK
6
CONTINUOUS
10
7.5787401574803148
20
-3.0984948425196848
11
7.5787401574803148
21
-3.0927383070866141
0
LINE
8
BLACK
6
CONTINUOUS
10
7.5787401574803148
20
-3.0927383070866141
11
7.5756000787401572
21
-3.0895982283464565
0
LINE
8
BLACK
6
CONTINUOUS
10
7.5756000787401572
20
-3.0895982283464565
11
7.5728251574803149
21
-3.08544531496063
0
LINE
8
BLACK
6
CONTINUOUS
10
7.5728251574803149
20
-3.08544531496063
11
7.5727136614173229
21
-3.0854154330708661
0
LINE
8
BLACK
6
CONTINUOUS
10
7.5727136614173229
20
-3.0854154330708661
11
7.5691533464566927
21
-3.0833598818897636
0
LINE
8
BLACK
6
CONTINUOUS
10
7.5691533464566927
20
-3.0833598818897636
11
7.5662464173228345
21
-3.0804529527559055
0
LINE
8
BLACK
6
CONTINUOUS
10
7.5662464173228345
20
-3.0804529527559055
11
7.5641908661417325
21
-3.0768926377952757
0
LINE
8
BLACK
6
CONTINUOUS
10
7.5641908661417325
20
-3.0768926377952757
11
7.5631268503937008
21
-3.072921653543307
0
LINE
8
BLACK
6
CONTINUOUS
10
7.5631268503937008
20
-3.072921653543307
11
7.5629921259842519
21
-3.0708661417322833
0
LINE
8
BLACK
6
CONTINUOUS
10
7.5629921259842519
20
-3.0708661417322833
11
7.5629921259842519
21
-2.6574803149606296
0
LINE
8
BLACK
6
CONTINUOUS
10
7.5629921259842519
20
-2.6574803149606296
11
7.5631268503937008
21
-2.6554248031496064
0
LINE
8
BLACK
6
CONTINUOUS
10
7.5631268503937008
20
-2.6554248031496064
11
7.5633889763779525
21
-2.6544464960629921
0
LINE
8
BLACK
6
CONTINUOUS
10
7.5633889763779525
20
-2.6544464960629921
11
7.5641908661417325
21
-2.651453779527559
0
LINE
8
BLACK
6
CONTINUOUS
10
7.5641908661417325
20
-2.651453779527559
11
7.5662464173228345
21
-2.647893503937008
0
LINE
8
BLACK
6
CONTINUOUS
10
7.5662464173228345
20
-2.647893503937008
11
7.5676046062992128
21
-2.6463447637795277
0
LINE
8
BLACK
6
CONTINUOUS
10
7.5676046062992128
20
-2.6463447637795277
11
7.5986613385826773
21
-2.6152880314960631
0
LINE
8
BLACK
6
CONTINUOUS
10
7.5986613385826773
20
-2.6152880314960631
11
7.5999236220472444
21
-2.6105770866141733
0
LINE
8
BLACK
6
CONTINUOUS
10
7.5999236220472444
20
-2.6105770866141733
11
7.6024930314960626
21
-2.6061267322834647
0
LINE
8
BLACK
6
CONTINUOUS
10
7.6024930314960626
20
-2.6061267322834647
11
7.6061267322834647
21
-2.602493031496063
0
LINE
8
BLACK
6
CONTINUOUS
10
7.6061267322834647
20
-2.602493031496063
11
7.6105770866141729
21
-2.5999236220472439
0
LINE
8
BLACK
6
CONTINUOUS
10
7.6105770866141729
20
-2.5999236220472439
11
7.6155408267716531
21
-2.5985936220472441
0
LINE
8
BLACK
6
CONTINUOUS
10
7.6155408267716531
20
-2.5985936220472441
11
7.6181102362204722
21
-2.5984251968503935
0
LINE
8
BLACK
6
CONTINUOUS
10
7.6181102362204722
20
-2.5984251968503935
11
7.6771653543307083
21
-2.5984251968503935
0
LINE
8
BLACK
6
CONTINUOUS
10
7.6771653543307083
20
-2.5984251968503935
11
7.6797341732283462
21
-2.5985935826771653
0
LINE
8
BLACK
6
CONTINUOUS
10
7.5023622047244096
20
-3.1630905511811025
11
7.4748031496062994
21
-3.1630905511811025
0
LINE
8
BLACK
6
CONTINUOUS
10
7.4748031496062994
20
-3.1630905511811025
11
7.4748031496062994
21
-3.143011811023622
0
LINE
8
BLACK
6
CONTINUOUS
10
7.4748031496062994
20
-3.143011811023622
11
7.5023622047244096
21
-3.143011811023622
0
LINE
8
BLACK
6
CONTINUOUS
10
7.5023622047244096
20
-3.143011811023622
11
7.5023622047244096
21
-3.1630905511811025
0
LINE
8
BLACK
6
CONTINUOUS
10
7.3257288582677162
20
-1.8013232677165354
11
7.3314060236220469
21
-1.8024525196850394
0
LINE
8
BLACK
6
CONTINUOUS
10
7.3314060236220469
20
-1.8024525196850394
11
7.3345387007874017
21
-1.8037501181102362
0
LINE
8
BLACK
6
CONTINUOUS
10
7.3345387007874017
20
-1.8037501181102362
11
7.3367538582677163
21
-1.8046676771653543
0
LINE
8
BLACK
6
CONTINUOUS
10
7.3367538582677163
20
-1.8046676771653543
11
7.340950708661417
21
-1.8074719291338581
0
LINE
8
BLACK
6
CONTINUOUS
10
7.340950708661417
20
-1.8074719291338581
11
7.3415667322834643
21
-1.8078835433070866
0
LINE
8
BLACK
6
CONTINUOUS
10
7.3415667322834643
20
-1.8078835433070866
11
7.3437137795275591
21
-1.809829527559055
0
LINE
8
BLACK
6
CONTINUOUS
10
7.3437137795275591
20
-1.809829527559055
11
7.48150905511811
21
-1.9476248031496062
0
LINE
8
BLACK
6
CONTINUOUS
10
7.48150905511811
20
-1.9476248031496062
11
7.4834550393700789
21
-1.949771811023622
0
LINE
8
BLACK
6
CONTINUOUS
10
7.4834550393700789
20
-1.949771811023622
11
7.4850629527559054
21
-1.9521782677165354
0
LINE
8
BLACK
6
CONTINUOUS
10
7.4850629527559054
20
-1.9521782677165354
11
7.4866709055118106
21
-1.9545847244094487
0
LINE
8
BLACK
6
CONTINUOUS
10
7.4866709055118106
20
-1.9545847244094487
11
7.4888860236220474
21
-1.9599325196850392
0
LINE
8
BLACK
6
CONTINUOUS
10
7.4888860236220474
20
-1.9599325196850392
11
7.4900153149606297
21
-1.9656097244094488
0
LINE
8
BLACK
6
CONTINUOUS
10
7.4900153149606297
20
-1.9656097244094488
11
7.4901574803149602
21
-1.9685039370078741
0
LINE
8
BLACK
6
CONTINUOUS
10
7.4901574803149602
20
-1.9685039370078741
11
7.4901574803149602
21
-2.6181102362204722
0
LINE
8
BLACK
6
CONTINUOUS
10
7.4901574803149602
20
-2.6181102362204722
11
7.5196850393700787
21
-2.6181102362204722
0
LINE
8
BLACK
6
CONTINUOUS
10
7.5196850393700787
20
-2.6181102362204722
11
7.5222538582677165
21
-2.618278622047244
0
LINE
8
BLACK
6
CONTINUOUS
10
7.5222538582677165
20
-2.618278622047244
11
7.5222544488188978
21
-2.618278622047244
0
LINE
8
BLACK
6
CONTINUOUS
10
7.5222544488188978
20
-2.618278622047244
11
7.5272181889763781
21
-2.6196086614173226
0
LINE
8
BLACK
6
CONTINUOUS
10
7.5272181889763781
20
-2.6196086614173226
11
7.5316685433070862
21
-2.6221780708661417
0
LINE
8
BLACK
6
CONTINUOUS
10
7.5316685433070862
20
-2.6221780708661417
11
7.5316691338582675
21
-2.6221786614173226
0
LINE
8
BLACK
6
CONTINUOUS
10
7.5316691338582675
20
-2.6221786614173226
11
7.5336044488188971
21
-2.6238758661417321
0
LINE
8
BLACK
6
CONTINUOUS
10
7.5336044488188971
20
-2.6238758661417321
11
7.5453761023622041
21
-2.6356475196850395
0
LINE
8
BLACK
6
CONTINUOUS
10
7.5453761023622041
20
-2.6356475196850395
11
7.5470732677165353
21
-2.6375827952755904
0
LINE
8
BLACK
6
CONTINUOUS
10
7.5470732677165353
20
-2.6375827952755904
11
7.5470738976377953
21
-2.6375834251968504
0
LINE
8
BLACK
6
CONTINUOUS
10
7.5470738976377953
20
-2.6375834251968504
11
7.5486796456692913
21
-2.6403646850393701
0
LINE
8
BLACK
6
CONTINUOUS
10
7.5486796456692913
20
-2.6403646850393701
11
7.5496433070866136
21
-2.642033779527559
0
LINE
8
BLACK
6
CONTINUOUS
10
7.5496433070866136
20
-2.642033779527559
11
7.5509733464566926
21
-2.6469975196850393
0
LINE
8
BLACK
6
CONTINUOUS
10
7.5509733464566926
20
-2.6469975196850393
11
7.5509733464566926
21
-2.6469981102362206
0
LINE
8
BLACK
6
CONTINUOUS
10
7.5509733464566926
20
-2.6469981102362206
11
7.5511417322834644
21
-2.6495669291338584
0
LINE
8
BLACK
6
CONTINUOUS
10
7.5511417322834644
20
-2.6495669291338584
11
7.5511417322834644
21
-2.9606692913385828
0
LINE
8
BLACK
6
CONTINUOUS
10
7.5511417322834644
20
-2.9606692913385828
11
7.5509733464566926
21
-2.9632380708661419
0
LINE
8
BLACK
6
CONTINUOUS
10
7.5509733464566926
20
-2.9632380708661419
11
7.5509733464566926
21
-2.9632387007874015
0
LINE
8
BLACK
6
CONTINUOUS
10
7.5509733464566926
20
-2.9632387007874015
11
7.5496433070866136
21
-2.9682024409448817
0
LINE
8
BLACK
6
CONTINUOUS
10
7.5496433070866136
20
-2.9682024409448817
11
7.5470738976377953
21
-2.9726527952755903
0
LINE
8
BLACK
6
CONTINUOUS
10
7.5470738976377953
20
-2.9726527952755903
11
7.5470732677165353
21
-2.9726533858267716
0
LINE
8
BLACK
6
CONTINUOUS
10
7.5470732677165353
20
-2.9726533858267716
11
7.5453761023622041
21
-2.9745887007874017
0
LINE
8
BLACK
6
CONTINUOUS
10
7.5453761023622041
20
-2.9745887007874017
11
7.5336044488188971
21
-2.9863603543307087
0
LINE
8
BLACK
6
CONTINUOUS
10
7.5336044488188971
20
-2.9863603543307087
11
7.5316685039370075
21
-2.9880581102362203
0
LINE
8
BLACK
6
CONTINUOUS
10
7.5316685039370075
20
-2.9880581102362203
11
7.5272181889763781
21
-2.9906275590551181
0
LINE
8
BLACK
6
CONTINUOUS
10
7.5272181889763781
20
-2.9906275590551181
11
7.5222544488188978
21
-2.9919575984251967
0
LINE
8
BLACK
6
CONTINUOUS
10
7.5222544488188978
20
-2.9919575984251967
11
7.5222489370078742
21
-2.9919575984251967
0
LINE
8
BLACK
6
CONTINUOUS
10
7.5222489370078742
20
-2.9919575984251967
11
7.5213978346456694
21
-2.9928087007874016
0
LINE
8
BLACK
6
CONTINUOUS
10
7.5213978346456694
20
-2.9928087007874016
11
7.5178375196850391
21
-2.994864251968504
0
LINE
8
BLACK
6
CONTINUOUS
10
7.5178375196850391
20
-2.994864251968504
11
7.5138665354330705
21
-2.9959282677165353
0
LINE
8
BLACK
6
CONTINUOUS
10
7.5138665354330705
20
-2.9959282677165353
11
7.5118110236220472
21
-2.9960629921259843
0
LINE
8
BLACK
6
CONTINUOUS
10
7.5118110236220472
20
-2.9960629921259843
11
7.4995078740157481
21
-2.9960629921259843
0
LINE
8
BLACK
6
CONTINUOUS
10
7.4995078740157481
20
-2.9960629921259843
11
7.4995078740157481
21
-3.068208661417323
0
LINE
8
BLACK
6
CONTINUOUS
10
7.4995078740157481
20
-3.068208661417323
11
7.5023622047244096
21
-3.068208661417323
0
LINE
8
BLACK
6
CONTINUOUS
10
7.5023622047244096
20
-3.068208661417323
11
7.5023622047244096
21
-3.088287401574803
0
LINE
8
BLACK
6
CONTINUOUS
10
7.5023622047244096
20
-3.088287401574803
11
7.4937281102362201
21
-3.088287401574803
0
LINE
8
BLACK
6
CONTINUOUS
10
7.4937281102362201
20
-3.088287401574803
11
7.4922167322834641
21
-3.0891600000000001
0
LINE
8
BLACK
6
CONTINUOUS
10
7.4922167322834641
20
-3.0891600000000001
11
7.489238503937008
21
-3.0899579921259841
0
LINE
8
BLACK
6
CONTINUOUS
10
7.489238503937008
20
-3.0899579921259841
11
7.4861551968503939
21
-3.0899579921259841
0
LINE
8
BLACK
6
CONTINUOUS
10
7.4861551968503939
20
-3.0899579921259841
11
7.4831769685039369
21
-3.0891600000000001
0
LINE
8
BLACK
6
CONTINUOUS
10
7.4831769685039369
20
-3.0891600000000001
11
7.4816655905511809
21
-3.088287401574803
0
LINE
8
BLACK
6
CONTINUOUS
10
7.4816655905511809
20
-3.088287401574803
11
7.4748031496062994
21
-3.088287401574803
0
LINE
8
BLACK
6
CONTINUOUS
10
7.4748031496062994
20
-3.088287401574803
11
7.4748031496062994
21
-3.068208661417323
0
LINE
8
BLACK
6
CONTINUOUS
10
7.4748031496062994
20
-3.068208661417323
11
7.4758858267716537
21
-3.068208661417323
0
LINE
8
BLACK
6
CONTINUOUS
10
7.4758858267716537
20
-3.068208661417323
11
7.4758858267716537
21
-2.9902829133858266
0
LINE
8
BLACK
6
CONTINUOUS
10
7.4758858267716537
20
-2.9902829133858266
11
7.434421811023622
21
-2.9488188976377954
0
LINE
8
BLACK
6
CONTINUOUS
10
7.434421811023622
20
-2.9488188976377954
11
7.4015748031496065
21
-2.9488188976377954
0
LINE
8
BLACK
6
CONTINUOUS
10
7.4015748031496065
20
-2.9488188976377954
11
7.309672677165354
21
-2.9488188976377954
0
LINE
8
BLACK
6
CONTINUOUS
10
7.309672677165354
20
-2.9488188976377954
11
7.267041062992126
21
-2.9914505118110237
0
LINE
8
BLACK
6
CONTINUOUS
10
7.267041062992126
20
-2.9914505118110237
11
7.2654923228346453
21
-2.9928087007874016
0
LINE
8
BLACK
6
CONTINUOUS
10
7.2654923228346453
20
-2.9928087007874016
11
7.2619320472440947
21
-2.994864251968504
0
LINE
8
BLACK
6
CONTINUOUS
10
7.2619320472440947
20
-2.994864251968504
11
7.2579610236220473
21
-2.9959282677165353
0
LINE
8
BLACK
6
CONTINUOUS
10
7.2579610236220473
20
-2.9959282677165353
11
7.2559055118110232
21
-2.9960629921259843
0
LINE
8
BLACK
6
CONTINUOUS
10
7.2559055118110232
20
-2.9960629921259843
11
7.2136811023622043
21
-2.9960629921259843
0
LINE
8
BLACK
6
CONTINUOUS
10
7.2136811023622043
20
-2.9960629921259843
11
7.2136811023622043
21
-3.0137795275590551
0
LINE
8
BLACK
6
CONTINUOUS
10
7.2136811023622043
20
-3.0137795275590551
11
7.1467519685039367
21
-3.0137795275590551
0
LINE
8
BLACK
6
CONTINUOUS
10
7.1467519685039367
20
-3.0137795275590551
11
7.1467519685039367
21
-2.9468503937007875
0
LINE
8
BLACK
6
CONTINUOUS
10
7.1467519685039367
20
-2.9468503937007875
11
7.2136811023622043
21
-2.9468503937007875
0
LINE
8
BLACK
6
CONTINUOUS
10
7.2136811023622043
20
-2.9468503937007875
11
7.2136811023622043
21
-2.9645669291338583
0
LINE
8
BLACK
6
CONTINUOUS
10
7.2136811023622043
20
-2.9645669291338583
11
7.2493824409448822
21
-2.9645669291338583
0
LINE
8
BLACK
6
CONTINUOUS
10
7.2493824409448822
20
-2.9645669291338583
11
7.2920140551181101
21
-2.92193531496063
0
LINE
8
BLACK
6
CONTINUOUS
10
7.2920140551181101
20
-2.92193531496063
11
7.2935627952755908
21
-2.9205771259842521
0
LINE
8
BLACK
6
CONTINUOUS
10
7.2935627952755908
20
-2.9205771259842521
11
7.2971231102362202
21
-2.9185215748031497
0
LINE
8
BLACK
6
CONTINUOUS
10
7.2971231102362202
20
-2.9185215748031497
11
7.3010940944881888
21
-2.9174575590551179
0
LINE
8
BLACK
6
CONTINUOUS
10
7.3010940944881888
20
-2.9174575590551179
11
7.3031496062992121
21
-2.9173228346456694
0
LINE
8
BLACK
6
CONTINUOUS
10
7.3031496062992121
20
-2.9173228346456694
11
7.4015748031496065
21
-2.9173228346456694
0
LINE
8
BLACK
6
CONTINUOUS
10
7.4015748031496065
20
-2.9173228346456694
11
7.4409448818897639
21
-2.9173228346456694
0
LINE
8
BLACK
6
CONTINUOUS
10
7.4409448818897639
20
-2.9173228346456694
11
7.4430003937007871
21
-2.9174575590551179
0
LINE
8
BLACK
6
CONTINUOUS
10
7.4430003937007871
20
-2.9174575590551179
11
7.4469714173228345
21
-2.9185215748031497
0
LINE
8
BLACK
6
CONTINUOUS
10
7.4469714173228345
20
-2.9185215748031497
11
7.450531692913386
21
-2.9205771259842521
0
LINE
8
BLACK
6
CONTINUOUS
10
7.450531692913386
20
-2.9205771259842521
11
7.4520804330708659
21
-2.92193531496063
0
LINE
8
BLACK
6
CONTINUOUS
10
7.4520804330708659
20
-2.92193531496063
11
7.4947120472440947
21
-2.9645669291338583
0
LINE
8
BLACK
6
CONTINUOUS
10
7.4947120472440947
20
-2.9645669291338583
11
7.5016952362204723
21
-2.9645669291338583
0
LINE
8
BLACK
6
CONTINUOUS
10
7.5016952362204723
20
-2.9645669291338583
11
7.5040678740157478
21
-2.9604574803149606
0
LINE
8
BLACK
6
CONTINUOUS
10
7.5040678740157478
20
-2.9604574803149606
11
7.5057656299212594
21
-2.9585215354330709
0
LINE
8
BLACK
6
CONTINUOUS
10
7.5057656299212594
20
-2.9585215354330709
11
7.511771653543307
21
-2.9525155118110233
0
LINE
8
BLACK
6
CONTINUOUS
10
7.511771653543307
20
-2.9525155118110233
11
7.511771653543307
21
-2.6577207086614174
0
LINE
8
BLACK
6
CONTINUOUS
10
7.511771653543307
20
-2.6577207086614174
11
7.5115312598425197
21
-2.6574803149606296
0
LINE
8
BLACK
6
CONTINUOUS
10
7.5115312598425197
20
-2.6574803149606296
11
7.4890570472440947
21
-2.6574803149606296
0
LINE
8
BLACK
6
CONTINUOUS
10
7.4890570472440947
20
-2.6574803149606296
11
7.4893656692913382
21
-2.6579422047244092
0
LINE
8
BLACK
6
CONTINUOUS
10
7.4893656692913382
20
-2.6579422047244092
11
7.4896653543307083
21
-2.659448818897638
0
LINE
8
BLACK
6
CONTINUOUS
10
7.4896653543307083
20
-2.659448818897638
11
7.4896653543307083
21
-2.6673228346456694
0
LINE
8
BLACK
6
CONTINUOUS
10
7.4896653543307083
20
-2.6673228346456694
11
7.4893656692913382
21
-2.6688294488188977
0
LINE
8
BLACK
6
CONTINUOUS
10
7.4893656692913382
20
-2.6688294488188977
11
7.4885122440944878
21
-2.6701067322834646
0
LINE
8
BLACK
6
CONTINUOUS
10
7.4885122440944878
20
-2.6701067322834646
11
7.4872349606299213
21
-2.670960157480315
0
LINE
8
BLACK
6
CONTINUOUS
10
7.4872349606299213
20
-2.670960157480315
11
7.4857283464566926
21
-2.6712598425196852
0
LINE
8
BLACK
6
CONTINUOUS
10
7.4857283464566926
20
-2.6712598425196852
11
7.4355314960629917
21
-2.6712598425196852
0
LINE
8
BLACK
6
CONTINUOUS
10
7.4355314960629917
20
-2.6712598425196852
11
7.4340248818897638
21
-2.670960157480315
0
LINE
8
BLACK
6
CONTINUOUS
10
7.4340248818897638
20
-2.670960157480315
11
7.4327475984251965
21
-2.6701067322834646
0
LINE
8
BLACK
6
CONTINUOUS
10
7.4327475984251965
20
-2.6701067322834646
11
7.4318941732283461
21
-2.6688294488188977
0
LINE
8
BLACK
6
CONTINUOUS
10
7.4318941732283461
20
-2.6688294488188977
11
7.4315944881889759
21
-2.6673228346456694
0
LINE
8
BLACK
6
CONTINUOUS
10
7.4315944881889759
20
-2.6673228346456694
11
7.4315944881889759
21
-2.659448818897638
0
LINE
8
BLACK
6
CONTINUOUS
10
7.4315944881889759
20
-2.659448818897638
11
7.4318941732283461
21
-2.6579422047244092
0
LINE
8
BLACK
6
CONTINUOUS
10
7.4318941732283461
20
-2.6579422047244092
11
7.4327475984251965
21
-2.6566649212598423
0
LINE
8
BLACK
6
CONTINUOUS
10
7.4327475984251965
20
-2.6566649212598423
11
7.4340248818897638
21
-2.6558114960629919
0
LINE
8
BLACK
6
CONTINUOUS
10
7.4340248818897638
20
-2.6558114960629919
11
7.4355314960629917
21
-2.6555118110236218
0
LINE
8
BLACK
6
CONTINUOUS
10
7.4355314960629917
20
-2.6555118110236218
11
7.4371262204724404
21
-2.6555118110236218
0
LINE
8
BLACK
6
CONTINUOUS
10
7.4371262204724404
20
-2.6555118110236218
11
7.4345889370078737
21
-2.6517144881889765
0
LINE
8
BLACK
6
CONTINUOUS
10
7.4345889370078737
20
-2.6517144881889765
11
7.4323738188976378
21
-2.6463666929133858
0
LINE
8
BLACK
6
CONTINUOUS
10
7.4323738188976378
20
-2.6463666929133858
11
7.4312445275590546
21
-2.6406894881889764
0
LINE
8
BLACK
6
CONTINUOUS
10
7.4312445275590546
20
-2.6406894881889764
11
7.4311023622047241
21
-2.6377952755905509
0
LINE
8
BLACK
6
CONTINUOUS
10
7.4311023622047241
20
-2.6377952755905509
11
7.4311023622047241
21
-1.9807346456692914
0
LINE
8
BLACK
6
CONTINUOUS
10
7.4311023622047241
20
-1.9807346456692914
11
7.3106039370078735
21
-1.860236220472441
0
LINE
8
BLACK
6
CONTINUOUS
10
7.3106039370078735
20
-1.860236220472441
11
6.9610496062992127
21
-1.860236220472441
0
LINE
8
BLACK
6
CONTINUOUS
10
6.9610496062992127
20
-1.860236220472441
11
6.9106429133858267
21
-1.9106429133858267
0
LINE
8
BLACK
6
CONTINUOUS
10
6.9106429133858267
20
-1.9106429133858267
11
6.9084958661417319
21
-1.9125888976377952
0
LINE
8
BLACK
6
CONTINUOUS
10
6.9084958661417319
20
-1.9125888976377952
11
6.9036829921259839
21
-1.9158047637795275
0
LINE
8
BLACK
6
CONTINUOUS
10
6.9036829921259839
20
-1.9158047637795275
11
6.9014678346456693
21
-1.916722283464567
0
LINE
8
BLACK
6
CONTINUOUS
10
6.9014678346456693
20
-1.916722283464567
11
6.8983351574803145
21
-1.9180199212598426
0
LINE
8
BLACK
6
CONTINUOUS
10
6.8983351574803145
20
-1.9180199212598426
11
6.8926579921259838
21
-1.9191491732283463
0
LINE
8
BLACK
6
CONTINUOUS
10
6.8926579921259838
20
-1.9191491732283463
11
6.8897637795275593
21
-1.9192913385826771
0
LINE
8
BLACK
6
CONTINUOUS
10
6.8897637795275593
20
-1.9192913385826771
11
6.8216446456692914
21
-1.9192913385826771
0
LINE
8
BLACK
6
CONTINUOUS
10
6.8216446456692914
20
-1.9192913385826771
11
6.8201664566929132
21
-1.9199036220472441
0
LINE
8
BLACK
6
CONTINUOUS
10
6.8201664566929132
20
-1.9199036220472441
11
6.8141107874015745
21
-1.9211081889763779
0
LINE
8
BLACK
6
CONTINUOUS
10
6.8141107874015745
20
-1.9211081889763779
11
6.8079364566929135
21
-1.9211081889763779
0
LINE
8
BLACK
6
CONTINUOUS
10
6.8079364566929135
20
-1.9211081889763779
11
6.8018807874015748
21
-1.9199036220472441
0
LINE
8
BLACK
6
CONTINUOUS
10
6.8018807874015748
20
-1.9199036220472441
11
6.7961764960629916
21
-1.9175408267716536
0
LINE
8
BLACK
6
CONTINUOUS
10
6.7961764960629916
20
-1.9175408267716536
11
6.7910427165354328
21
-1.9141105511811023
0
LINE
8
BLACK
6
CONTINUOUS
10
6.7910427165354328
20
-1.9141105511811023
11
6.7866768503937003
21
-1.90974468503937
0
LINE
8
BLACK
6
CONTINUOUS
10
6.7866768503937003
20
-1.90974468503937
11
6.7832465748031492
21
-1.904610905511811
0
LINE
8
BLACK
6
CONTINUOUS
10
6.7832465748031492
20
-1.904610905511811
11
6.7808837795275592
21
-1.8989066141732283
0
LINE
8
BLACK
6
CONTINUOUS
10
6.7808837795275592
20
-1.8989066141732283
11
6.7796792125984249
21
-1.8928509448818898
0
LINE
8
BLACK
6
CONTINUOUS
10
6.7796792125984249
20
-1.8928509448818898
11
6.7796792125984249
21
-1.8866766141732283
0
LINE
8
BLACK
6
CONTINUOUS
10
6.7796792125984249
20
-1.8866766141732283
11
6.7808837795275592
21
-1.8806209448818898
0
LINE
8
BLACK
6
CONTINUOUS
10
6.7808837795275592
20
-1.8806209448818898
11
6.7832465748031492
21
-1.8749166535433071
0
LINE
8
BLACK
6
CONTINUOUS
10
6.7832465748031492
20
-1.8749166535433071
11
6.7866768503937003
21
-1.8697828740157481
0
LINE
8
BLACK
6
CONTINUOUS
10
6.7866768503937003
20
-1.8697828740157481
11
6.7910427165354328
21
-1.8654170078740158
0
LINE
8
BLACK
6
CONTINUOUS
10
6.7910427165354328
20
-1.8654170078740158
11
6.7961764960629916
21
-1.8619867322834645
0
LINE
8
BLACK
6
CONTINUOUS
10
6.7961764960629916
20
-1.8619867322834645
11
6.8018807874015748
21
-1.859623937007874
0
LINE
8
BLACK
6
CONTINUOUS
10
6.8018807874015748
20
-1.859623937007874
11
6.8079364566929135
21
-1.8584193700787401
0
LINE
8
BLACK
6
CONTINUOUS
10
6.8079364566929135
20
-1.8584193700787401
11
6.8141107874015745
21
-1.8584193700787401
0
LINE
8
BLACK
6
CONTINUOUS
10
6.8141107874015745
20
-1.8584193700787401
11
6.8201664566929132
21
-1.859623937007874
0
LINE
8
BLACK
6
CONTINUOUS
10
6.8201664566929132
20
-1.859623937007874
11
6.8216446456692914
21
-1.860236220472441
0
LINE
8
BLACK
6
CONTINUOUS
10
6.8216446456692914
20
-1.860236220472441
11
6.877533070866142
21
-1.860236220472441
0
LINE
8
BLACK
6
CONTINUOUS
10
6.877533070866142
20
-1.860236220472441
11
6.927939763779527
21
-1.809829527559055
0
LINE
8
BLACK
6
CONTINUOUS
10
6.927939763779527
20
-1.809829527559055
11
6.9300868110236218
21
-1.8078835433070866
0
LINE
8
BLACK
6
CONTINUOUS
10
6.9300868110236218
20
-1.8078835433070866
11
6.9307028346456692
21
-1.8074719291338581
0
LINE
8
BLACK
6
CONTINUOUS
10
6.9307028346456692
20
-1.8074719291338581
11
6.9348996850393698
21
-1.8046676771653543
0
LINE
8
BLACK
6
CONTINUOUS
10
6.9348996850393698
20
-1.8046676771653543
11
6.9402474803149605
21
-1.8024525590551181
0
LINE
8
BLACK
6
CONTINUOUS
10
6.9402474803149605
20
-1.8024525590551181
11
6.9459246850393699
21
-1.8013232677165354
0
LINE
8
BLACK
6
CONTINUOUS
10
6.9459246850393699
20
-1.8013232677165354
11
6.9488188976377954
21
-1.8011811023622046
0
LINE
8
BLACK
6
CONTINUOUS
10
6.9488188976377954
20
-1.8011811023622046
11
7.3228346456692908
21
-1.8011811023622046
0
LINE
8
BLACK
6
CONTINUOUS
10
7.3228346456692908
20
-1.8011811023622046
11
7.3257288582677162
21
-1.8013232677165354
0
LINE
8
BLACK
6
CONTINUOUS
10
7.1899307874015745
20
-2.7482913779527558
11
7.1959916141732281
21
-2.7508018503937008
0
LINE
8
BLACK
6
CONTINUOUS
10
7.1959916141732281
20
-2.7508018503937008
11
7.201446220472441
21
-2.7544464960629922
0
LINE
8
BLACK
6
CONTINUOUS
10
7.201446220472441
20
-2.7544464960629922
11
7.2060849999999999
21
-2.7590852755905511
0
LINE
8
BLACK
6
CONTINUOUS
10
7.2060849999999999
20
-2.7590852755905511
11
7.2097296456692908
21
-2.7645398818897635
0
LINE
8
BLACK
6
CONTINUOUS
10
7.2097296456692908
20
-2.7645398818897635
11
7.2122401181102358
21
-2.7706007086614171
0
LINE
8
BLACK
6
CONTINUOUS
10
7.2122401181102358
20
-2.7706007086614171
11
7.2124495275590546
21
-2.7716535433070866
0
LINE
8
BLACK
6
CONTINUOUS
10
7.2124495275590546
20
-2.7716535433070866
11
7.3818897637795278
21
-2.7716535433070866
0
LINE
8
BLACK
6
CONTINUOUS
10
7.3818897637795278
20
-2.7716535433070866
11
7.384459173228346
21
-2.7718219685039371
0
LINE
8
BLACK
6
CONTINUOUS
10
7.384459173228346
20
-2.7718219685039371
11
7.3894229133858262
21
-2.773151968503937
0
LINE
8
BLACK
6
CONTINUOUS
10
7.3894229133858262
20
-2.773151968503937
11
7.3938732677165353
21
-2.7757213779527556
0
LINE
8
BLACK
6
CONTINUOUS
10
7.3938732677165353
20
-2.7757213779527556
11
7.3975069685039365
21
-2.7793550787401573
0
LINE
8
BLACK
6
CONTINUOUS
10
7.3975069685039365
20
-2.7793550787401573
11
7.3998795669291333
21
-2.7834645669291338
0
LINE
8
BLACK
6
CONTINUOUS
10
7.3998795669291333
20
-2.7834645669291338
11
7.4606299212598426
21
-2.7834645669291338
0
LINE
8
BLACK
6
CONTINUOUS
10
7.4606299212598426
20
-2.7834645669291338
11
7.4857283464566926
21
-2.7834645669291338
0
LINE
8
BLACK
6
CONTINUOUS
10
7.4857283464566926
20
-2.7834645669291338
11
7.4872349606299213
21
-2.783764251968504
0
LINE
8
BLACK
6
CONTINUOUS
10
7.4872349606299213
20
-2.783764251968504
11
7.4885122440944878
21
-2.7846176771653544
0
LINE
8
BLACK
6
CONTINUOUS
10
7.4885122440944878
20
-2.7846176771653544
11
7.4893656692913382
21
-2.7858949606299213
0
LINE
8
BLACK
6
CONTINUOUS
10
7.4893656692913382
20
-2.7858949606299213
11
7.4896653543307083
21
-2.7874015748031495
0
LINE
8
BLACK
6
CONTINUOUS
10
7.4896653543307083
20
-2.7874015748031495
11
7.4896653543307083
21
-2.795275590551181
0
LINE
8
BLACK
6
CONTINUOUS
10
7.4896653543307083
20
-2.795275590551181
11
7.4893656692913382
21
-2.7967822047244093
0
LINE
8
BLACK
6
CONTINUOUS
10
7.4893656692913382
20
-2.7967822047244093
11
7.4885122440944878
21
-2.7980594881889762
0
LINE
8
BLACK
6
CONTINUOUS
10
7.4885122440944878
20
-2.7980594881889762
11
7.4872349606299213
21
-2.7989129133858266
0
LINE
8
BLACK
6
CONTINUOUS
10
7.4872349606299213
20
-2.7989129133858266
11
7.4857283464566926
21
-2.7992125984251968
0
LINE
8
BLACK
6
CONTINUOUS
10
7.4857283464566926
20
-2.7992125984251968
11
7.4355314960629917
21
-2.7992125984251968
0
LINE
8
BLACK
6
CONTINUOUS
10
7.4355314960629917
20
-2.7992125984251968
11
7.3998795669291333
21
-2.7992125984251968
0
LINE
8
BLACK
6
CONTINUOUS
10
7.3998795669291333
20
-2.7992125984251968
11
7.3975069685039365
21
-2.8033220866141733
0
LINE
8
BLACK
6
CONTINUOUS
10
7.3975069685039365
20
-2.8033220866141733
11
7.3938732677165353
21
-2.8069557874015749
0
LINE
8
BLACK
6
CONTINUOUS
10
7.3938732677165353
20
-2.8069557874015749
11
7.3894229133858262
21
-2.8095251968503936
0
LINE
8
BLACK
6
CONTINUOUS
10
7.3894229133858262
20
-2.8095251968503936
11
7.384459173228346
21
-2.8108551968503934
0
LINE
8
BLACK
6
CONTINUOUS
10
7.384459173228346
20
-2.8108551968503934
11
7.3818897637795278
21
-2.811023622047244
0
LINE
8
BLACK
6
CONTINUOUS
10
7.3818897637795278
20
-2.811023622047244
11
7.1931052755905514
21
-2.811023622047244
0
LINE
8
BLACK
6
CONTINUOUS
10
7.1931052755905514
20
-2.811023622047244
11
7.1899307874015745
21
-2.8123385433070864
0
LINE
8
BLACK
6
CONTINUOUS
10
7.1899307874015745
20
-2.8123385433070864
11
7.1834966535433074
21
-2.8136183858267714
0
LINE
8
BLACK
6
CONTINUOUS
10
7.1834966535433074
20
-2.8136183858267714
11
7.1769364173228345
21
-2.8136183858267714
0
LINE
8
BLACK
6
CONTINUOUS
10
7.1769364173228345
20
-2.8136183858267714
11
7.1705022834645664
21
-2.8123385433070864
0
LINE
8
BLACK
6
CONTINUOUS
10
7.1705022834645664
20
-2.8123385433070864
11
7.1644414566929129
21
-2.8098280708661418
0
LINE
8
BLACK
6
CONTINUOUS
10
7.1644414566929129
20
-2.8098280708661418
11
7.1589868503937009
21
-2.8061834251968505
0
LINE
8
BLACK
6
CONTINUOUS
10
7.1589868503937009
20
-2.8061834251968505
11
7.154348070866142
21
-2.8015446456692912
0
LINE
8
BLACK
6
CONTINUOUS
10
7.154348070866142
20
-2.8015446456692912
11
7.1507034251968502
21
-2.7960900393700787
0
LINE
8
BLACK
6
CONTINUOUS
10
7.1507034251968502
20
-2.7960900393700787
11
7.1481929527559052
21
-2.7900292125984252
0
LINE
8
BLACK
6
CONTINUOUS
10
7.1481929527559052
20
-2.7900292125984252
11
7.1469131102362207
21
-2.7835950787401575
0
LINE
8
BLACK
6
CONTINUOUS
10
7.1469131102362207
20
-2.7835950787401575
11
7.1469131102362207
21
-2.7770348425196851
0
LINE
8
BLACK
6
CONTINUOUS
10
7.1469131102362207
20
-2.7770348425196851
11
7.1481929527559052
21
-2.7706007086614171
0
LINE
8
BLACK
6
CONTINUOUS
10
7.1481929527559052
20
-2.7706007086614171
11
7.1507034251968502
21
-2.7645398818897635
0
LINE
8
BLACK
6
CONTINUOUS
10
7.1507034251968502
20
-2.7645398818897635
11
7.154348070866142
21
-2.7590852755905511
0
LINE
8
BLACK
6
CONTINUOUS
10
7.154348070866142
20
-2.7590852755905511
11
7.1589868503937009
21
-2.7544464960629922
0
LINE
8
BLACK
6
CONTINUOUS
10
7.1589868503937009
20
-2.7544464960629922
11
7.1644414566929129
21
-2.7508018503937008
0
LINE
8
BLACK
6
CONTINUOUS
10
7.1644414566929129
20
-2.7508018503937008
11
7.1705022834645664
21
-2.7482913779527558
0
LINE
8
BLACK
6
CONTINUOUS
10
7.1705022834645664
20
-2.7482913779527558
11
7.1769364173228345
21
-2.7470115354330709
0
LINE
8
BLACK
6
CONTINUOUS
10
7.1769364173228345
20
-2.7470115354330709
11
7.1834966535433074
21
-2.7470115354330709
0
LINE
8
BLACK
6
CONTINUOUS
10
7.1834966535433074
20
-2.7470115354330709
11
7.1899307874015745
21
-2.7482913779527558
0
LINE
8
BLACK
6
CONTINUOUS
10
7.4872349606299213
20
-2.7581737007874016
11
7.4885122440944878
21
-2.759027125984252
0
LINE
8
BLACK
6
CONTINUOUS
10
7.4885122440944878
20
-2.759027125984252
11
7.4893656692913382
21
-2.7603044094488189
0
LINE
8
BLACK
6
CONTINUOUS
10
7.4893656692913382
20
-2.7603044094488189
11
7.4896653543307083
21
-2.7618110236220472
0
LINE
8
BLACK
6
CONTINUOUS
10
7.4896653543307083
20
-2.7618110236220472
11
7.4896653543307083
21
-2.7696850393700787
0
LINE
8
BLACK
6
CONTINUOUS
10
7.4896653543307083
20
-2.7696850393700787
11
7.4893656692913382
21
-2.771191653543307
0
LINE
8
BLACK
6
CONTINUOUS
10
7.4893656692913382
20
-2.771191653543307
11
7.4885122440944878
21
-2.7724689370078739
0
LINE
8
BLACK
6
CONTINUOUS
10
7.4885122440944878
20
-2.7724689370078739
11
7.4872349606299213
21
-2.7733223622047243
0
LINE
8
BLACK
6
CONTINUOUS
10
7.4872349606299213
20
-2.7733223622047243
11
7.4857283464566926
21
-2.7736220472440944
0
LINE
8
BLACK
6
CONTINUOUS
10
7.4857283464566926
20
-2.7736220472440944
11
7.4355314960629917
21
-2.7736220472440944
0
LINE
8
BLACK
6
CONTINUOUS
10
7.4355314960629917
20
-2.7736220472440944
11
7.4340248818897638
21
-2.7733223622047243
0
LINE
8
BLACK
6
CONTINUOUS
10
7.4340248818897638
20
-2.7733223622047243
11
7.4327475984251965
21
-2.7724689370078739
0
LINE
8
BLACK
6
CONTINUOUS
10
7.4327475984251965
20
-2.7724689370078739
11
7.4318941732283461
21
-2.771191653543307
0
LINE
8
BLACK
6
CONTINUOUS
10
7.4318941732283461
20
-2.771191653543307
11
7.4315944881889759
21
-2.7696850393700787
0
LINE
8
BLACK
6
CONTINUOUS
10
7.4315944881889759
20
-2.7696850393700787
11
7.4315944881889759
21
-2.7618110236220472
0
LINE
8
BLACK
6
CONTINUOUS
10
7.4315944881889759
20
-2.7618110236220472
11
7.4318941732283461
21
-2.7603044094488189
0
LINE
8
BLACK
6
CONTINUOUS
10
7.4318941732283461
20
-2.7603044094488189
11
7.4327475984251965
21
-2.759027125984252
0
LINE
8
BLACK
6
CONTINUOUS
10
7.4327475984251965
20
-2.759027125984252
11
7.4340248818897638
21
-2.7581737007874016
0
LINE
8
BLACK
6
CONTINUOUS
10
7.4340248818897638
20
-2.7581737007874016
11
7.4355314960629917
21
-2.7578740157480315
0
LINE
8
BLACK
6
CONTINUOUS
10
7.4355314960629917
20
-2.7578740157480315
11
7.4857283464566926
21
-2.7578740157480315
0
LINE
8
BLACK
6
CONTINUOUS
10
7.4857283464566926
20
-2.7578740157480315
11
7.4872349606299213
21
-2.7581737007874016
0
LINE
8
BLACK
6
CONTINUOUS
10
7.7126286614173223
20
-2.7581737007874016
11
7.7139059448818896
21
-2.759027125984252
0
LINE
8
BLACK
6
CONTINUOUS
10
7.7139059448818896
20
-2.759027125984252
11
7.71475937007874
21
-2.7603044094488189
0
LINE
8
BLACK
6
CONTINUOUS
10
7.71475937007874
20
-2.7603044094488189
11
7.7150590551181102
21
-2.7618110236220472
0
LINE
8
BLACK
6
CONTINUOUS
10
7.7150590551181102
20
-2.7618110236220472
11
7.7150590551181102
21
-2.7696850393700787
0
LINE
8
BLACK
6
CONTINUOUS
10
7.7150590551181102
20
-2.7696850393700787
11
7.71475937007874
21
-2.771191653543307
0
LINE
8
BLACK
6
CONTINUOUS
10
7.71475937007874
20
-2.771191653543307
11
7.7139059448818896
21
-2.7724689370078739
0
LINE
8
BLACK
6
CONTINUOUS
10
7.7139059448818896
20
-2.7724689370078739
11
7.7126286614173223
21
-2.7733223622047243
0
LINE
8
BLACK
6
CONTINUOUS
10
7.7126286614173223
20
-2.7733223622047243
11
7.7111220472440944
21
-2.7736220472440944
0
LINE
8
BLACK
6
CONTINUOUS
10
7.7111220472440944
20
-2.7736220472440944
11
7.6609251968503935
21
-2.7736220472440944
0
LINE
8
BLACK
6
CONTINUOUS
10
7.6609251968503935
20
-2.7736220472440944
11
7.6594185826771648
21
-2.7733223622047243
0
LINE
8
BLACK
6
CONTINUOUS
10
7.6594185826771648
20
-2.7733223622047243
11
7.6581412992125983
21
-2.7724689370078739
0
LINE
8
BLACK
6
CONTINUOUS
10
7.6581412992125983
20
-2.7724689370078739
11
7.657287874015748
21
-2.771191653543307
0
LINE
8
BLACK
6
CONTINUOUS
10
7.657287874015748
20
-2.771191653543307
11
7.6569881889763778
21
-2.7696850393700787
0
LINE
8
BLACK
6
CONTINUOUS
10
7.6569881889763778
20
-2.7696850393700787
11
7.6569881889763778
21
-2.7618110236220472
0
LINE
8
BLACK
6
CONTINUOUS
10
7.6569881889763778
20
-2.7618110236220472
11
7.657287874015748
21
-2.7603044094488189
0
LINE
8
BLACK
6
CONTINUOUS
10
7.657287874015748
20
-2.7603044094488189
11
7.6581412992125983
21
-2.759027125984252
0
LINE
8
BLACK
6
CONTINUOUS
10
7.6581412992125983
20
-2.759027125984252
11
7.6594185826771648
21
-2.7581737007874016
0
LINE
8
BLACK
6
CONTINUOUS
10
7.6594185826771648
20
-2.7581737007874016
11
7.6609251968503935
21
-2.7578740157480315
0
LINE
8
BLACK
6
CONTINUOUS
10
7.6609251968503935
20
-2.7578740157480315
11
7.7111220472440944
21
-2.7578740157480315
0
LINE
8
BLACK
6
CONTINUOUS
10
7.7111220472440944
20
-2.7578740157480315
11
7.7126286614173223
21
-2.7581737007874016
0
LINE
8
BLACK
6
CONTINUOUS
10
7.1899307874015745
20
-2.6482913779527557
11
7.1959916141732281
21
-2.6508018503937008
0
LINE
8
BLACK
6
CONTINUOUS
10
7.1959916141732281
20
-2.6508018503937008
11
7.201446220472441
21
-2.6544464960629921
0
LINE
8
BLACK
6
CONTINUOUS
10
7.201446220472441
20
-2.6544464960629921
11
7.204480039370079
21
-2.6574803149606296
0
LINE
8
BLACK
6
CONTINUOUS
10
7.204480039370079
20
-2.6574803149606296
11
7.3228346456692908
21
-2.6574803149606296
0
LINE
8
BLACK
6
CONTINUOUS
10
7.3228346456692908
20
-2.6574803149606296
11
7.3254034645669286
21
-2.6576487007874015
0
LINE
8
BLACK
6
CONTINUOUS
10
7.3254034645669286
20
-2.6576487007874015
11
7.3254040551181099
21
-2.6576487007874015
0
LINE
8
BLACK
6
CONTINUOUS
10
7.3254040551181099
20
-2.6576487007874015
11
7.3303677952755901
21
-2.65897874015748
0
LINE
8
BLACK
6
CONTINUOUS
10
7.3303677952755901
20
-2.65897874015748
11
7.3348181496062992
21
-2.6615481496062992
0
LINE
8
BLACK
6
CONTINUOUS
10
7.3348181496062992
20
-2.6615481496062992
11
7.3348187401574805
21
-2.6615487401574804
0
LINE
8
BLACK
6
CONTINUOUS
10
7.3348187401574805
20
-2.6615487401574804
11
7.3367540551181101
21
-2.6632459448818895
0
LINE
8
BLACK
6
CONTINUOUS
10
7.3367540551181101
20
-2.6632459448818895
11
7.3958091732283462
21
-2.7223010236220473
0
LINE
8
BLACK
6
CONTINUOUS
10
7.3958091732283462
20
-2.7223010236220473
11
7.3975069291338578
21
-2.7242369685039369
0
LINE
8
BLACK
6
CONTINUOUS
10
7.3975069291338578
20
-2.7242369685039369
11
7.4000763779527556
21
-2.7286873228346455
0
LINE
8
BLACK
6
CONTINUOUS
10
7.4000763779527556
20
-2.7286873228346455
11
7.4010399606299213
21
-2.7322834645669292
0
LINE
8
BLACK
6
CONTINUOUS
10
7.4010399606299213
20
-2.7322834645669292
11
7.4606299212598426
21
-2.7322834645669292
0
LINE
8
BLACK
6
CONTINUOUS
10
7.4606299212598426
20
-2.7322834645669292
11
7.4857283464566926
21
-2.7322834645669292
0
LINE
8
BLACK
6
CONTINUOUS
10
7.4857283464566926
20
-2.7322834645669292
11
7.4872349606299213
21
-2.7325831496062993
0
LINE
8
BLACK
6
CONTINUOUS
10
7.4872349606299213
20
-2.7325831496062993
11
7.4885122440944878
21
-2.7334365748031497
0
LINE
8
BLACK
6
CONTINUOUS
10
7.4885122440944878
20
-2.7334365748031497
11
7.4893656692913382
21
-2.7347138582677166
0
LINE
8
BLACK
6
CONTINUOUS
10
7.4893656692913382
20
-2.7347138582677166
11
7.4896653543307083
21
-2.7362204724409449
0
LINE
8
BLACK
6
CONTINUOUS
10
7.4896653543307083
20
-2.7362204724409449
11
7.4896653543307083
21
-2.7440944881889764
0
LINE
8
BLACK
6
CONTINUOUS
10
7.4896653543307083
20
-2.7440944881889764
11
7.4893656692913382
21
-2.7456011023622047
0
LINE
8
BLACK
6
CONTINUOUS
10
7.4893656692913382
20
-2.7456011023622047
11
7.4885122440944878
21
-2.7468783858267716
0
LINE
8
BLACK
6
CONTINUOUS
10
7.4885122440944878
20
-2.7468783858267716
11
7.4872349606299213
21
-2.747731811023622
0
LINE
8
BLACK
6
CONTINUOUS
10
7.4872349606299213
20
-2.747731811023622
11
7.4857283464566926
21
-2.7480314960629921
0
LINE
8
BLACK
6
CONTINUOUS
10
7.4857283464566926
20
-2.7480314960629921
11
7.4355314960629917
21
-2.7480314960629921
0
LINE
8
BLACK
6
CONTINUOUS
10
7.4355314960629917
20
-2.7480314960629921
11
7.3976064960629921
21
-2.7480314960629921
0
LINE
8
BLACK
6
CONTINUOUS
10
7.3976064960629921
20
-2.7480314960629921
11
7.3975069291338578
21
-2.7482039370078741
0
LINE
8
BLACK
6
CONTINUOUS
10
7.3975069291338578
20
-2.7482039370078741
11
7.3938732283464565
21
-2.7518376377952753
0
LINE
8
BLACK
6
CONTINUOUS
10
7.3938732283464565
20
-2.7518376377952753
11
7.3894228740157475
21
-2.7544070866141732
0
LINE
8
BLACK
6
CONTINUOUS
10
7.3894228740157475
20
-2.7544070866141732
11
7.384459173228346
21
-2.7557371259842518
0
LINE
8
BLACK
6
CONTINUOUS
10
7.384459173228346
20
-2.7557371259842518
11
7.3793203543307087
21
-2.7557371259842518
0
LINE
8
BLACK
6
CONTINUOUS
10
7.3793203543307087
20
-2.7557371259842518
11
7.3743566141732284
21
-2.7544070866141732
0
LINE
8
BLACK
6
CONTINUOUS
10
7.3743566141732284
20
-2.7544070866141732
11
7.3699062598425193
21
-2.7518376377952753
0
LINE
8
BLACK
6
CONTINUOUS
10
7.3699062598425193
20
-2.7518376377952753
11
7.3679703149606297
21
-2.7501398818897638
0
LINE
8
BLACK
6
CONTINUOUS
10
7.3679703149606297
20
-2.7501398818897638
11
7.3146808661417317
21
-2.6968503937007875
0
LINE
8
BLACK
6
CONTINUOUS
10
7.3146808661417317
20
-2.6968503937007875
11
7.2092215748031494
21
-2.6968503937007875
0
LINE
8
BLACK
6
CONTINUOUS
10
7.2092215748031494
20
-2.6968503937007875
11
7.2060849999999999
21
-2.7015446456692911
0
LINE
8
BLACK
6
CONTINUOUS
10
7.2060849999999999
20
-2.7015446456692911
11
7.201446220472441
21
-2.7061834251968504
0
LINE
8
BLACK
6
CONTINUOUS
10
7.201446220472441
20
-2.7061834251968504
11
7.1959916141732281
21
-2.7098280708661417
0
LINE
8
BLACK
6
CONTINUOUS
10
7.1959916141732281
20
-2.7098280708661417
11
7.1899307874015745
21
-2.7123385433070863
0
LINE
8
BLACK
6
CONTINUOUS
10
7.1899307874015745
20
-2.7123385433070863
11
7.1834966535433074
21
-2.7136183858267717
0
LINE
8
BLACK
6
CONTINUOUS
10
7.1834966535433074
20
-2.7136183858267717
11
7.1769364173228345
21
-2.7136183858267717
0
LINE
8
BLACK
6
CONTINUOUS
10
7.1769364173228345
20
-2.7136183858267717
11
7.1705022834645664
21
-2.7123385433070863
0
LINE
8
BLACK
6
CONTINUOUS
10
7.1705022834645664
20
-2.7123385433070863
11
7.1644414566929129
21
-2.7098280708661417
0
LINE
8
BLACK
6
CONTINUOUS
10
7.1644414566929129
20
-2.7098280708661417
11
7.1589868503937009
21
-2.7061834251968504
0
LINE
8
BLACK
6
CONTINUOUS
10
7.1589868503937009
20
-2.7061834251968504
11
7.154348070866142
21
-2.7015446456692911
0
LINE
8
BLACK
6
CONTINUOUS
10
7.154348070866142
20
-2.7015446456692911
11
7.1507034251968502
21
-2.6960900393700786
0
LINE
8
BLACK
6
CONTINUOUS
10
7.1507034251968502
20
-2.6960900393700786
11
7.1481929527559052
21
-2.6900292125984251
0
LINE
8
BLACK
6
CONTINUOUS
10
7.1481929527559052
20
-2.6900292125984251
11
7.1469131102362207
21
-2.6835950787401575
0
LINE
8
BLACK
6
CONTINUOUS
10
7.1469131102362207
20
-2.6835950787401575
11
7.1469131102362207
21
-2.677034842519685
0
LINE
8
BLACK
6
CONTINUOUS
10
7.1469131102362207
20
-2.677034842519685
11
7.1481929527559052
21
-2.6706007086614174
0
LINE
8
BLACK
6
CONTINUOUS
10
7.1481929527559052
20
-2.6706007086614174
11
7.1507034251968502
21
-2.6645398818897639
0
LINE
8
BLACK
6
CONTINUOUS
10
7.1507034251968502
20
-2.6645398818897639
11
7.154348070866142
21
-2.659085275590551
0
LINE
8
BLACK
6
CONTINUOUS
10
7.154348070866142
20
-2.659085275590551
11
7.1589868503937009
21
-2.6544464960629921
0
LINE
8
BLACK
6
CONTINUOUS
10
7.1589868503937009
20
-2.6544464960629921
11
7.1644414566929129
21
-2.6508018503937008
0
LINE
8
BLACK
6
CONTINUOUS
10
7.1644414566929129
20
-2.6508018503937008
11
7.1705022834645664
21
-2.6482913779527557
0
LINE
8
BLACK
6
CONTINUOUS
10
7.1705022834645664
20
-2.6482913779527557
11
7.1769364173228345
21
-2.6470115354330708
0
LINE
8
BLACK
6
CONTINUOUS
10
7.1769364173228345
20
-2.6470115354330708
11
7.1834966535433074
21
-2.6470115354330708
0
LINE
8
BLACK
6
CONTINUOUS
10
7.1834966535433074
20
-2.6470115354330708
11
7.1899307874015745
21
-2.6482913779527557
0
LINE
8
BLACK
6
CONTINUOUS
10
7.4872349606299213
20
-2.7069925984251966
11
7.4885122440944878
21
-2.7078460236220474
0
LINE
8
BLACK
6
CONTINUOUS
10
7.4885122440944878
20
-2.7078460236220474
11
7.4893656692913382
21
-2.7091233070866143
0
LINE
8
BLACK
6
CONTINUOUS
10
7.4893656692913382
20
-2.7091233070866143
11
7.4896653543307083
21
-2.7106299212598426
0
LINE
8
BLACK
6
CONTINUOUS
10
7.4896653543307083
20
-2.7106299212598426
11
7.4896653543307083
21
-2.7185039370078741
0
LINE
8
BLACK
6
CONTINUOUS
10
7.4896653543307083
20
-2.7185039370078741
11
7.4893656692913382
21
-2.7200105511811024
0
LINE
8
BLACK
6
CONTINUOUS
10
7.4893656692913382
20
-2.7200105511811024
11
7.4885122440944878
21
-2.7212878346456693
0
LINE
8
BLACK
6
CONTINUOUS
10
7.4885122440944878
20
-2.7212878346456693
11
7.4872349606299213
21
-2.7221412598425196
0
LINE
8
BLACK
6
CONTINUOUS
10
7.4872349606299213
20
-2.7221412598425196
11
7.4857283464566926
21
-2.7224409448818898
0
LINE
8
BLACK
6
CONTINUOUS
10
7.4857283464566926
20
-2.7224409448818898
11
7.4355314960629917
21
-2.7224409448818898
0
LINE
8
BLACK
6
CONTINUOUS
10
7.4355314960629917
20
-2.7224409448818898
11
7.4340248818897638
21
-2.7221412598425196
0
LINE
8
BLACK
6
CONTINUOUS
10
7.4340248818897638
20
-2.7221412598425196
11
7.4327475984251965
21
-2.7212878346456693
0
LINE
8
BLACK
6
CONTINUOUS
10
7.4327475984251965
20
-2.7212878346456693
11
7.4318941732283461
21
-2.7200105511811024
0
LINE
8
BLACK
6
CONTINUOUS
10
7.4318941732283461
20
-2.7200105511811024
11
7.4315944881889759
21
-2.7185039370078741
0
LINE
8
BLACK
6
CONTINUOUS
10
7.4315944881889759
20
-2.7185039370078741
11
7.4315944881889759
21
-2.7106299212598426
0
LINE
8
BLACK
6
CONTINUOUS
10
7.4315944881889759
20
-2.7106299212598426
11
7.4318941732283461
21
-2.7091233070866143
0
LINE
8
BLACK
6
CONTINUOUS
10
7.4318941732283461
20
-2.7091233070866143
11
7.4327475984251965
21
-2.7078460236220474
0
LINE
8
BLACK
6
CONTINUOUS
10
7.4327475984251965
20
-2.7078460236220474
11
7.4340248818897638
21
-2.7069925984251966
0
LINE
8
BLACK
6
CONTINUOUS
10
7.4340248818897638
20
-2.7069925984251966
11
7.4355314960629917
21
-2.7066929133858268
0
LINE
8
BLACK
6
CONTINUOUS
10
7.4355314960629917
20
-2.7066929133858268
11
7.4857283464566926
21
-2.7066929133858268
0
LINE
8
BLACK
6
CONTINUOUS
10
7.4857283464566926
20
-2.7066929133858268
11
7.4872349606299213
21
-2.7069925984251966
0
LINE
8
BLACK
6
CONTINUOUS
10
7.7126286614173223
20
-2.7069925984251966
11
7.7139059448818896
21
-2.7078460236220474
0
LINE
8
BLACK
6
CONTINUOUS
10
7.7139059448818896
20
-2.7078460236220474
11
7.71475937007874
21
-2.7091233070866143
0
LINE
8
BLACK
6
CONTINUOUS
10
7.71475937007874
20
-2.7091233070866143
11
7.7150590551181102
21
-2.7106299212598426
0
LINE
8
BLACK
6
CONTINUOUS
10
7.7150590551181102
20
-2.7106299212598426
11
7.7150590551181102
21
-2.7185039370078741
0
LINE
8
BLACK
6
CONTINUOUS
10
7.7150590551181102
20
-2.7185039370078741
11
7.71475937007874
21
-2.7200105511811024
0
LINE
8
BLACK
6
CONTINUOUS
10
7.71475937007874
20
-2.7200105511811024
11
7.7139059448818896
21
-2.7212878346456693
0
LINE
8
BLACK
6
CONTINUOUS
10
7.7139059448818896
20
-2.7212878346456693
11
7.7126286614173223
21
-2.7221412598425196
0
LINE
8
BLACK
6
CONTINUOUS
10
7.7126286614173223
20
-2.7221412598425196
11
7.7111220472440944
21
-2.7224409448818898
0
LINE
8
BLACK
6
CONTINUOUS
10
7.7111220472440944
20
-2.7224409448818898
11
7.6609251968503935
21
-2.7224409448818898
0
LINE
8
BLACK
6
CONTINUOUS
10
7.6609251968503935
20
-2.7224409448818898
11
7.6594185826771648
21
-2.7221412598425196
0
LINE
8
BLACK
6
CONTINUOUS
10
7.6594185826771648
20
-2.7221412598425196
11
7.6581412992125983
21
-2.7212878346456693
0
LINE
8
BLACK
6
CONTINUOUS
10
7.6581412992125983
20
-2.7212878346456693
11
7.657287874015748
21
-2.7200105511811024
0
LINE
8
BLACK
6
CONTINUOUS
10
7.657287874015748
20
-2.7200105511811024
11
7.6569881889763778
21
-2.7185039370078741
0
LINE
8
BLACK
6
CONTINUOUS
10
7.6569881889763778
20
-2.7185039370078741
11
7.6569881889763778
21
-2.7106299212598426
0
LINE
8
BLACK
6
CONTINUOUS
10
7.6569881889763778
20
-2.7106299212598426
11
7.657287874015748
21
-2.7091233070866143
0
LINE
8
BLACK
6
CONTINUOUS
10
7.657287874015748
20
-2.7091233070866143
11
7.6581412992125983
21
-2.7078460236220474
0
LINE
8
BLACK
6
CONTINUOUS
10
7.6581412992125983
20
-2.7078460236220474
11
7.6594185826771648
21
-2.7069925984251966
0
LINE
8
BLACK
6
CONTINUOUS
10
7.6594185826771648
20
-2.7069925984251966
11
7.6609251968503935
21
-2.7066929133858268
0
LINE
8
BLACK
6
CONTINUOUS
10
7.6609251968503935
20
-2.7066929133858268
11
7.7111220472440944
21
-2.7066929133858268
0
LINE
8
BLACK
6
CONTINUOUS
10
7.7111220472440944
20
-2.7066929133858268
11
7.7126286614173223
21
-2.7069925984251966
0
LINE
8
BLACK
6
CONTINUOUS
10
7.4872349606299213
20
-2.6814020472440943
11
7.4885122440944878
21
-2.6822554724409446
0
LINE
8
BLACK
6
CONTINUOUS
10
7.4885122440944878
20
-2.6822554724409446
11
7.4893656692913382
21
-2.6835327559055115
0
LINE
8
BLACK
6
CONTINUOUS
10
7.4893656692913382
20
-2.6835327559055115
11
7.4896653543307083
21
-2.6850393700787403
0
LINE
8
BLACK
6
CONTINUOUS
10
7.4896653543307083
20
-2.6850393700787403
11
7.4896653543307083
21
-2.6929133858267718
0
LINE
8
BLACK
6
CONTINUOUS
10
7.4896653543307083
20
-2.6929133858267718
11
7.4893656692913382
21
-2.69442
0
LINE
8
BLACK
6
CONTINUOUS
10
7.4893656692913382
20
-2.69442
11
7.4885122440944878
21
-2.6956972834645669
0
LINE
8
BLACK
6
CONTINUOUS
10
7.4885122440944878
20
-2.6956972834645669
11
7.4872349606299213
21
-2.6965507086614173
0
LINE
8
BLACK
6
CONTINUOUS
10
7.4872349606299213
20
-2.6965507086614173
11
7.4857283464566926
21
-2.6968503937007875
0
LINE
8
BLACK
6
CONTINUOUS
10
7.4857283464566926
20
-2.6968503937007875
11
7.4355314960629917
21
-2.6968503937007875
0
LINE
8
BLACK
6
CONTINUOUS
10
7.4355314960629917
20
-2.6968503937007875
11
7.4340248818897638
21
-2.6965507086614173
0
LINE
8
BLACK
6
CONTINUOUS
10
7.4340248818897638
20
-2.6965507086614173
11
7.4327475984251965
21
-2.6956972834645669
0
LINE
8
BLACK
6
CONTINUOUS
10
7.4327475984251965
20
-2.6956972834645669
11
7.4318941732283461
21
-2.69442
0
LINE
8
BLACK
6
CONTINUOUS
10
7.4318941732283461
20
-2.69442
11
7.4315944881889759
21
-2.6929133858267718
0
LINE
8
BLACK
6
CONTINUOUS
10
7.4315944881889759
20
-2.6929133858267718
11
7.4315944881889759
21
-2.6850393700787403
0
LINE
8
BLACK
6
CONTINUOUS
10
7.4315944881889759
20
-2.6850393700787403
11
7.4318941732283461
21
-2.6835327559055115
0
LINE
8
BLACK
6
CONTINUOUS
10
7.4318941732283461
20
-2.6835327559055115
11
7.4327475984251965
21
-2.6822554724409446
0
LINE
8
BLACK
6
CONTINUOUS
10
7.4327475984251965
20
-2.6822554724409446
11
7.4340248818897638
21
-2.6814020472440943
0
LINE
8
BLACK
6
CONTINUOUS
10
7.4340248818897638
20
-2.6814020472440943
11
7.4355314960629917
21
-2.6811023622047245
0
LINE
8
BLACK
6
CONTINUOUS
10
7.4355314960629917
20
-2.6811023622047245
11
7.4857283464566926
21
-2.6811023622047245
0
LINE
8
BLACK
6
CONTINUOUS
10
7.4857283464566926
20
-2.6811023622047245
11
7.4872349606299213
21
-2.6814020472440943
0
LINE
8
BLACK
6
CONTINUOUS
10
7.5261407480314961
20
-1.4780561023622047
11
7.5697297637795273
21
-1.4810376771653544
0
LINE
8
BLACK
6
CONTINUOUS
10
7.5697297637795273
20
-1.4810376771653544
11
7.6131915354330708
21
-1.4855056692913386
0
LINE
8
BLACK
6
CONTINUOUS
10
7.6131915354330708
20
-1.4855056692913386
11
7.6564754724409445
21
-1.4914549212598425
0
LINE
8
BLACK
6
CONTINUOUS
10
7.6564754724409445
20
-1.4914549212598425
11
7.6995310236220469
21
-1.4988784645669291
0
LINE
8
BLACK
6
CONTINUOUS
10
7.6995310236220469
20
-1.4988784645669291
11
7.7423080708661418
21
-1.5077676377952756
0
LINE
8
BLACK
6
CONTINUOUS
10
7.7423080708661418
20
-1.5077676377952756
11
7.7847566535433073
21
-1.5181120472440945
0
LINE
8
BLACK
6
CONTINUOUS
10
7.7847566535433073
20
-1.5181120472440945
11
7.8268273622047246
21
-1.5298997244094488
0
LINE
8
BLACK
6
CONTINUOUS
10
7.8268273622047246
20
-1.5298997244094488
11
7.8684710629921257
21
-1.5431168503937007
0
LINE
8
BLACK
6
CONTINUOUS
10
7.8684710629921257
20
-1.5431168503937007
11
7.9096392519685041
21
-1.557748031496063
0
LINE
8
BLACK
6
CONTINUOUS
10
7.9096392519685041
20
-1.557748031496063
11
7.9502839370078737
21
-1.5737761811023621
0
LINE
8
BLACK
6
CONTINUOUS
10
7.9502839370078737
20
-1.5737761811023621
11
7.9903576771653544
21
-1.5911826771653543
0
LINE
8
BLACK
6
CONTINUOUS
10
7.9903576771653544
20
-1.5911826771653543
11
8.0298137795275597
21
-1.6099471653543307
0
LINE
8
BLACK
6
CONTINUOUS
10
8.0298137795275597
20
-1.6099471653543307
11
8.0686062598425199
21
-1.6300477952755905
0
LINE
8
BLACK
6
CONTINUOUS
10
8.0686062598425199
20
-1.6300477952755905
11
8.1066898425196854
21
-1.6514611417322835
0
LINE
8
BLACK
6
CONTINUOUS
10
8.1066898425196854
20
-1.6514611417322835
11
8.1440201574803144
21
-1.6741622047244094
0
LINE
8
BLACK
6
CONTINUOUS
10
8.1440201574803144
20
-1.6741622047244094
11
8.1805536614173224
21
-1.6981245669291338
0
LINE
8
BLACK
6
CONTINUOUS
10
8.1805536614173224
20
-1.6981245669291338
11
8.2162477952755903
21
-1.7233201968503937
0
LINE
8
BLACK
6
CONTINUOUS
10
8.2162477952755903
20
-1.7233201968503937
11
8.2510609055118103
21
-1.7497198031496062
0
LINE
8
BLACK
6
CONTINUOUS
10
8.2510609055118103
20
-1.7497198031496062
11
8.2849524015748024
21
-1.7772925984251968
0
LINE
8
BLACK
6
CONTINUOUS
10
8.2849524015748024
20
-1.7772925984251968
11
8.3178827559055115
21
-1.8060063779527558
0
LINE
8
BLACK
6
CONTINUOUS
10
8.3178827559055115
20
-1.8060063779527558
11
8.3498136220472432
21
-1.8358277165354331
0
LINE
8
BLACK
6
CONTINUOUS
10
8.3498136220472432
20
-1.8358277165354331
11
8.3807077165354329
21
-1.8667218110236221
0
LINE
8
BLACK
6
CONTINUOUS
10
8.3807077165354329
20
-1.8667218110236221
11
8.4105290551181096
21
-1.8986526771653542
0
LINE
8
BLACK
6
CONTINUOUS
10
8.4105290551181096
20
-1.8986526771653542
11
8.4392428346456683
21
-1.9315830314960629
0
LINE
8
BLACK
6
CONTINUOUS
10
8.4392428346456683
20
-1.9315830314960629
11
8.4668156299212605
21
-1.9654745275590551
0
LINE
8
BLACK
6
CONTINUOUS
10
8.4668156299212605
20
-1.9654745275590551
11
8.4932152362204718
21
-2.0002876377952754
0
LINE
8
BLACK
6
CONTINUOUS
10
8.4932152362204718
20
-2.0002876377952754
11
8.5184108661417319
21
-2.0359817716535433
0
LINE
8
BLACK
6
CONTINUOUS
10
8.5184108661417319
20
-2.0359817716535433
11
8.542373228346456
21
-2.0725152755905509
0
LINE
8
BLACK
6
CONTINUOUS
10
8.542373228346456
20
-2.0725152755905509
11
8.5650742913385827
21
-2.1098455905511813
0
LINE
8
BLACK
6
CONTINUOUS
10
8.5650742913385827
20
-2.1098455905511813
11
8.5864876377952761
21
-2.1479291732283463
0
LINE
8
BLACK
6
CONTINUOUS
10
8.5864876377952761
20
-2.1479291732283463
11
8.6065882677165355
21
-2.1867216535433069
0
LINE
8
BLACK
6
CONTINUOUS
10
8.6065882677165355
20
-2.1867216535433069
11
8.6253527559055119
21
-2.2261777559055118
0
LINE
8
BLACK
6
CONTINUOUS
10
8.6253527559055119
20
-2.2261777559055118
11
8.6427592519685046
21
-2.266251496062992
0
LINE
8
BLACK
6
CONTINUOUS
10
8.6427592519685046
20
-2.266251496062992
11
8.6587874015748021
21
-2.3068961811023621
0
LINE
8
BLACK
6
CONTINUOUS
10
8.6587874015748021
20
-2.3068961811023621
11
8.673418582677165
21
-2.34806437007874
0
LINE
8
BLACK
6
CONTINUOUS
10
8.673418582677165
20
-2.34806437007874
11
8.6866357086614165
21
-2.3897080708661416
0
LINE
8
BLACK
6
CONTINUOUS
10
8.6866357086614165
20
-2.3897080708661416
11
8.6984233858267714
21
-2.4317787795275589
0
LINE
8
BLACK
6
CONTINUOUS
10
8.6984233858267714
20
-2.4317787795275589
11
8.7087677952755911
21
-2.4742273622047244
0
LINE
8
BLACK
6
CONTINUOUS
10
8.7087677952755911
20
-2.4742273622047244
11
8.7176569685039365
21
-2.5170044094488189
0
LINE
8
BLACK
6
CONTINUOUS
10
8.7176569685039365
20
-2.5170044094488189
11
8.725080511811024
21
-2.5600599606299212
0
LINE
8
BLACK
6
CONTINUOUS
10
8.725080511811024
20
-2.5600599606299212
11
8.731029763779528
21
-2.6033438976377954
0
LINE
8
BLACK
6
CONTINUOUS
10
8.731029763779528
20
-2.6033438976377954
11
8.7354977559055111
21
-2.6468056692913384
0
LINE
8
BLACK
6
CONTINUOUS
10
8.7354977559055111
20
-2.6468056692913384
11
8.7384793307086603
21
-2.6903946850393701
0
LINE
8
BLACK
6
CONTINUOUS
10
8.7384793307086603
20
-2.6903946850393701
11
8.7399709842519684
21
-2.7340600787401574
0
LINE
8
BLACK
6
CONTINUOUS
10
8.7399709842519684
20
-2.7340600787401574
11
8.7399709842519684
21
-2.7777509448818898
0
LINE
8
BLACK
6
CONTINUOUS
10
8.7399709842519684
20
-2.7777509448818898
11
8.7384793307086603
21
-2.8214163385826772
0
LINE
8
BLACK
6
CONTINUOUS
10
8.7384793307086603
20
-2.8214163385826772
11
8.7354977559055111
21
-2.8650053543307088
0
LINE
8
BLACK
6
CONTINUOUS
10
8.7354977559055111
20
-2.8650053543307088
11
8.731029763779528
21
-2.9084671259842518
0
LINE
8
BLACK
6
CONTINUOUS
10
8.731029763779528
20
-2.9084671259842518
11
8.725080511811024
21
-2.951751062992126
0
LINE
8
BLACK
6
CONTINUOUS
10
8.725080511811024
20
-2.951751062992126
11
8.7176569685039365
21
-2.9948066141732284
0
LINE
8
BLACK
6
CONTINUOUS
10
8.7176569685039365
20
-2.9948066141732284
11
8.7087677952755911
21
-3.0375836614173228
0
LINE
8
BLACK
6
CONTINUOUS
10
8.7087677952755911
20
-3.0375836614173228
11
8.6984233858267714
21
-3.0800322440944883
0
LINE
8
BLACK
6
CONTINUOUS
10
8.6984233858267714
20
-3.0800322440944883
11
8.6866357086614165
21
-3.1221029527559057
0
LINE
8
BLACK
6
CONTINUOUS
10
8.6866357086614165
20
-3.1221029527559057
11
8.673418582677165
21
-3.1637466535433072
0
LINE
8
BLACK
6
CONTINUOUS
10
8.673418582677165
20
-3.1637466535433072
11
8.6587874015748021
21
-3.2049148425196852
0
LINE
8
BLACK
6
CONTINUOUS
10
8.6587874015748021
20
-3.2049148425196852
11
8.6427592519685046
21
-3.2455595275590552
0
LINE
8
BLACK
6
CONTINUOUS
10
8.6427592519685046
20
-3.2455595275590552
11
8.6253527559055119
21
-3.2856332677165354
0
LINE
8
BLACK
6
CONTINUOUS
10
8.6253527559055119
20
-3.2856332677165354
11
8.6065882677165355
21
-3.3250893700787403
0
LINE
8
BLACK
6
CONTINUOUS
10
8.6065882677165355
20
-3.3250893700787403
11
8.5864876377952761
21
-3.3638818503937009
0
LINE
8
BLACK
6
CONTINUOUS
10
8.5864876377952761
20
-3.3638818503937009
11
8.5650742913385827
21
-3.401965433070866
0
LINE
8
BLACK
6
CONTINUOUS
10
8.5650742913385827
20
-3.401965433070866
11
8.542373228346456
21
-3.4392957480314958
0
LINE
8
BLACK
6
CONTINUOUS
10
8.542373228346456
20
-3.4392957480314958
11
8.5184108661417319
21
-3.4758292519685039
0
LINE
8
BLACK
6
CONTINUOUS
10
8.5184108661417319
20
-3.4758292519685039
11
8.4932152362204718
21
-3.5115233858267714
0
LINE
8
BLACK
6
CONTINUOUS
10
8.4932152362204718
20
-3.5115233858267714
11
8.4668156299212605
21
-3.5463364960629922
0
LINE
8
BLACK
6
CONTINUOUS
10
8.4668156299212605
20
-3.5463364960629922
11
8.4392428346456683
21
-3.5802279921259843
0
LINE
8
BLACK
6
CONTINUOUS
10
8.4392428346456683
20
-3.5802279921259843
11
8.4105290551181096
21
-3.613158346456693
0
LINE
8
BLACK
6
CONTINUOUS
10
8.4105290551181096
20
-3.613158346456693
11
8.3807077165354329
21
-3.6450892125984251
0
LINE
8
BLACK
6
CONTINUOUS
10
8.3807077165354329
20
-3.6450892125984251
11
8.3498136220472432
21
-3.6759833070866139
0
LINE
8
BLACK
6
CONTINUOUS
10
8.3498136220472432
20
-3.6759833070866139
11
8.3178827559055115
21
-3.7058046456692915
0
LINE
8
BLACK
6
CONTINUOUS
10
8.3178827559055115
20
-3.7058046456692915
11
8.2849524015748024
21
-3.7345184251968502
0
LINE
8
BLACK
6
CONTINUOUS
10
8.2849524015748024
20
-3.7345184251968502
11
8.2510609055118103
21
-3.762091220472441
0
LINE
8
BLACK
6
CONTINUOUS
10
8.2510609055118103
20
-3.762091220472441
11
8.2162477952755903
21
-3.7884908267716533
0
LINE
8
BLACK
6
CONTINUOUS
10
8.2162477952755903
20
-3.7884908267716533
11
8.1805536614173224
21
-3.8136864566929134
0
LINE
8
BLACK
6
CONTINUOUS
10
8.1805536614173224
20
-3.8136864566929134
11
8.1440201574803144
21
-3.8376488188976379
0
LINE
8
BLACK
6
CONTINUOUS
10
8.1440201574803144
20
-3.8376488188976379
11
8.1066898425196854
21
-3.8603498818897637
0
LINE
8
BLACK
6
CONTINUOUS
10
8.1066898425196854
20
-3.8603498818897637
11
8.0686062598425199
21
-3.8817632283464567
0
LINE
8
BLACK
6
CONTINUOUS
10
8.0686062598425199
20
-3.8817632283464567
11
8.0298137795275597
21
-3.9018638582677165
0
LINE
8
BLACK
6
CONTINUOUS
10
8.0298137795275597
20
-3.9018638582677165
11
7.9903576771653544
21
-3.9206283464566929
0
LINE
8
BLACK
6
CONTINUOUS
10
7.9903576771653544
20
-3.9206283464566929
11
7.9502839370078737
21
-3.9380348425196852
0
LINE
8
BLACK
6
CONTINUOUS
10
7.9502839370078737
20
-3.9380348425196852
11
7.9096392519685041
21
-3.954062992125984
0
LINE
8
BLACK
6
CONTINUOUS
10
7.9096392519685041
20
-3.954062992125984
11
7.8684710629921257
21
-3.9686941732283465
0
LINE
8
BLACK
6
CONTINUOUS
10
7.8684710629921257
20
-3.9686941732283465
11
7.8268273622047246
21
-3.9819112992125985
0
LINE
8
BLACK
6
CONTINUOUS
10
7.8268273622047246
20
-3.9819112992125985
11
7.7847566535433073
21
-3.9936989763779525
0
LINE
8
BLACK
6
CONTINUOUS
10
7.7847566535433073
20
-3.9936989763779525
11
7.7423080708661418
21
-4.0040433858267717
0
LINE
8
BLACK
6
CONTINUOUS
10
7.7423080708661418
20
-4.0040433858267717
11
7.6995310236220469
21
-4.0129325590551179
0
LINE
8
BLACK
6
CONTINUOUS
10
7.6995310236220469
20
-4.0129325590551179
11
7.6564754724409445
21
-4.0203561023622045
0
LINE
8
BLACK
6
CONTINUOUS
10
7.6564754724409445
20
-4.0203561023622045
11
7.6131915354330708
21
-4.0263053543307086
0
LINE
8
BLACK
6
CONTINUOUS
10
7.6131915354330708
20
-4.0263053543307086
11
7.5697297637795273
21
-4.0307733464566926
0
LINE
8
BLACK
6
CONTINUOUS
10
7.5697297637795273
20
-4.0307733464566926
11
7.5261407480314961
21
-4.0337549212598427
0
LINE
8
BLACK
6
CONTINUOUS
10
7.5261407480314961
20
-4.0337549212598427
11
7.4824753543307088
21
-4.0352465748031499
0
LINE
8
BLACK
6
CONTINUOUS
10
7.4824753543307088
20
-4.0352465748031499
11
7.4387844881889764
21
-4.0352465748031499
0
LINE
8
BLACK
6
CONTINUOUS
10
7.4387844881889764
20
-4.0352465748031499
11
7.395119094488189
21
-4.0337549212598427
0
LINE
8
BLACK
6
CONTINUOUS
10
7.395119094488189
20
-4.0337549212598427
11
7.351530078740157
21
-4.0307733464566926
0
LINE
8
BLACK
6
CONTINUOUS
10
7.351530078740157
20
-4.0307733464566926
11
7.3080683070866144
21
-4.0263053543307086
0
LINE
8
BLACK
6
CONTINUOUS
10
7.3080683070866144
20
-4.0263053543307086
11
7.2647843700787398
21
-4.0203561023622045
0
LINE
8
BLACK
6
CONTINUOUS
10
7.2647843700787398
20
-4.0203561023622045
11
7.2217288188976374
21
-4.0129325590551179
0
LINE
8
BLACK
6
CONTINUOUS
10
7.2217288188976374
20
-4.0129325590551179
11
7.1789517716535434
21
-4.0040433858267717
0
LINE
8
BLACK
6
CONTINUOUS
10
7.1789517716535434
20
-4.0040433858267717
11
7.1365031889763779
21
-3.9936989763779525
0
LINE
8
BLACK
6
CONTINUOUS
10
7.1365031889763779
20
-3.9936989763779525
11
7.0944324803149605
21
-3.9819112992125985
0
LINE
8
BLACK
6
CONTINUOUS
10
7.0944324803149605
20
-3.9819112992125985
11
7.0527887795275586
21
-3.9686941732283465
0
LINE
8
BLACK
6
CONTINUOUS
10
7.0527887795275586
20
-3.9686941732283465
11
7.011620590551181
21
-3.954062992125984
0
LINE
8
BLACK
6
CONTINUOUS
10
7.011620590551181
20
-3.954062992125984
11
6.9709759055118106
21
-3.9380348425196852
0
LINE
8
BLACK
6
CONTINUOUS
10
6.9709759055118106
20
-3.9380348425196852
11
6.9309021653543308
21
-3.9206283464566929
0
LINE
8
BLACK
6
CONTINUOUS
10
6.9309021653543308
20
-3.9206283464566929
11
6.8914460629921255
21
-3.9018638582677165
0
LINE
8
BLACK
6
CONTINUOUS
10
6.8914460629921255
20
-3.9018638582677165
11
6.8526535826771653
21
-3.8817632283464567
0
LINE
8
BLACK
6
CONTINUOUS
10
6.8526535826771653
20
-3.8817632283464567
11
6.8145699999999998
21
-3.8603498818897637
0
LINE
8
BLACK
6
CONTINUOUS
10
6.8145699999999998
20
-3.8603498818897637
11
6.7772396850393699
21
-3.8376488188976379
0
LINE
8
BLACK
6
CONTINUOUS
10
6.7772396850393699
20
-3.8376488188976379
11
6.7407061811023619
21
-3.8136864566929134
0
LINE
8
BLACK
6
CONTINUOUS
10
6.7407061811023619
20
-3.8136864566929134
11
6.7050120472440939
21
-3.7884908267716533
0
LINE
8
BLACK
6
CONTINUOUS
10
6.7050120472440939
20
-3.7884908267716533
11
6.670198937007874
21
-3.762091220472441
0
LINE
8
BLACK
6
CONTINUOUS
10
6.670198937007874
20
-3.762091220472441
11
6.6363074409448819
21
-3.7345184251968502
0
LINE
8
BLACK
6
CONTINUOUS
10
6.6363074409448819
20
-3.7345184251968502
11
6.6033770866141728
21
-3.7058046456692915
0
LINE
8
BLACK
6
CONTINUOUS
10
6.6033770866141728
20
-3.7058046456692915
11
6.5714462204724411
21
-3.6759833070866139
0
LINE
8
BLACK
6
CONTINUOUS
10
6.5714462204724411
20
-3.6759833070866139
11
6.5405521259842514
21
-3.6450892125984251
0
LINE
8
BLACK
6
CONTINUOUS
10
6.5405521259842514
20
-3.6450892125984251
11
6.5107307874015747
21
-3.613158346456693
0
LINE
8
BLACK
6
CONTINUOUS
10
6.5107307874015747
20
-3.613158346456693
11
6.482017007874016
21
-3.5802279921259843
0
LINE
8
BLACK
6
CONTINUOUS
10
6.482017007874016
20
-3.5802279921259843
11
6.4544442125984247
21
-3.5463364960629922
0
LINE
8
BLACK
6
CONTINUOUS
10
6.4544442125984247
20
-3.5463364960629922
11
6.4280446062992125
21
-3.5115233858267714
0
LINE
8
BLACK
6
CONTINUOUS
10
6.4280446062992125
20
-3.5115233858267714
11
6.4028489763779524
21
-3.4758292519685039
0
LINE
8
BLACK
6
CONTINUOUS
10
6.4028489763779524
20
-3.4758292519685039
11
6.3788866141732283
21
-3.4392957480314958
0
LINE
8
BLACK
6
CONTINUOUS
10
6.3788866141732283
20
-3.4392957480314958
11
6.3561855511811025
21
-3.401965433070866
0
LINE
8
BLACK
6
CONTINUOUS
10
6.3561855511811025
20
-3.401965433070866
11
6.3347722047244091
21
-3.3638818503937009
0
LINE
8
BLACK
6
CONTINUOUS
10
6.3347722047244091
20
-3.3638818503937009
11
6.3146715748031497
21
-3.3250893700787403
0
LINE
8
BLACK
6
CONTINUOUS
10
6.3146715748031497
20
-3.3250893700787403
11
6.2959070866141733
21
-3.2856332677165354
0
LINE
8
BLACK
6
CONTINUOUS
10
6.2959070866141733
20
-3.2856332677165354
11
6.2785005905511806
21
-3.2455595275590552
0
LINE
8
BLACK
6
CONTINUOUS
10
6.2785005905511806
20
-3.2455595275590552
11
6.2624724409448813
21
-3.2049148425196852
0
LINE
8
BLACK
6
CONTINUOUS
10
6.2624724409448813
20
-3.2049148425196852
11
6.2478412598425193
21
-3.1637466535433072
0
LINE
8
BLACK
6
CONTINUOUS
10
6.2478412598425193
20
-3.1637466535433072
11
6.2346241338582677
21
-3.1221029527559057
0
LINE
8
BLACK
6
CONTINUOUS
10
6.2346241338582677
20
-3.1221029527559057
11
6.2228364566929129
21
-3.0800322440944883
0
LINE
8
BLACK
6
CONTINUOUS
10
6.2228364566929129
20
-3.0800322440944883
11
6.2124920472440941
21
-3.0375836614173228
0
LINE
8
BLACK
6
CONTINUOUS
10
6.2124920472440941
20
-3.0375836614173228
11
6.2036028740157478
21
-2.9948066141732284
0
LINE
8
BLACK
6
CONTINUOUS
10
6.2036028740157478
20
-2.9948066141732284
11
6.1961793307086612
21
-2.951751062992126
0
LINE
8
BLACK
6
CONTINUOUS
10
6.1961793307086612
20
-2.951751062992126
11
6.1902300787401572
21
-2.9084671259842518
0
LINE
8
BLACK
6
CONTINUOUS
10
6.1902300787401572
20
-2.9084671259842518
11
6.1857620866141731
21
-2.8650053543307088
0
LINE
8
BLACK
6
CONTINUOUS
10
6.1857620866141731
20
-2.8650053543307088
11
6.1827805118110231
21
-2.8214163385826772
0
LINE
8
BLACK
6
CONTINUOUS
10
6.1827805118110231
20
-2.8214163385826772
11
6.1812888582677168
21
-2.7777509448818898
0
LINE
8
BLACK
6
CONTINUOUS
10
6.1812888582677168
20
-2.7777509448818898
11
6.1812888582677168
21
-2.7344692125984253
0
LINE
8
BLACK
6
CONTINUOUS
10
6.1812888582677168
20
-2.7344692125984253
11
6.1812888582677168
21
-2.7340600787401574
0
LINE
8
BLACK
6
CONTINUOUS
10
6.1812888582677168
20
-2.7340600787401574
11
6.1827805118110231
21
-2.6903946850393701
0
LINE
8
BLACK
6
CONTINUOUS
10
6.1827805118110231
20
-2.6903946850393701
11
6.1857620866141731
21
-2.6468056692913384
0
LINE
8
BLACK
6
CONTINUOUS
10
6.1857620866141731
20
-2.6468056692913384
11
6.1902300787401572
21
-2.6033438976377954
0
LINE
8
BLACK
6
CONTINUOUS
10
6.1902300787401572
20
-2.6033438976377954
11
6.1961793307086612
21
-2.5600599606299212
0
LINE
8
BLACK
6
CONTINUOUS
10
6.1961793307086612
20
-2.5600599606299212
11
6.2036028740157478
21
-2.5170044094488189
0
LINE
8
BLACK
6
CONTINUOUS
10
6.2036028740157478
20
-2.5170044094488189
11
6.2124920472440941
21
-2.4742273622047244
0
LINE
8
BLACK
6
CONTINUOUS
10
6.2124920472440941
20
-2.4742273622047244
11
6.2228364566929129
21
-2.4317787795275589
0
LINE
8
BLACK
6
CONTINUOUS
10
6.2228364566929129
20
-2.4317787795275589
11
6.2346241338582677
21
-2.3897080708661416
0
LINE
8
BLACK
6
CONTINUOUS
10
6.2346241338582677
20
-2.3897080708661416
11
6.2478412598425193
21
-2.34806437007874
0
LINE
8
BLACK
6
CONTINUOUS
10
6.2478412598425193
20
-2.34806437007874
11
6.2624724409448813
21
-2.3068961811023621
0
LINE
8
BLACK
6
CONTINUOUS
10
6.2624724409448813
20
-2.3068961811023621
11
6.2785005905511806
21
-2.266251496062992
0
LINE
8
BLACK
6
CONTINUOUS
10
6.2785005905511806
20
-2.266251496062992
11
6.2959070866141733
21
-2.2261777559055118
0
LINE
8
BLACK
6
CONTINUOUS
10
6.2959070866141733
20
-2.2261777559055118
11
6.3146715748031497
21
-2.1867216535433069
0
LINE
8
BLACK
6
CONTINUOUS
10
6.3146715748031497
20
-2.1867216535433069
11
6.3347722047244091
21
-2.1479291732283463
0
LINE
8
BLACK
6
CONTINUOUS
10
6.3347722047244091
20
-2.1479291732283463
11
6.3561855511811025
21
-2.1098455905511813
0
LINE
8
BLACK
6
CONTINUOUS
10
6.3561855511811025
20
-2.1098455905511813
11
6.3788866141732283
21
-2.0725152755905509
0
LINE
8
BLACK
6
CONTINUOUS
10
6.3788866141732283
20
-2.0725152755905509
11
6.4028489763779524
21
-2.0359817716535433
0
LINE
8
BLACK
6
CONTINUOUS
10
6.4028489763779524
20
-2.0359817716535433
11
6.4280446062992125
21
-2.0002876377952754
0
LINE
8
BLACK
6
CONTINUOUS
10
6.4280446062992125
20
-2.0002876377952754
11
6.4544442125984247
21
-1.9654745275590551
0
LINE
8
BLACK
6
CONTINUOUS
10
6.4544442125984247
20
-1.9654745275590551
11
6.482017007874016
21
-1.9315830314960629
0
LINE
8
BLACK
6
CONTINUOUS
10
6.482017007874016
20
-1.9315830314960629
11
6.5107307874015747
21
-1.8986526771653542
0
LINE
8
BLACK
6
CONTINUOUS
10
6.5107307874015747
20
-1.8986526771653542
11
6.5405521259842514
21
-1.8667218110236221
0
LINE
8
BLACK
6
CONTINUOUS
10
6.5405521259842514
20
-1.8667218110236221
11
6.5714462204724411
21
-1.8358277165354331
0
LINE
8
BLACK
6
CONTINUOUS
10
6.5714462204724411
20
-1.8358277165354331
11
6.6033770866141728
21
-1.8060063779527558
0
LINE
8
BLACK
6
CONTINUOUS
10
6.6033770866141728
20
-1.8060063779527558
11
6.6363074409448819
21
-1.7772925984251968
0
LINE
8
BLACK
6
CONTINUOUS
10
6.6363074409448819
20
-1.7772925984251968
11
6.670198937007874
21
-1.7497198031496062
0
LINE
8
BLACK
6
CONTINUOUS
10
6.670198937007874
20
-1.7497198031496062
11
6.7050120472440939
21
-1.7233201968503937
0
LINE
8
BLACK
6
CONTINUOUS
10
6.7050120472440939
20
-1.7233201968503937
11
6.7407061811023619
21
-1.6981245669291338
0
LINE
8
BLACK
6
CONTINUOUS
10
6.7407061811023619
20
-1.6981245669291338
11
6.7772396850393699
21
-1.6741622047244094
0
LINE
8
BLACK
6
CONTINUOUS
10
6.7772396850393699
20
-1.6741622047244094
11
6.8145699999999998
21
-1.6514611417322835
0
LINE
8
BLACK
6
CONTINUOUS
10
6.8145699999999998
20
-1.6514611417322835
11
6.8526535826771653
21
-1.6300477952755905
0
LINE
8
BLACK
6
CONTINUOUS
10
6.8526535826771653
20
-1.6300477952755905
11
6.8914460629921255
21
-1.6099471653543307
0
LINE
8
BLACK
6
CONTINUOUS
10
6.8914460629921255
20
-1.6099471653543307
11
6.9309021653543308
21
-1.5911826771653543
0
LINE
8
BLACK
6
CONTINUOUS
10
6.9309021653543308
20
-1.5911826771653543
11
6.9709759055118106
21
-1.5737761811023621
0
LINE
8
BLACK
6
CONTINUOUS
10
6.9709759055118106
20
-1.5737761811023621
11
7.011620590551181
21
-1.557748031496063
0
LINE
8
BLACK
6
CONTINUOUS
10
7.011620590551181
20
-1.557748031496063
11
7.0527887795275586
21
-1.5431168503937007
0
LINE
8
BLACK
6
CONTINUOUS
10
7.0527887795275586
20
-1.5431168503937007
11
7.0944324803149605
21
-1.5298997244094488
0
LINE
8
BLACK
6
CONTINUOUS
10
7.0944324803149605
20
-1.5298997244094488
11
7.1365031889763779
21
-1.5181120472440945
0
LINE
8
BLACK
6
CONTINUOUS
10
7.1365031889763779
20
-1.5181120472440945
11
7.1789517716535434
21
-1.5077676377952756
0
LINE
8
BLACK
6
CONTINUOUS
10
7.1789517716535434
20
-1.5077676377952756
11
7.2217288188976374
21
-1.4988784645669291
0
LINE
8
BLACK
6
CONTINUOUS
10
7.2217288188976374
20
-1.4988784645669291
11
7.2647843700787398
21
-1.4914549212598425
0
LINE
8
BLACK
6
CONTINUOUS
10
7.2647843700787398
20
-1.4914549212598425
11
7.3080683070866144
21
-1.4855056692913386
0
LINE
8
BLACK
6
CONTINUOUS
10
7.3080683070866144
20
-1.4855056692913386
11
7.351530078740157
21
-1.4810376771653544
0
LINE
8
BLACK
6
CONTINUOUS
10
7.351530078740157
20
-1.4810376771653544
11
7.395119094488189
21
-1.4780561023622047
0
LINE
8
BLACK
6
CONTINUOUS
10
7.395119094488189
20
-1.4780561023622047
11
7.4387844881889764
21
-1.4765644488188976
0
LINE
8
BLACK
6
CONTINUOUS
10
7.4387844881889764
20
-1.4765644488188976
11
7.4824753543307088
21
-1.4765644488188976
0
LINE
8
BLACK
6
CONTINUOUS
10
7.4824753543307088
20
-1.4765644488188976
11
7.5261407480314961
21
-1.4780561023622047
0
LINE
8
BLACK
6
CONTINUOUS
10
7.3963483858267711
20
-1.5566483070866142
11
7.3535850787401573
21
-1.5597068110236221
0
LINE
8
BLACK
6
CONTINUOUS
10
7.3535850787401573
20
-1.5597068110236221
11
7.3109581496062992
21
-1.5642896850393699
0
LINE
8
BLACK
6
CONTINUOUS
10
7.3109581496062992
20
-1.5642896850393699
11
7.2685219685039373
21
-1.5703910629921261
0
LINE
8
BLACK
6
CONTINUOUS
10
7.2685219685039373
20
-1.5703910629921261
11
7.2263305905511812
21
-1.5780032283464567
0
LINE
8
BLACK
6
CONTINUOUS
10
7.2263305905511812
20
-1.5780032283464567
11
7.1844377952755902
21
-1.5871164566929135
0
LINE
8
BLACK
6
CONTINUOUS
10
7.1844377952755902
20
-1.5871164566929135
11
7.142896968503937
21
-1.5977191338582677
0
LINE
8
BLACK
6
CONTINUOUS
10
7.142896968503937
20
-1.5977191338582677
11
7.101761062992126
21
-1.6097977165354331
0
LINE
8
BLACK
6
CONTINUOUS
10
7.101761062992126
20
-1.6097977165354331
11
7.0610824409448814
21
-1.6233368503937007
0
LINE
8
BLACK
6
CONTINUOUS
10
7.0610824409448814
20
-1.6233368503937007
11
7.0209130314960628
21
-1.6383192913385827
0
LINE
8
BLACK
6
CONTINUOUS
10
7.0209130314960628
20
-1.6383192913385827
11
6.9813039370078736
21
-1.6547259055118111
0
LINE
8
BLACK
6
CONTINUOUS
10
6.9813039370078736
20
-1.6547259055118111
11
6.9423056692913381
21
-1.6725358267716535
0
LINE
8
BLACK
6
CONTINUOUS
10
6.9423056692913381
20
-1.6725358267716535
11
6.903967952755905
21
-1.6917262992125983
0
LINE
8
BLACK
6
CONTINUOUS
10
6.903967952755905
20
-1.6917262992125983
11
6.8663396062992126
21
-1.7122729527559055
0
LINE
8
BLACK
6
CONTINUOUS
10
6.8663396062992126
20
-1.7122729527559055
11
6.8294685826771655
21
-1.734149527559055
0
LINE
8
BLACK
6
CONTINUOUS
10
6.8294685826771655
20
-1.734149527559055
11
6.7934018897637793
21
-1.7573281889763779
0
LINE
8
BLACK
6
CONTINUOUS
10
6.7934018897637793
20
-1.7573281889763779
11
6.7581854724409451
21
-1.7817793700787401
0
LINE
8
BLACK
6
CONTINUOUS
10
6.7581854724409451
20
-1.7817793700787401
11
6.7238642125984249
21
-1.8074719291338581
0
LINE
8
BLACK
6
CONTINUOUS
10
6.7238642125984249
20
-1.8074719291338581
11
6.6904818503937005
21
-1.8343731496062992
0
LINE
8
BLACK
6
CONTINUOUS
10
6.6904818503937005
20
-1.8343731496062992
11
6.6580809448818892
21
-1.8624487007874015
0
LINE
8
BLACK
6
CONTINUOUS
10
6.6580809448818892
20
-1.8624487007874015
11
6.6267027559055114
21
-1.8916628346456692
0
LINE
8
BLACK
6
CONTINUOUS
10
6.6267027559055114
20
-1.8916628346456692
11
6.5963872440944877
21
-1.9219783464566929
0
LINE
8
BLACK
6
CONTINUOUS
10
6.5963872440944877
20
-1.9219783464566929
11
6.5671731102362205
21
-1.9533565354330709
0
LINE
8
BLACK
6
CONTINUOUS
10
6.5671731102362205
20
-1.9533565354330709
11
6.5390975590551177
21
-1.9857574409448819
0
LINE
8
BLACK
6
CONTINUOUS
10
6.5390975590551177
20
-1.9857574409448819
11
6.5334927165354326
21
-1.992712559055118
0
LINE
8
BLACK
6
CONTINUOUS
10
6.5334927165354326
20
-1.992712559055118
11
6.8117288188976373
21
-2.0433707480314962
0
LINE
8
BLACK
6
CONTINUOUS
10
6.8117288188976373
20
-2.0433707480314962
11
6.8119785039370075
21
-2.0434246456692913
0
LINE
8
BLACK
6
CONTINUOUS
10
6.8119785039370075
20
-2.0434246456692913
11
6.8907186614173224
21
-2.06310968503937
0
LINE
8
BLACK
6
CONTINUOUS
10
6.8907186614173224
20
-2.06310968503937
11
6.8927812992125981
21
-2.0644003937007875
0
LINE
8
BLACK
6
CONTINUOUS
10
6.8927812992125981
20
-2.0644003937007875
11
6.8936913779527558
21
-2.0666569685039371
0
LINE
8
BLACK
6
CONTINUOUS
10
6.8936913779527558
20
-2.0666569685039371
11
6.8937005511811025
21
-2.066972874015748
0
LINE
8
BLACK
6
CONTINUOUS
10
6.8937005511811025
20
-2.066972874015748
11
6.8799025196850394
21
-3.3087940157480316
0
LINE
8
BLACK
6
CONTINUOUS
10
6.8799025196850394
20
-3.3087940157480316
11
6.9203325590551179
21
-3.2683640157480314
0
LINE
8
BLACK
6
CONTINUOUS
10
6.9203325590551179
20
-3.2683640157480314
11
6.9222678346456687
21
-3.2666668503937006
0
LINE
8
BLACK
6
CONTINUOUS
10
6.9222678346456687
20
-3.2666668503937006
11
6.9222684645669288
21
-3.2666662598425198
0
LINE
8
BLACK
6
CONTINUOUS
10
6.9222684645669288
20
-3.2666662598425198
11
6.9267188188976379
21
-3.2640968503937007
0
LINE
8
BLACK
6
CONTINUOUS
10
6.9267188188976379
20
-3.2640968503937007
11
6.9316825590551181
21
-3.2627668110236221
0
LINE
8
BLACK
6
CONTINUOUS
10
6.9316825590551181
20
-3.2627668110236221
11
6.9316831496062994
21
-3.2627668110236221
0
LINE
8
BLACK
6
CONTINUOUS
10
6.9316831496062994
20
-3.2627668110236221
11
6.9342519685039372
21
-3.2625984251968503
0
LINE
8
BLACK
6
CONTINUOUS
10
6.9342519685039372
20
-3.2625984251968503
11
6.9643483070866141
21
-3.2625984251968503
0
LINE
8
BLACK
6
CONTINUOUS
10
6.9643483070866141
20
-3.2625984251968503
11
6.9674883858267718
21
-3.2594583464566926
0
LINE
8
BLACK
6
CONTINUOUS
10
6.9674883858267718
20
-3.2594583464566926
11
6.9723012598425198
21
-3.2562424803149606
0
LINE
8
BLACK
6
CONTINUOUS
10
6.9723012598425198
20
-3.2562424803149606
11
6.9776490551181105
21
-3.2540273622047242
0
LINE
8
BLACK
6
CONTINUOUS
10
6.9776490551181105
20
-3.2540273622047242
11
6.9833262598425199
21
-3.2528980708661415
0
LINE
8
BLACK
6
CONTINUOUS
10
6.9833262598425199
20
-3.2528980708661415
11
6.9891146850393699
21
-3.2528980708661415
0
LINE
8
BLACK
6
CONTINUOUS
10
6.9891146850393699
20
-3.2528980708661415
11
6.9947918897637793
21
-3.2540273622047242
0
LINE
8
BLACK
6
CONTINUOUS
10
6.9947918897637793
20
-3.2540273622047242
11
7.00013968503937
21
-3.2562424803149606
0
LINE
8
BLACK
6
CONTINUOUS
10
7.00013968503937
20
-3.2562424803149606
11
7.004952559055118
21
-3.2594583464566926
0
LINE
8
BLACK
6
CONTINUOUS
10
7.004952559055118
20
-3.2594583464566926
11
7.0080926377952757
21
-3.2625984251968503
0
LINE
8
BLACK
6
CONTINUOUS
10
7.0080926377952757
20
-3.2625984251968503
11
7.0638934645669291
21
-3.2625984251968503
0
LINE
8
BLACK
6
CONTINUOUS
10
7.0638934645669291
20
-3.2625984251968503
11
7.0784603543307085
21
-3.2480314566929134
0
LINE
8
BLACK
6
CONTINUOUS
10
7.0784603543307085
20
-3.2480314566929134
11
7.0530097244094483
21
-3.2225808267716536
0
LINE
8
BLACK
6
CONTINUOUS
10
7.0530097244094483
20
-3.2225808267716536
11
7.0513125196850392
21
-3.2206455118110235
0
LINE
8
BLACK
6
CONTINUOUS
10
7.0513125196850392
20
-3.2206455118110235
11
7.051311929133858
21
-3.2206449212598423
0
LINE
8
BLACK
6
CONTINUOUS
10
7.051311929133858
20
-3.2206449212598423
11
7.0487425196850388
21
-3.2161945669291336
0
LINE
8
BLACK
6
CONTINUOUS
10
7.0487425196850388
20
-3.2161945669291336
11
7.0482688976377954
21
-3.2144270078740158
0
LINE
8
BLACK
6
CONTINUOUS
10
7.0482688976377954
20
-3.2144270078740158
11
7.0474124803149607
21
-3.2112308267716534
0
LINE
8
BLACK
6
CONTINUOUS
10
7.0474124803149607
20
-3.2112308267716534
11
7.0474124803149607
21
-3.2112301968503938
0
LINE
8
BLACK
6
CONTINUOUS
10
7.0474124803149607
20
-3.2112301968503938
11
7.0472440944881889
21
-3.2086614173228347
0
LINE
8
BLACK
6
CONTINUOUS
10
7.0472440944881889
20
-3.2086614173228347
11
7.0472440944881889
21
-3.0511811023622046
0
LINE
8
BLACK
6
CONTINUOUS
10
7.0472440944881889
20
-3.0511811023622046
11
7.0472440944881889
21
-2.5393700787401574
0
LINE
8
BLACK
6
CONTINUOUS
10
7.0472440944881889
20
-2.5393700787401574
11
7.0474124803149607
21
-2.5368012598425196
0
LINE
8
BLACK
6
CONTINUOUS
10
7.0474124803149607
20
-2.5368012598425196
11
7.0474124803149607
21
-2.5368006692913387
0
LINE
8
BLACK
6
CONTINUOUS
10
7.0474124803149607
20
-2.5368006692913387
11
7.0487425196850388
21
-2.531836929133858
0
LINE
8
BLACK
6
CONTINUOUS
10
7.0487425196850388
20
-2.531836929133858
11
7.0493417716535429
21
-2.5307990157480313
0
LINE
8
BLACK
6
CONTINUOUS
10
7.0493417716535429
20
-2.5307990157480313
11
7.051311929133858
21
-2.5273865748031494
0
LINE
8
BLACK
6
CONTINUOUS
10
7.051311929133858
20
-2.5273865748031494
11
7.0513125196850392
21
-2.5273859448818898
0
LINE
8
BLACK
6
CONTINUOUS
10
7.0513125196850392
20
-2.5273859448818898
11
7.0530097244094483
21
-2.5254506692913385
0
LINE
8
BLACK
6
CONTINUOUS
10
7.0530097244094483
20
-2.5254506692913385
11
7.1120648031496065
21
-2.4663955511811024
0
LINE
8
BLACK
6
CONTINUOUS
10
7.1120648031496065
20
-2.4663955511811024
11
7.1140003937007874
21
-2.4646980708661417
0
LINE
8
BLACK
6
CONTINUOUS
10
7.1140003937007874
20
-2.4646980708661417
11
7.1140007480314962
21
-2.4646977559055117
0
LINE
8
BLACK
6
CONTINUOUS
10
7.1140007480314962
20
-2.4646977559055117
11
7.1184511023622044
21
-2.462128346456693
0
LINE
8
BLACK
6
CONTINUOUS
10
7.1184511023622044
20
-2.462128346456693
11
7.1234148425196846
21
-2.460798307086614
0
LINE
8
BLACK
6
CONTINUOUS
10
7.1234148425196846
20
-2.460798307086614
11
7.1234154330708659
21
-2.460798307086614
0
LINE
8
BLACK
6
CONTINUOUS
10
7.1234154330708659
20
-2.460798307086614
11
7.1259842519685037
21
-2.4606299212598426
0
LINE
8
BLACK
6
CONTINUOUS
10
7.1259842519685037
20
-2.4606299212598426
11
7.153315984251968
21
-2.4606299212598426
0
LINE
8
BLACK
6
CONTINUOUS
10
7.153315984251968
20
-2.4606299212598426
11
7.154348070866142
21
-2.4590852755905512
0
LINE
8
BLACK
6
CONTINUOUS
10
7.154348070866142
20
-2.4590852755905512
11
7.1589868503937009
21
-2.4544464960629919
0
LINE
8
BLACK
6
CONTINUOUS
10
7.1589868503937009
20
-2.4544464960629919
11
7.1644414566929129
21
-2.4508018503937006
0
LINE
8
BLACK
6
CONTINUOUS
10
7.1644414566929129
20
-2.4508018503937006
11
7.1705022834645664
21
-2.448291377952756
0
LINE
8
BLACK
6
CONTINUOUS
10
7.1705022834645664
20
-2.448291377952756
11
7.1769364173228345
21
-2.4470115354330706
0
LINE
8
BLACK
6
CONTINUOUS
10
7.1769364173228345
20
-2.4470115354330706
11
7.1834966535433074
21
-2.4470115354330706
0
LINE
8
BLACK
6
CONTINUOUS
10
7.1834966535433074
20
-2.4470115354330706
11
7.1899307874015745
21
-2.448291377952756
0
LINE
8
BLACK
6
CONTINUOUS
10
7.1899307874015745
20
-2.448291377952756
11
7.1959916141732281
21
-2.4508018503937006
0
LINE
8
BLACK
6
CONTINUOUS
10
7.1959916141732281
20
-2.4508018503937006
11
7.201446220472441
21
-2.4544464960629919
0
LINE
8
BLACK
6
CONTINUOUS
10
7.201446220472441
20
-2.4544464960629919
11
7.2060849999999999
21
-2.4590852755905512
0
LINE
8
BLACK
6
CONTINUOUS
10
7.2060849999999999
20
-2.4590852755905512
11
7.2097296456692908
21
-2.4645398818897637
0
LINE
8
BLACK
6
CONTINUOUS
10
7.2097296456692908
20
-2.4645398818897637
11
7.2122401181102358
21
-2.4706007086614172
0
LINE
8
BLACK
6
CONTINUOUS
10
7.2122401181102358
20
-2.4706007086614172
11
7.2135199606299212
21
-2.4770348425196849
0
LINE
8
BLACK
6
CONTINUOUS
10
7.2135199606299212
20
-2.4770348425196849
11
7.2135199606299212
21
-2.4835950787401573
0
LINE
8
BLACK
6
CONTINUOUS
10
7.2135199606299212
20
-2.4835950787401573
11
7.2122401181102358
21
-2.4900292125984254
0
LINE
8
BLACK
6
CONTINUOUS
10
7.2122401181102358
20
-2.4900292125984254
11
7.2097296456692908
21
-2.4960900393700789
0
LINE
8
BLACK
6
CONTINUOUS
10
7.2097296456692908
20
-2.4960900393700789
11
7.2060849999999999
21
-2.5015446456692914
0
LINE
8
BLACK
6
CONTINUOUS
10
7.2060849999999999
20
-2.5015446456692914
11
7.201446220472441
21
-2.5061834251968502
0
LINE
8
BLACK
6
CONTINUOUS
10
7.201446220472441
20
-2.5061834251968502
11
7.1959916141732281
21
-2.5098280708661416
0
LINE
8
BLACK
6
CONTINUOUS
10
7.1959916141732281
20
-2.5098280708661416
11
7.1899307874015745
21
-2.5123385433070866
0
LINE
8
BLACK
6
CONTINUOUS
10
7.1899307874015745
20
-2.5123385433070866
11
7.1834966535433074
21
-2.5136183858267716
0
LINE
8
BLACK
6
CONTINUOUS
10
7.1834966535433074
20
-2.5136183858267716
11
7.1769364173228345
21
-2.5136183858267716
0
LINE
8
BLACK
6
CONTINUOUS
10
7.1769364173228345
20
-2.5136183858267716
11
7.1705022834645664
21
-2.5123385433070866
0
LINE
8
BLACK
6
CONTINUOUS
10
7.1705022834645664
20
-2.5123385433070866
11
7.1644414566929129
21
-2.5098280708661416
0
LINE
8
BLACK
6
CONTINUOUS
10
7.1644414566929129
20
-2.5098280708661416
11
7.1589868503937009
21
-2.5061834251968502
0
LINE
8
BLACK
6
CONTINUOUS
10
7.1589868503937009
20
-2.5061834251968502
11
7.154348070866142
21
-2.5015446456692914
0
LINE
8
BLACK
6
CONTINUOUS
10
7.154348070866142
20
-2.5015446456692914
11
7.153315984251968
21
-2.5
0
LINE
8
BLACK
6
CONTINUOUS
10
7.153315984251968
20
-2.5
11
7.1341380708661415
21
-2.5
0
LINE
8
BLACK
6
CONTINUOUS
10
7.1341380708661415
20
-2.5
11
7.0866141732283463
21
-2.5475238582677164
0
LINE
8
BLACK
6
CONTINUOUS
10
7.0866141732283463
20
-2.5475238582677164
11
7.0866141732283463
21
-2.8606299212598425
0
LINE
8
BLACK
6
CONTINUOUS
10
7.0866141732283463
20
-2.8606299212598425
11
7.153315984251968
21
-2.8606299212598425
0
LINE
8
BLACK
6
CONTINUOUS
10
7.153315984251968
20
-2.8606299212598425
11
7.154348070866142
21
-2.8590852755905511
0
LINE
8
BLACK
6
CONTINUOUS
10
7.154348070866142
20
-2.8590852755905511
11
7.1589868503937009
21
-2.8544464960629923
0
LINE
8
BLACK
6
CONTINUOUS
10
7.1589868503937009
20
-2.8544464960629923
11
7.1644414566929129
21
-2.8508018503937009
0
LINE
8
BLACK
6
CONTINUOUS
10
7.1644414566929129
20
-2.8508018503937009
11
7.1705022834645664
21
-2.8482913779527559
0
LINE
8
BLACK
6
CONTINUOUS
10
7.1705022834645664
20
-2.8482913779527559
11
7.1769364173228345
21
-2.847011535433071
0
LINE
8
BLACK
6
CONTINUOUS
10
7.1769364173228345
20
-2.847011535433071
11
7.1834966535433074
21
-2.847011535433071
0
LINE
8
BLACK
6
CONTINUOUS
10
7.1834966535433074
20
-2.847011535433071
11
7.1899307874015745
21
-2.8482913779527559
0
LINE
8
BLACK
6
CONTINUOUS
10
7.1899307874015745
20
-2.8482913779527559
11
7.1959916141732281
21
-2.8508018503937009
0
LINE
8
BLACK
6
CONTINUOUS
10
7.1959916141732281
20
-2.8508018503937009
11
7.201446220472441
21
-2.8544464960629923
0
LINE
8
BLACK
6
CONTINUOUS
10
7.201446220472441
20
-2.8544464960629923
11
7.2060849999999999
21
-2.8590852755905511
0
LINE
8
BLACK
6
CONTINUOUS
10
7.2060849999999999
20
-2.8590852755905511
11
7.2071170866141729
21
-2.8606299212598425
0
LINE
8
BLACK
6
CONTINUOUS
10
7.2071170866141729
20
-2.8606299212598425
11
7.3934210236220474
21
-2.8606299212598425
0
LINE
8
BLACK
6
CONTINUOUS
10
7.3934210236220474
20
-2.8606299212598425
11
7.431858307086614
21
-2.822192559055118
0
LINE
8
BLACK
6
CONTINUOUS
10
7.431858307086614
20
-2.822192559055118
11
7.4315944881889759
21
-2.8208661417322833
0
LINE
8
BLACK
6
CONTINUOUS
10
7.4315944881889759
20
-2.8208661417322833
11
7.4315944881889759
21
-2.8129921259842519
0
LINE
8
BLACK
6
CONTINUOUS
10
7.4315944881889759
20
-2.8129921259842519
11
7.4318941732283461
21
-2.8114855118110236
0
LINE
8
BLACK
6
CONTINUOUS
10
7.4318941732283461
20
-2.8114855118110236
11
7.4327475984251965
21
-2.8102082283464567
0
LINE
8
BLACK
6
CONTINUOUS
10
7.4327475984251965
20
-2.8102082283464567
11
7.4340248818897638
21
-2.8093548031496063
0
LINE
8
BLACK
6
CONTINUOUS
10
7.4340248818897638
20
-2.8093548031496063
11
7.4355314960629917
21
-2.8090551181102361
0
LINE
8
BLACK
6
CONTINUOUS
10
7.4355314960629917
20
-2.8090551181102361
11
7.4857283464566926
21
-2.8090551181102361
0
LINE
8
BLACK
6
CONTINUOUS
10
7.4857283464566926
20
-2.8090551181102361
11
7.4872349606299213
21
-2.8093548031496063
0
LINE
8
BLACK
6
CONTINUOUS
10
7.4872349606299213
20
-2.8093548031496063
11
7.4885122440944878
21
-2.8102082283464567
0
LINE
8
BLACK
6
CONTINUOUS
10
7.4885122440944878
20
-2.8102082283464567
11
7.4893656692913382
21
-2.8114855118110236
0
LINE
8
BLACK
6
CONTINUOUS
10
7.4893656692913382
20
-2.8114855118110236
11
7.4896653543307083
21
-2.8129921259842519
0
LINE
8
BLACK
6
CONTINUOUS
10
7.4896653543307083
20
-2.8129921259842519
11
7.4896653543307083
21
-2.8208661417322833
0
LINE
8
BLACK
6
CONTINUOUS
10
7.4896653543307083
20
-2.8208661417322833
11
7.4893656692913382
21
-2.8223727559055116
0
LINE
8
BLACK
6
CONTINUOUS
10
7.4893656692913382
20
-2.8223727559055116
11
7.4885122440944878
21
-2.8236500393700785
0
LINE
8
BLACK
6
CONTINUOUS
10
7.4885122440944878
20
-2.8236500393700785
11
7.4872349606299213
21
-2.8245034645669289
0
LINE
8
BLACK
6
CONTINUOUS
10
7.4872349606299213
20
-2.8245034645669289
11
7.4857283464566926
21
-2.8248031496062991
0
LINE
8
BLACK
6
CONTINUOUS
10
7.4857283464566926
20
-2.8248031496062991
11
7.4774832283464567
21
-2.8248031496062991
0
LINE
8
BLACK
6
CONTINUOUS
10
7.4774832283464567
20
-2.8248031496062991
11
7.4788165354330705
21
-2.8271125196850395
0
LINE
8
BLACK
6
CONTINUOUS
10
7.4788165354330705
20
-2.8271125196850395
11
7.4801465354330707
21
-2.8320762598425198
0
LINE
8
BLACK
6
CONTINUOUS
10
7.4801465354330707
20
-2.8320762598425198
11
7.4801465354330707
21
-2.8372150787401575
0
LINE
8
BLACK
6
CONTINUOUS
10
7.4801465354330707
20
-2.8372150787401575
11
7.4788165354330705
21
-2.8421788188976378
0
LINE
8
BLACK
6
CONTINUOUS
10
7.4788165354330705
20
-2.8421788188976378
11
7.4762471259842522
21
-2.8466291732283464
0
LINE
8
BLACK
6
CONTINUOUS
10
7.4762471259842522
20
-2.8466291732283464
11
7.4726134251968501
21
-2.8502628740157481
0
LINE
8
BLACK
6
CONTINUOUS
10
7.4726134251968501
20
-2.8502628740157481
11
7.468163070866142
21
-2.8528322834645667
0
LINE
8
BLACK
6
CONTINUOUS
10
7.468163070866142
20
-2.8528322834645667
11
7.4631993307086608
21
-2.854162283464567
0
LINE
8
BLACK
6
CONTINUOUS
10
7.4631993307086608
20
-2.854162283464567
11
7.4606299212598426
21
-2.8543307086614171
0
LINE
8
BLACK
6
CONTINUOUS
10
7.4606299212598426
20
-2.8543307086614171
11
7.455397913385827
21
-2.8543307086614171
0
LINE
8
BLACK
6
CONTINUOUS
10
7.455397913385827
20
-2.8543307086614171
11
7.4154942125984249
21
-2.8942343700787401
0
LINE
8
BLACK
6
CONTINUOUS
10
7.4154942125984249
20
-2.8942343700787401
11
7.4135588976377953
21
-2.8959315354330708
0
LINE
8
BLACK
6
CONTINUOUS
10
7.4135588976377953
20
-2.8959315354330708
11
7.413558307086614
21
-2.8959321653543308
0
LINE
8
BLACK
6
CONTINUOUS
10
7.413558307086614
20
-2.8959321653543308
11
7.4091079527559049
21
-2.8985015748031495
0
LINE
8
BLACK
6
CONTINUOUS
10
7.4091079527559049
20
-2.8985015748031495
11
7.4041442125984247
21
-2.8998316141732281
0
LINE
8
BLACK
6
CONTINUOUS
10
7.4041442125984247
20
-2.8998316141732281
11
7.4041436220472443
21
-2.8998316141732281
0
LINE
8
BLACK
6
CONTINUOUS
10
7.4041436220472443
20
-2.8998316141732281
11
7.4015748031496065
21
-2.8999999999999999
0
LINE
8
BLACK
6
CONTINUOUS
10
7.4015748031496065
20
-2.8999999999999999
11
7.2071170866141729
21
-2.8999999999999999
0
LINE
8
BLACK
6
CONTINUOUS
10
7.2071170866141729
20
-2.8999999999999999
11
7.2060849999999999
21
-2.9015446456692913
0
LINE
8
BLACK
6
CONTINUOUS
10
7.2060849999999999
20
-2.9015446456692913
11
7.201446220472441
21
-2.9061834251968501
0
LINE
8
BLACK
6
CONTINUOUS
10
7.201446220472441
20
-2.9061834251968501
11
7.1959916141732281
21
-2.9098280708661415
0
LINE
8
BLACK
6
CONTINUOUS
10
7.1959916141732281
20
-2.9098280708661415
11
7.1899307874015745
21
-2.9123385433070865
0
LINE
8
BLACK
6
CONTINUOUS
10
7.1899307874015745
20
-2.9123385433070865
11
7.1834966535433074
21
-2.9136183858267715
0
LINE
8
BLACK
6
CONTINUOUS
10
7.1834966535433074
20
-2.9136183858267715
11
7.1769364173228345
21
-2.9136183858267715
0
LINE
8
BLACK
6
CONTINUOUS
10
7.1769364173228345
20
-2.9136183858267715
11
7.1705022834645664
21
-2.9123385433070865
0
LINE
8
BLACK
6
CONTINUOUS
10
7.1705022834645664
20
-2.9123385433070865
11
7.1644414566929129
21
-2.9098280708661415
0
LINE
8
BLACK
6
CONTINUOUS
10
7.1644414566929129
20
-2.9098280708661415
11
7.1589868503937009
21
-2.9061834251968501
0
LINE
8
BLACK
6
CONTINUOUS
10
7.1589868503937009
20
-2.9061834251968501
11
7.154348070866142
21
-2.9015446456692913
0
LINE
8
BLACK
6
CONTINUOUS
10
7.154348070866142
20
-2.9015446456692913
11
7.153315984251968
21
-2.8999999999999999
0
LINE
8
BLACK
6
CONTINUOUS
10
7.153315984251968
20
-2.8999999999999999
11
7.0866141732283463
21
-2.8999999999999999
0
LINE
8
BLACK
6
CONTINUOUS
10
7.0866141732283463
20
-2.8999999999999999
11
7.0866141732283463
21
-3.0314960629921259
0
LINE
8
BLACK
6
CONTINUOUS
10
7.0866141732283463
20
-3.0314960629921259
11
7.2440944881889759
21
-3.0314960629921259
0
LINE
8
BLACK
6
CONTINUOUS
10
7.2440944881889759
20
-3.0314960629921259
11
7.2466633070866138
21
-3.0316644488188977
0
LINE
8
BLACK
6
CONTINUOUS
10
7.2466633070866138
20
-3.0316644488188977
11
7.2466638976377951
21
-3.0316644488188977
0
LINE
8
BLACK
6
CONTINUOUS
10
7.2466638976377951
20
-3.0316644488188977
11
7.2516276377952753
21
-3.0329944881889763
0
LINE
8
BLACK
6
CONTINUOUS
10
7.2516276377952753
20
-3.0329944881889763
11
7.2560779921259844
21
-3.035563897637795
0
LINE
8
BLACK
6
CONTINUOUS
10
7.2560779921259844
20
-3.035563897637795
11
7.2560785826771648
21
-3.0355644881889763
0
LINE
8
BLACK
6
CONTINUOUS
10
7.2560785826771648
20
-3.0355644881889763
11
7.2580138976377953
21
-3.0372616929133858
0
LINE
8
BLACK
6
CONTINUOUS
10
7.2580138976377953
20
-3.0372616929133858
11
7.3170690157480314
21
-3.0963167716535431
0
LINE
8
BLACK
6
CONTINUOUS
10
7.3170690157480314
20
-3.0963167716535431
11
7.3187667716535429
21
-3.0982527165354332
0
LINE
8
BLACK
6
CONTINUOUS
10
7.3187667716535429
20
-3.0982527165354332
11
7.3213362204724408
21
-3.1027030708661418
0
LINE
8
BLACK
6
CONTINUOUS
10
7.3213362204724408
20
-3.1027030708661418
11
7.3216404724409445
21
-3.1038385826771653
0
LINE
8
BLACK
6
CONTINUOUS
10
7.3216404724409445
20
-3.1038385826771653
11
7.3981299212598426
21
-3.1038385826771653
0
LINE
8
BLACK
6
CONTINUOUS
10
7.3981299212598426
20
-3.1038385826771653
11
7.3996715748031496
21
-3.1039396456692914
0
LINE
8
BLACK
6
CONTINUOUS
10
7.3996715748031496
20
-3.1039396456692914
11
7.4026498031496057
21
-3.1047376377952753
0
LINE
8
BLACK
6
CONTINUOUS
10
7.4026498031496057
20
-3.1047376377952753
11
7.4041611811023618
21
-3.1056102362204725
0
LINE
8
BLACK
6
CONTINUOUS
10
7.4041611811023618
20
-3.1056102362204725
11
7.4110236220472441
21
-3.1056102362204725
0
LINE
8
BLACK
6
CONTINUOUS
10
7.4110236220472441
20
-3.1056102362204725
11
7.4110236220472441
21
-3.1256889763779525
0
LINE
8
BLACK
6
CONTINUOUS
10
7.4110236220472441
20
-3.1256889763779525
11
7.4041611811023618
21
-3.1256889763779525
0
LINE
8
BLACK
6
CONTINUOUS
10
7.4041611811023618
20
-3.1256889763779525
11
7.4026498031496057
21
-3.1265615748031497
0
LINE
8
BLACK
6
CONTINUOUS
10
7.4026498031496057
20
-3.1265615748031497
11
7.3996715748031496
21
-3.1273595669291336
0
LINE
8
BLACK
6
CONTINUOUS
10
7.3996715748031496
20
-3.1273595669291336
11
7.3981299212598426
21
-3.1274606299212597
0
LINE
8
BLACK
6
CONTINUOUS
10
7.3981299212598426
20
-3.1274606299212597
11
7.3123492913385828
21
-3.1274606299212597
0
LINE
8
BLACK
6
CONTINUOUS
10
7.3123492913385828
20
-3.1274606299212597
11
7.3106827165354327
21
-3.1284228346456691
0
LINE
8
BLACK
6
CONTINUOUS
10
7.3106827165354327
20
-3.1284228346456691
11
7.3057190157480312
21
-3.1297528740157481
0
LINE
8
BLACK
6
CONTINUOUS
10
7.3057190157480312
20
-3.1297528740157481
11
7.3005801968503938
21
-3.1297528740157481
0
LINE
8
BLACK
6
CONTINUOUS
10
7.3005801968503938
20
-3.1297528740157481
11
7.2956164566929136
21
-3.1284228346456691
0
LINE
8
BLACK
6
CONTINUOUS
10
7.2956164566929136
20
-3.1284228346456691
11
7.2911661023622045
21
-3.1258533858267716
0
LINE
8
BLACK
6
CONTINUOUS
10
7.2911661023622045
20
-3.1258533858267716
11
7.2892301574803149
21
-3.1241556299212596
0
LINE
8
BLACK
6
CONTINUOUS
10
7.2892301574803149
20
-3.1241556299212596
11
7.2359407086614169
21
-3.0708661417322833
0
LINE
8
BLACK
6
CONTINUOUS
10
7.2359407086614169
20
-3.0708661417322833
11
7.0866141732283463
21
-3.0708661417322833
0
LINE
8
BLACK
6
CONTINUOUS
10
7.0866141732283463
20
-3.0708661417322833
11
7.0866141732283463
21
-3.2005076377952757
0
LINE
8
BLACK
6
CONTINUOUS
10
7.0866141732283463
20
-3.2005076377952757
11
7.1219333070866142
21
-3.2358267716535432
0
LINE
8
BLACK
6
CONTINUOUS
10
7.1219333070866142
20
-3.2358267716535432
11
7.1472136220472438
21
-3.2358267716535432
0
LINE
8
BLACK
6
CONTINUOUS
10
7.1472136220472438
20
-3.2358267716535432
11
7.1482457086614168
21
-3.2342821259842518
0
LINE
8
BLACK
6
CONTINUOUS
10
7.1482457086614168
20
-3.2342821259842518
11
7.1528844881889766
21
-3.2296433464566929
0
LINE
8
BLACK
6
CONTINUOUS
10
7.1528844881889766
20
-3.2296433464566929
11
7.1583390944881886
21
-3.2259987007874016
0
LINE
8
BLACK
6
CONTINUOUS
10
7.1583390944881886
20
-3.2259987007874016
11
7.1643999212598422
21
-3.2234882283464565
0
LINE
8
BLACK
6
CONTINUOUS
10
7.1643999212598422
20
-3.2234882283464565
11
7.1708340551181102
21
-3.2222083858267716
0
LINE
8
BLACK
6
CONTINUOUS
10
7.1708340551181102
20
-3.2222083858267716
11
7.1773942913385822
21
-3.2222083858267716
0
LINE
8
BLACK
6
CONTINUOUS
10
7.1773942913385822
20
-3.2222083858267716
11
7.1838284251968503
21
-3.2234882283464565
0
LINE
8
BLACK
6
CONTINUOUS
10
7.1838284251968503
20
-3.2234882283464565
11
7.1898892519685038
21
-3.2259987007874016
0
LINE
8
BLACK
6
CONTINUOUS
10
7.1898892519685038
20
-3.2259987007874016
11
7.1934029133858264
21
-3.2283464566929134
0
LINE
8
BLACK
6
CONTINUOUS
10
7.1934029133858264
20
-3.2283464566929134
11
7.3228346456692908
21
-3.2283464566929134
0
LINE
8
BLACK
6
CONTINUOUS
10
7.3228346456692908
20
-3.2283464566929134
11
7.3254034645669286
21
-3.2285148425196848
0
LINE
8
BLACK
6
CONTINUOUS
10
7.3254034645669286
20
-3.2285148425196848
11
7.3254040551181099
21
-3.2285148425196848
0
LINE
8
BLACK
6
CONTINUOUS
10
7.3254040551181099
20
-3.2285148425196848
11
7.3303677952755901
21
-3.2298448818897638
0
LINE
8
BLACK
6
CONTINUOUS
10
7.3303677952755901
20
-3.2298448818897638
11
7.3348181496062992
21
-3.2324142913385825
0
LINE
8
BLACK
6
CONTINUOUS
10
7.3348181496062992
20
-3.2324142913385825
11
7.3348187401574805
21
-3.2324148818897638
0
LINE
8
BLACK
6
CONTINUOUS
10
7.3348187401574805
20
-3.2324148818897638
11
7.3367540551181101
21
-3.2341120866141733
0
LINE
8
BLACK
6
CONTINUOUS
10
7.3367540551181101
20
-3.2341120866141733
11
7.4294136220472442
21
-3.326771653543307
0
LINE
8
BLACK
6
CONTINUOUS
10
7.4294136220472442
20
-3.326771653543307
11
7.5509013385826771
21
-3.326771653543307
0
LINE
8
BLACK
6
CONTINUOUS
10
7.5509013385826771
20
-3.326771653543307
11
7.6574803149606296
21
-3.2201926377952756
0
LINE
8
BLACK
6
CONTINUOUS
10
7.6574803149606296
20
-3.2201926377952756
11
7.6574803149606296
21
-2.8503937007874014
0
LINE
8
BLACK
6
CONTINUOUS
10
7.6574803149606296
20
-2.8503937007874014
11
7.6377952755905509
21
-2.8503937007874014
0
LINE
8
BLACK
6
CONTINUOUS
10
7.6377952755905509
20
-2.8503937007874014
11
7.6357397637795277
21
-2.8502589763779529
0
LINE
8
BLACK
6
CONTINUOUS
10
7.6357397637795277
20
-2.8502589763779529
11
7.6317687401574803
21
-2.8491949606299212
0
LINE
8
BLACK
6
CONTINUOUS
10
7.6317687401574803
20
-2.8491949606299212
11
7.6282084645669288
21
-2.8471394094488187
0
LINE
8
BLACK
6
CONTINUOUS
10
7.6282084645669288
20
-2.8471394094488187
11
7.6266597244094489
21
-2.8457812204724409
0
LINE
8
BLACK
6
CONTINUOUS
10
7.6266597244094489
20
-2.8457812204724409
11
7.6069746850393702
21
-2.8260961811023622
0
LINE
8
BLACK
6
CONTINUOUS
10
7.6069746850393702
20
-2.8260961811023622
11
7.6056164960629919
21
-2.8245474409448819
0
LINE
8
BLACK
6
CONTINUOUS
10
7.6056164960629919
20
-2.8245474409448819
11
7.6035609448818899
21
-2.8209871653543308
0
LINE
8
BLACK
6
CONTINUOUS
10
7.6035609448818899
20
-2.8209871653543308
11
7.6024969291338582
21
-2.8170161417322834
0
LINE
8
BLACK
6
CONTINUOUS
10
7.6024969291338582
20
-2.8170161417322834
11
7.6023622047244093
21
-2.8149606299212597
0
LINE
8
BLACK
6
CONTINUOUS
10
7.6023622047244093
20
-2.8149606299212597
11
7.6023622047244093
21
-2.6968503937007875
0
LINE
8
BLACK
6
CONTINUOUS
10
7.6023622047244093
20
-2.6968503937007875
11
7.6024969291338582
21
-2.6947948818897638
0
LINE
8
BLACK
6
CONTINUOUS
10
7.6024969291338582
20
-2.6947948818897638
11
7.6030010629921261
21
-2.6929133858267718
0
LINE
8
BLACK
6
CONTINUOUS
10
7.6030010629921261
20
-2.6929133858267718
11
7.6035609448818899
21
-2.6908238582677164
0
LINE
8
BLACK
6
CONTINUOUS
10
7.6035609448818899
20
-2.6908238582677164
11
7.6056164960629919
21
-2.6872635826771654
0
LINE
8
BLACK
6
CONTINUOUS
10
7.6056164960629919
20
-2.6872635826771654
11
7.6069746850393702
21
-2.6857148425196851
0
LINE
8
BLACK
6
CONTINUOUS
10
7.6069746850393702
20
-2.6857148425196851
11
7.6266597244094489
21
-2.6660298031496064
0
LINE
8
BLACK
6
CONTINUOUS
10
7.6266597244094489
20
-2.6660298031496064
11
7.6282084645669288
21
-2.6646716141732281
0
LINE
8
BLACK
6
CONTINUOUS
10
7.6282084645669288
20
-2.6646716141732281
11
7.6317687401574803
21
-2.6626160629921261
0
LINE
8
BLACK
6
CONTINUOUS
10
7.6317687401574803
20
-2.6626160629921261
11
7.6357397637795277
21
-2.6615520472440943
0
LINE
8
BLACK
6
CONTINUOUS
10
7.6357397637795277
20
-2.6615520472440943
11
7.6377952755905509
21
-2.6614173228346458
0
LINE
8
BLACK
6
CONTINUOUS
10
7.6377952755905509
20
-2.6614173228346458
11
7.6569881889763778
21
-2.6614173228346458
0
LINE
8
BLACK
6
CONTINUOUS
10
7.6569881889763778
20
-2.6614173228346458
11
7.6569881889763778
21
-2.659448818897638
0
LINE
8
BLACK
6
CONTINUOUS
10
7.6569881889763778
20
-2.659448818897638
11
7.657287874015748
21
-2.6579422047244092
0
LINE
8
BLACK
6
CONTINUOUS
10
7.657287874015748
20
-2.6579422047244092
11
7.6581412992125983
21
-2.6566649212598423
0
LINE
8
BLACK
6
CONTINUOUS
10
7.6581412992125983
20
-2.6566649212598423
11
7.6594185826771648
21
-2.6558114960629919
0
LINE
8
BLACK
6
CONTINUOUS
10
7.6594185826771648
20
-2.6558114960629919
11
7.6609251968503935
21
-2.6555118110236218
0
LINE
8
BLACK
6
CONTINUOUS
10
7.6609251968503935
20
-2.6555118110236218
11
7.7111220472440944
21
-2.6555118110236218
0
LINE
8
BLACK
6
CONTINUOUS
10
7.7111220472440944
20
-2.6555118110236218
11
7.7126286614173223
21
-2.6558114960629919
0
LINE
8
BLACK
6
CONTINUOUS
10
7.7126286614173223
20
-2.6558114960629919
11
7.7139059448818896
21
-2.6566649212598423
0
LINE
8
BLACK
6
CONTINUOUS
10
7.7139059448818896
20
-2.6566649212598423
11
7.71475937007874
21
-2.6579422047244092
0
LINE
8
BLACK
6
CONTINUOUS
10
7.71475937007874
20
-2.6579422047244092
11
7.7150590551181102
21
-2.659448818897638
0
LINE
8
BLACK
6
CONTINUOUS
10
7.7150590551181102
20
-2.659448818897638
11
7.7150590551181102
21
-2.6673228346456694
0
LINE
8
BLACK
6
CONTINUOUS
10
7.7150590551181102
20
-2.6673228346456694
11
7.71475937007874
21
-2.6688294488188977
0
LINE
8
BLACK
6
CONTINUOUS
10
7.71475937007874
20
-2.6688294488188977
11
7.7139059448818896
21
-2.6701067322834646
0
LINE
8
BLACK
6
CONTINUOUS
10
7.7139059448818896
20
-2.6701067322834646
11
7.7126286614173223
21
-2.670960157480315
0
LINE
8
BLACK
6
CONTINUOUS
10
7.7126286614173223
20
-2.670960157480315
11
7.7111220472440944
21
-2.6712598425196852
0
LINE
8
BLACK
6
CONTINUOUS
10
7.7111220472440944
20
-2.6712598425196852
11
7.7006053149606295
21
-2.6712598425196852
0
LINE
8
BLACK
6
CONTINUOUS
10
7.7006053149606295
20
-2.6712598425196852
11
7.7016369291338584
21
-2.6751098425196851
0
LINE
8
BLACK
6
CONTINUOUS
10
7.7016369291338584
20
-2.6751098425196851
11
7.7016369291338584
21
-2.679220866141732
0
LINE
8
BLACK
6
CONTINUOUS
10
7.7016369291338584
20
-2.679220866141732
11
7.7011327952755906
21
-2.6811023622047245
0
LINE
8
BLACK
6
CONTINUOUS
10
7.7011327952755906
20
-2.6811023622047245
11
7.7111220472440944
21
-2.6811023622047245
0
LINE
8
BLACK
6
CONTINUOUS
10
7.7111220472440944
20
-2.6811023622047245
11
7.7126286614173223
21
-2.6814020472440943
0
LINE
8
BLACK
6
CONTINUOUS
10
7.7126286614173223
20
-2.6814020472440943
11
7.7139059448818896
21
-2.6822554724409446
0
LINE
8
BLACK
6
CONTINUOUS
10
7.7139059448818896
20
-2.6822554724409446
11
7.71475937007874
21
-2.6835327559055115
0
LINE
8
BLACK
6
CONTINUOUS
10
7.71475937007874
20
-2.6835327559055115
11
7.7150590551181102
21
-2.6850393700787403
0
LINE
8
BLACK
6
CONTINUOUS
10
7.7150590551181102
20
-2.6850393700787403
11
7.7150590551181102
21
-2.6929133858267718
0
LINE
8
BLACK
6
CONTINUOUS
10
7.7150590551181102
20
-2.6929133858267718
11
7.71475937007874
21
-2.69442
0
LINE
8
BLACK
6
CONTINUOUS
10
7.71475937007874
20
-2.69442
11
7.7139059448818896
21
-2.6956972834645669
0
LINE
8
BLACK
6
CONTINUOUS
10
7.7139059448818896
20
-2.6956972834645669
11
7.7126286614173223
21
-2.6965507086614173
0
LINE
8
BLACK
6
CONTINUOUS
10
7.7126286614173223
20
-2.6965507086614173
11
7.7111220472440944
21
-2.6968503937007875
0
LINE
8
BLACK
6
CONTINUOUS
10
7.7111220472440944
20
-2.6968503937007875
11
7.6609251968503935
21
-2.6968503937007875
0
LINE
8
BLACK
6
CONTINUOUS
10
7.6609251968503935
20
-2.6968503937007875
11
7.6594185826771648
21
-2.6965507086614173
0
LINE
8
BLACK
6
CONTINUOUS
10
7.6594185826771648
20
-2.6965507086614173
11
7.6581412992125983
21
-2.6956972834645669
0
LINE
8
BLACK
6
CONTINUOUS
10
7.6581412992125983
20
-2.6956972834645669
11
7.657287874015748
21
-2.69442
0
LINE
8
BLACK
6
CONTINUOUS
10
7.657287874015748
20
-2.69442
11
7.6569881889763778
21
-2.6929133858267718
0
LINE
8
BLACK
6
CONTINUOUS
10
7.6569881889763778
20
-2.6929133858267718
11
7.6443183464566928
21
-2.6929133858267718
0
LINE
8
BLACK
6
CONTINUOUS
10
7.6443183464566928
20
-2.6929133858267718
11
7.6338582677165352
21
-2.703373464566929
0
LINE
8
BLACK
6
CONTINUOUS
10
7.6338582677165352
20
-2.703373464566929
11
7.6338582677165352
21
-2.8084375590551178
0
LINE
8
BLACK
6
CONTINUOUS
10
7.6338582677165352
20
-2.8084375590551178
11
7.6443183464566928
21
-2.8188976377952755
0
LINE
8
BLACK
6
CONTINUOUS
10
7.6443183464566928
20
-2.8188976377952755
11
7.6569881889763778
21
-2.8188976377952755
0
LINE
8
BLACK
6
CONTINUOUS
10
7.6569881889763778
20
-2.8188976377952755
11
7.6569881889763778
21
-2.8129921259842519
0
LINE
8
BLACK
6
CONTINUOUS
10
7.6569881889763778
20
-2.8129921259842519
11
7.657287874015748
21
-2.8114855118110236
0
LINE
8
BLACK
6
CONTINUOUS
10
7.657287874015748
20
-2.8114855118110236
11
7.6581412992125983
21
-2.8102082283464567
0
LINE
8
BLACK
6
CONTINUOUS
10
7.6581412992125983
20
-2.8102082283464567
11
7.6594185826771648
21
-2.8093548031496063
0
LINE
8
BLACK
6
CONTINUOUS
10
7.6594185826771648
20
-2.8093548031496063
11
7.6609251968503935
21
-2.8090551181102361
0
LINE
8
BLACK
6
CONTINUOUS
10
7.6609251968503935
20
-2.8090551181102361
11
7.7111220472440944
21
-2.8090551181102361
0
LINE
8
BLACK
6
CONTINUOUS
10
7.7111220472440944
20
-2.8090551181102361
11
7.7126286614173223
21
-2.8093548031496063
0
LINE
8
BLACK
6
CONTINUOUS
10
7.7126286614173223
20
-2.8093548031496063
11
7.7139059448818896
21
-2.8102082283464567
0
LINE
8
BLACK
6
CONTINUOUS
10
7.7139059448818896
20
-2.8102082283464567
11
7.71475937007874
21
-2.8114855118110236
0
LINE
8
BLACK
6
CONTINUOUS
10
7.71475937007874
20
-2.8114855118110236
11
7.7150590551181102
21
-2.8129921259842519
0
LINE
8
BLACK
6
CONTINUOUS
10
7.7150590551181102
20
-2.8129921259842519
11
7.7150590551181102
21
-2.8208661417322833
0
LINE
8
BLACK
6
CONTINUOUS
10
7.7150590551181102
20
-2.8208661417322833
11
7.71475937007874
21
-2.8223727559055116
0
LINE
8
BLACK
6
CONTINUOUS
10
7.71475937007874
20
-2.8223727559055116
11
7.7139059448818896
21
-2.8236500393700785
0
LINE
8
BLACK
6
CONTINUOUS
10
7.7139059448818896
20
-2.8236500393700785
11
7.7126286614173223
21
-2.8245034645669289
0
LINE
8
BLACK
6
CONTINUOUS
10
7.7126286614173223
20
-2.8245034645669289
11
7.7111220472440944
21
-2.8248031496062991
0
LINE
8
BLACK
6
CONTINUOUS
10
7.7111220472440944
20
-2.8248031496062991
11
7.6940186614173225
21
-2.8248031496062991
0
LINE
8
BLACK
6
CONTINUOUS
10
7.6940186614173225
20
-2.8248031496062991
11
7.6953519685039371
21
-2.8271125196850395
0
LINE
8
BLACK
6
CONTINUOUS
10
7.6953519685039371
20
-2.8271125196850395
11
7.6966819685039365
21
-2.8320762598425198
0
LINE
8
BLACK
6
CONTINUOUS
10
7.6966819685039365
20
-2.8320762598425198
11
7.6968503937007871
21
-2.8346456692913384
0
LINE
8
BLACK
6
CONTINUOUS
10
7.6968503937007871
20
-2.8346456692913384
11
7.6968503937007871
21
-3.2283464566929134
0
LINE
8
BLACK
6
CONTINUOUS
10
7.6968503937007871
20
-3.2283464566929134
11
7.6966820078740152
21
-3.2309152362204725
0
LINE
8
BLACK
6
CONTINUOUS
10
7.6966820078740152
20
-3.2309152362204725
11
7.6966820078740152
21
-3.2309158661417321
0
LINE
8
BLACK
6
CONTINUOUS
10
7.6966820078740152
20
-3.2309158661417321
11
7.6962804724409448
21
-3.2324143307086612
0
LINE
8
BLACK
6
CONTINUOUS
10
7.6962804724409448
20
-3.2324143307086612
11
7.6953519685039371
21
-3.2358796062992123
0
LINE
8
BLACK
6
CONTINUOUS
10
7.6953519685039371
20
-3.2358796062992123
11
7.692782559055118
21
-3.2403299606299214
0
LINE
8
BLACK
6
CONTINUOUS
10
7.692782559055118
20
-3.2403299606299214
11
7.692782244094488
21
-3.2403302362204722
0
LINE
8
BLACK
6
CONTINUOUS
10
7.692782244094488
20
-3.2403302362204722
11
7.6910848031496064
21
-3.2422658661417323
0
LINE
8
BLACK
6
CONTINUOUS
10
7.6910848031496064
20
-3.2422658661417323
11
7.5729745275590545
21
-3.3603761023622045
0
LINE
8
BLACK
6
CONTINUOUS
10
7.5729745275590545
20
-3.3603761023622045
11
7.5710392125984249
21
-3.3620732677165353
0
LINE
8
BLACK
6
CONTINUOUS
10
7.5710392125984249
20
-3.3620732677165353
11
7.5710386220472436
21
-3.3620738976377953
0
LINE
8
BLACK
6
CONTINUOUS
10
7.5710386220472436
20
-3.3620738976377953
11
7.5665882677165355
21
-3.364643307086614
0
LINE
8
BLACK
6
CONTINUOUS
10
7.5665882677165355
20
-3.364643307086614
11
7.5616245275590552
21
-3.365973346456693
0
LINE
8
BLACK
6
CONTINUOUS
10
7.5616245275590552
20
-3.365973346456693
11
7.5616239370078739
21
-3.365973346456693
0
LINE
8
BLACK
6
CONTINUOUS
10
7.5616239370078739
20
-3.365973346456693
11
7.5590551181102361
21
-3.3661417322834644
0
LINE
8
BLACK
6
CONTINUOUS
10
7.5590551181102361
20
-3.3661417322834644
11
7.4212598425196852
21
-3.3661417322834644
0
LINE
8
BLACK
6
CONTINUOUS
10
7.4212598425196852
20
-3.3661417322834644
11
7.4186910236220474
21
-3.365973346456693
0
LINE
8
BLACK
6
CONTINUOUS
10
7.4186910236220474
20
-3.365973346456693
11
7.4186904330708661
21
-3.365973346456693
0
LINE
8
BLACK
6
CONTINUOUS
10
7.4186904330708661
20
-3.365973346456693
11
7.4137266929133858
21
-3.364643307086614
0
LINE
8
BLACK
6
CONTINUOUS
10
7.4137266929133858
20
-3.364643307086614
11
7.4092763385826768
21
-3.3620738976377953
0
LINE
8
BLACK
6
CONTINUOUS
10
7.4092763385826768
20
-3.3620738976377953
11
7.4092757086614167
21
-3.3620732677165353
0
LINE
8
BLACK
6
CONTINUOUS
10
7.4092757086614167
20
-3.3620732677165353
11
7.4073404330708659
21
-3.3603761023622045
0
LINE
8
BLACK
6
CONTINUOUS
10
7.4073404330708659
20
-3.3603761023622045
11
7.3146808661417317
21
-3.2677165354330708
0
LINE
8
BLACK
6
CONTINUOUS
10
7.3146808661417317
20
-3.2677165354330708
11
7.2051061811023622
21
-3.2677165354330708
0
LINE
8
BLACK
6
CONTINUOUS
10
7.2051061811023622
20
-3.2677165354330708
11
7.2036272834645665
21
-3.2712868897637795
0
LINE
8
BLACK
6
CONTINUOUS
10
7.2036272834645665
20
-3.2712868897637795
11
7.1999826377952756
21
-3.2767414960629919
0
LINE
8
BLACK
6
CONTINUOUS
10
7.1999826377952756
20
-3.2767414960629919
11
7.1953438582677167
21
-3.2813802755905512
0
LINE
8
BLACK
6
CONTINUOUS
10
7.1953438582677167
20
-3.2813802755905512
11
7.1898892519685038
21
-3.2850249212598426
0
LINE
8
BLACK
6
CONTINUOUS
10
7.1898892519685038
20
-3.2850249212598426
11
7.1838284251968503
21
-3.2875353937007872
0
LINE
8
BLACK
6
CONTINUOUS
10
7.1838284251968503
20
-3.2875353937007872
11
7.1773942913385822
21
-3.2888152362204726
0
LINE
8
BLACK
6
CONTINUOUS
10
7.1773942913385822
20
-3.2888152362204726
11
7.1708340551181102
21
-3.2888152362204726
0
LINE
8
BLACK
6
CONTINUOUS
10
7.1708340551181102
20
-3.2888152362204726
11
7.1643999212598422
21
-3.2875353937007872
0
LINE
8
BLACK
6
CONTINUOUS
10
7.1643999212598422
20
-3.2875353937007872
11
7.1583390944881886
21
-3.2850249212598426
0
LINE
8
BLACK
6
CONTINUOUS
10
7.1583390944881886
20
-3.2850249212598426
11
7.1528844881889766
21
-3.2813802755905512
0
LINE
8
BLACK
6
CONTINUOUS
10
7.1528844881889766
20
-3.2813802755905512
11
7.1482457086614168
21
-3.2767414960629919
0
LINE
8
BLACK
6
CONTINUOUS
10
7.1482457086614168
20
-3.2767414960629919
11
7.1472136220472438
21
-3.2751968503937006
0
LINE
8
BLACK
6
CONTINUOUS
10
7.1472136220472438
20
-3.2751968503937006
11
7.1137795275590552
21
-3.2751968503937006
0
LINE
8
BLACK
6
CONTINUOUS
10
7.1137795275590552
20
-3.2751968503937006
11
7.1069727165354326
21
-3.2751968503937006
0
LINE
8
BLACK
6
CONTINUOUS
10
7.1069727165354326
20
-3.2751968503937006
11
7.0859666535433066
21
-3.2962028740157479
0
LINE
8
BLACK
6
CONTINUOUS
10
7.0859666535433066
20
-3.2962028740157479
11
7.084031338582677
21
-3.2979000393700786
0
LINE
8
BLACK
6
CONTINUOUS
10
7.084031338582677
20
-3.2979000393700786
11
7.0840307480314957
21
-3.2979006692913386
0
LINE
8
BLACK
6
CONTINUOUS
10
7.0840307480314957
20
-3.2979006692913386
11
7.0795803937007875
21
-3.3004700787401573
0
LINE
8
BLACK
6
CONTINUOUS
10
7.0795803937007875
20
-3.3004700787401573
11
7.0746166535433073
21
-3.3018001181102363
0
LINE
8
BLACK
6
CONTINUOUS
10
7.0746166535433073
20
-3.3018001181102363
11
7.074616062992126
21
-3.3018001181102363
0
LINE
8
BLACK
6
CONTINUOUS
10
7.074616062992126
20
-3.3018001181102363
11
7.0720472440944881
21
-3.3019685039370077
0
LINE
8
BLACK
6
CONTINUOUS
10
7.0720472440944881
20
-3.3019685039370077
11
7.0080926377952757
21
-3.3019685039370077
0
LINE
8
BLACK
6
CONTINUOUS
10
7.0080926377952757
20
-3.3019685039370077
11
7.004952559055118
21
-3.3051085826771653
0
LINE
8
BLACK
6
CONTINUOUS
10
7.004952559055118
20
-3.3051085826771653
11
7.00013968503937
21
-3.3083244488188974
0
LINE
8
BLACK
6
CONTINUOUS
10
7.00013968503937
20
-3.3083244488188974
11
6.9947918897637793
21
-3.3105395669291338
0
LINE
8
BLACK
6
CONTINUOUS
10
6.9947918897637793
20
-3.3105395669291338
11
6.9891146850393699
21
-3.3116688582677165
0
LINE
8
BLACK
6
CONTINUOUS
10
6.9891146850393699
20
-3.3116688582677165
11
6.9833262598425199
21
-3.3116688582677165
0
LINE
8
BLACK
6
CONTINUOUS
10
6.9833262598425199
20
-3.3116688582677165
11
6.9776490551181105
21
-3.3105395669291338
0
LINE
8
BLACK
6
CONTINUOUS
10
6.9776490551181105
20
-3.3105395669291338
11
6.9723012598425198
21
-3.3083244488188974
0
LINE
8
BLACK
6
CONTINUOUS
10
6.9723012598425198
20
-3.3083244488188974
11
6.9674883858267718
21
-3.3051085826771653
0
LINE
8
BLACK
6
CONTINUOUS
10
6.9674883858267718
20
-3.3051085826771653
11
6.9643483070866141
21
-3.3019685039370077
0
LINE
8
BLACK
6
CONTINUOUS
10
6.9643483070866141
20
-3.3019685039370077
11
6.942405787401575
21
-3.3019685039370077
0
LINE
8
BLACK
6
CONTINUOUS
10
6.942405787401575
20
-3.3019685039370077
11
6.8792769291338578
21
-3.3650973228346457
0
LINE
8
BLACK
6
CONTINUOUS
10
6.8792769291338578
20
-3.3650973228346457
11
6.8744009055118109
21
-3.8039398818897636
0
LINE
8
BLACK
6
CONTINUOUS
10
6.8744009055118109
20
-3.8039398818897636
11
6.903967952755905
21
-3.8200847244094489
0
LINE
8
BLACK
6
CONTINUOUS
10
6.903967952755905
20
-3.8200847244094489
11
6.9423056692913381
21
-3.8392751968503935
0
LINE
8
BLACK
6
CONTINUOUS
10
6.9423056692913381
20
-3.8392751968503935
11
6.9813039370078736
21
-3.8570851181102364
0
LINE
8
BLACK
6
CONTINUOUS
10
6.9813039370078736
20
-3.8570851181102364
11
7.0209130314960628
21
-3.8734917322834646
0
LINE
8
BLACK
6
CONTINUOUS
10
7.0209130314960628
20
-3.8734917322834646
11
7.0610824409448814
21
-3.8884741732283463
0
LINE
8
BLACK
6
CONTINUOUS
10
7.0610824409448814
20
-3.8884741732283463
11
7.101761062992126
21
-3.9020133070866141
0
LINE
8
BLACK
6
CONTINUOUS
10
7.101761062992126
20
-3.9020133070866141
11
7.142896968503937
21
-3.9140918897637795
0
LINE
8
BLACK
6
CONTINUOUS
10
7.142896968503937
20
-3.9140918897637795
11
7.1844377952755902
21
-3.924694566929134
0
LINE
8
BLACK
6
CONTINUOUS
10
7.1844377952755902
20
-3.924694566929134
11
7.2263305905511812
21
-3.9338077952755905
0
LINE
8
BLACK
6
CONTINUOUS
10
7.2263305905511812
20
-3.9338077952755905
11
7.2685219685039373
21
-3.9414199606299212
0
LINE
8
BLACK
6
CONTINUOUS
10
7.2685219685039373
20
-3.9414199606299212
11
7.3109581496062992
21
-3.9475213385826771
0
LINE
8
BLACK
6
CONTINUOUS
10
7.3109581496062992
20
-3.9475213385826771
11
7.3535850787401573
21
-3.9521042125984249
0
LINE
8
BLACK
6
CONTINUOUS
10
7.3535850787401573
20
-3.9521042125984249
11
7.3963483858267711
21
-3.9551627165354328
0
LINE
8
BLACK
6
CONTINUOUS
10
7.3963483858267711
20
-3.9551627165354328
11
7.4391936220472443
21
-3.9566929133858268
0
LINE
8
BLACK
6
CONTINUOUS
10
7.4391936220472443
20
-3.9566929133858268
11
7.4820662204724409
21
-3.9566929133858268
0
LINE
8
BLACK
6
CONTINUOUS
10
7.4820662204724409
20
-3.9566929133858268
11
7.5249114566929132
21
-3.9551627165354328
0
LINE
8
BLACK
6
CONTINUOUS
10
7.5249114566929132
20
-3.9551627165354328
11
7.567674763779527
21
-3.9521042125984249
0
LINE
8
BLACK
6
CONTINUOUS
10
7.567674763779527
20
-3.9521042125984249
11
7.610301692913386
21
-3.9475213385826771
0
LINE
8
BLACK
6
CONTINUOUS
10
7.610301692913386
20
-3.9475213385826771
11
7.6527378740157479
21
-3.9414199606299212
0
LINE
8
BLACK
6
CONTINUOUS
10
7.6527378740157479
20
-3.9414199606299212
11
7.694929251968504
21
-3.9338077952755905
0
LINE
8
BLACK
6
CONTINUOUS
10
7.694929251968504
20
-3.9338077952755905
11
7.7368220472440941
21
-3.924694566929134
0
LINE
8
BLACK
6
CONTINUOUS
10
7.7368220472440941
20
-3.924694566929134
11
7.7783628740157482
21
-3.9140918897637795
0
LINE
8
BLACK
6
CONTINUOUS
10
7.7783628740157482
20
-3.9140918897637795
11
7.8194987795275592
21
-3.9020133070866141
0
LINE
8
BLACK
6
CONTINUOUS
10
7.8194987795275592
20
-3.9020133070866141
11
7.8474451181102358
21
-3.8927118503937006
0
LINE
8
BLACK
6
CONTINUOUS
10
7.8474451181102358
20
-3.8927118503937006
11
8.1466065354330706
21
-3.5407572834645666
0
LINE
8
BLACK
6
CONTINUOUS
10
8.1466065354330706
20
-3.5407572834645666
11
8.148651417322835
21
-3.5394876377952755
0
LINE
8
BLACK
6
CONTINUOUS
10
8.148651417322835
20
-3.5394876377952755
11
8.3033972440944872
21
-3.5008011417322833
0
LINE
8
BLACK
6
CONTINUOUS
10
8.3033972440944872
20
-3.5008011417322833
11
8.313005708661418
21
-3.3854998031496062
0
LINE
8
BLACK
6
CONTINUOUS
10
8.313005708661418
20
-3.3854998031496062
11
8.3139472047244087
21
-3.3832561417322835
0
LINE
8
BLACK
6
CONTINUOUS
10
8.3139472047244087
20
-3.3832561417322835
11
8.3148657480314956
21
-3.382473779527559
0
LINE
8
BLACK
6
CONTINUOUS
10
8.3148657480314956
20
-3.382473779527559
11
8.440944881889763
21
-3.3048866141732285
0
LINE
8
BLACK
6
CONTINUOUS
10
8.440944881889763
20
-3.3048866141732285
11
8.440944881889763
21
-3.1692913385826773
0
LINE
8
BLACK
6
CONTINUOUS
10
8.440944881889763
20
-3.1692913385826773
11
8.440964409448819
21
-3.1688996062992127
0
LINE
8
BLACK
6
CONTINUOUS
10
8.440964409448819
20
-3.1688996062992127
11
8.4704919685039375
21
-2.8736240157480313
0
LINE
8
BLACK
6
CONTINUOUS
10
8.4704919685039375
20
-2.8736240157480313
11
8.4714703937007876
21
-2.8713961811023623
0
LINE
8
BLACK
6
CONTINUOUS
10
8.4714703937007876
20
-2.8713961811023623
11
8.4735714566929126
21
-2.8701689763779528
0
LINE
8
BLACK
6
CONTINUOUS
10
8.4735714566929126
20
-2.8701689763779528
11
8.4744094488188981
21
-2.8700787401574801
0
LINE
8
BLACK
6
CONTINUOUS
10
8.4744094488188981
20
-2.8700787401574801
11
8.6560622440944872
21
-2.8700787401574801
0
LINE
8
BLACK
6
CONTINUOUS
10
8.6560622440944872
20
-2.8700787401574801
11
8.656828622047243
21
-2.8629503543307084
0
LINE
8
BLACK
6
CONTINUOUS
10
8.656828622047243
20
-2.8629503543307084
11
8.6598871259842518
21
-2.8201870472440946
0
LINE
8
BLACK
6
CONTINUOUS
10
8.6598871259842518
20
-2.8201870472440946
11
8.6614173228346463
21
-2.7773418110236219
0
LINE
8
BLACK
6
CONTINUOUS
10
8.6614173228346463
20
-2.7773418110236219
11
8.6614173228346463
21
-2.7344692125984253
0
LINE
8
BLACK
6
CONTINUOUS
10
8.6614173228346463
20
-2.7344692125984253
11
8.6598871259842518
21
-2.6916239763779526
0
LINE
8
BLACK
6
CONTINUOUS
10
8.6598871259842518
20
-2.6916239763779526
11
8.656828622047243
21
-2.6488606692913383
0
LINE
8
BLACK
6
CONTINUOUS
10
8.656828622047243
20
-2.6488606692913383
11
8.6522457480314952
21
-2.6062337401574802
0
LINE
8
BLACK
6
CONTINUOUS
10
8.6522457480314952
20
-2.6062337401574802
11
8.6461443700787406
21
-2.5637975590551179
0
LINE
8
BLACK
6
CONTINUOUS
10
8.6461443700787406
20
-2.5637975590551179
11
8.6385322047244095
21
-2.5216061811023622
0
LINE
8
BLACK
6
CONTINUOUS
10
8.6385322047244095
20
-2.5216061811023622
11
8.6294189763779521
21
-2.4797133858267717
0
LINE
8
BLACK
6
CONTINUOUS
10
8.6294189763779521
20
-2.4797133858267717
11
8.6188162992125985
21
-2.438172559055118
0
LINE
8
BLACK
6
CONTINUOUS
10
8.6188162992125985
20
-2.438172559055118
11
8.6067377165354326
21
-2.397036653543307
0
LINE
8
BLACK
6
CONTINUOUS
10
8.6067377165354326
20
-2.397036653543307
11
8.5931985826771644
21
-2.3563580314960628
0
LINE
8
BLACK
6
CONTINUOUS
10
8.5931985826771644
20
-2.3563580314960628
11
8.578216141732284
21
-2.3161886220472439
0
LINE
8
BLACK
6
CONTINUOUS
10
8.578216141732284
20
-2.3161886220472439
11
8.5618095275590544
21
-2.276579527559055
0
LINE
8
BLACK
6
CONTINUOUS
10
8.5618095275590544
20
-2.276579527559055
11
8.543999606299213
21
-2.2375812598425195
0
LINE
8
BLACK
6
CONTINUOUS
10
8.543999606299213
20
-2.2375812598425195
11
8.5248091338582679
21
-2.1992435433070865
0
LINE
8
BLACK
6
CONTINUOUS
10
8.5248091338582679
20
-2.1992435433070865
11
8.50426248031496
21
-2.1616151968503936
0
LINE
8
BLACK
6
CONTINUOUS
10
8.50426248031496
20
-2.1616151968503936
11
8.4823859055118103
21
-2.1247441732283465
0
LINE
8
BLACK
6
CONTINUOUS
10
8.4823859055118103
20
-2.1247441732283465
11
8.4592072440944879
21
-2.0886774803149604
0
LINE
8
BLACK
6
CONTINUOUS
10
8.4592072440944879
20
-2.0886774803149604
11
8.4347560629921254
21
-2.0534610629921257
0
LINE
8
BLACK
6
CONTINUOUS
10
8.4347560629921254
20
-2.0534610629921257
11
8.4090635039370074
21
-2.0191398031496064
0
LINE
8
BLACK
6
CONTINUOUS
10
8.4090635039370074
20
-2.0191398031496064
11
8.3821622834645666
21
-1.9857574409448819
0
LINE
8
BLACK
6
CONTINUOUS
10
8.3821622834645666
20
-1.9857574409448819
11
8.3540867322834647
21
-1.9533565354330709
0
LINE
8
BLACK
6
CONTINUOUS
10
8.3540867322834647
20
-1.9533565354330709
11
8.3248725984251966
21
-1.9219783464566929
0
LINE
8
BLACK
6
CONTINUOUS
10
8.3248725984251966
20
-1.9219783464566929
11
8.2945570866141729
21
-1.8916628346456692
0
LINE
8
BLACK
6
CONTINUOUS
10
8.2945570866141729
20
-1.8916628346456692
11
8.2631788976377951
21
-1.8624487007874015
0
LINE
8
BLACK
6
CONTINUOUS
10
8.2631788976377951
20
-1.8624487007874015
11
8.2307779921259847
21
-1.8343731496062992
0
LINE
8
BLACK
6
CONTINUOUS
10
8.2307779921259847
20
-1.8343731496062992
11
8.1973956299212603
21
-1.8074719291338581
0
LINE
8
BLACK
6
CONTINUOUS
10
8.1973956299212603
20
-1.8074719291338581
11
8.1630743700787392
21
-1.7817793700787401
0
LINE
8
BLACK
6
CONTINUOUS
10
8.1630743700787392
20
-1.7817793700787401
11
8.1278579527559049
21
-1.7573281889763779
0
LINE
8
BLACK
6
CONTINUOUS
10
8.1278579527559049
20
-1.7573281889763779
11
8.0917912598425197
21
-1.734149527559055
0
LINE
8
BLACK
6
CONTINUOUS
10
8.0917912598425197
20
-1.734149527559055
11
8.0549202362204717
21
-1.7122729527559055
0
LINE
8
BLACK
6
CONTINUOUS
10
8.0549202362204717
20
-1.7122729527559055
11
8.0172918897637793
21
-1.6917262992125983
0
LINE
8
BLACK
6
CONTINUOUS
10
8.0172918897637793
20
-1.6917262992125983
11
7.9789541732283462
21
-1.6725358267716535
0
LINE
8
BLACK
6
CONTINUOUS
10
7.9789541732283462
20
-1.6725358267716535
11
7.9399559055118107
21
-1.6547259055118111
0
LINE
8
BLACK
6
CONTINUOUS
10
7.9399559055118107
20
-1.6547259055118111
11
7.9003468110236215
21
-1.6383192913385827
0
LINE
8
BLACK
6
CONTINUOUS
10
7.9003468110236215
20
-1.6383192913385827
11
7.8601774015748029
21
-1.6233368503937007
0
LINE
8
BLACK
6
CONTINUOUS
10
7.8601774015748029
20
-1.6233368503937007
11
7.8194987795275592
21
-1.6097977165354331
0
LINE
8
BLACK
6
CONTINUOUS
10
7.8194987795275592
20
-1.6097977165354331
11
7.7783628740157482
21
-1.5977191338582677
0
LINE
8
BLACK
6
CONTINUOUS
10
7.7783628740157482
20
-1.5977191338582677
11
7.7368220472440941
21
-1.5871164566929135
0
LINE
8
BLACK
6
CONTINUOUS
10
7.7368220472440941
20
-1.5871164566929135
11
7.694929251968504
21
-1.5780032283464567
0
LINE
8
BLACK
6
CONTINUOUS
10
7.694929251968504
20
-1.5780032283464567
11
7.6527378740157479
21
-1.5703910629921261
0
LINE
8
BLACK
6
CONTINUOUS
10
7.6527378740157479
20
-1.5703910629921261
11
7.610301692913386
21
-1.5642896850393699
0
LINE
8
BLACK
6
CONTINUOUS
10
7.610301692913386
20
-1.5642896850393699
11
7.567674763779527
21
-1.5597068110236221
0
LINE
8
BLACK
6
CONTINUOUS
10
7.567674763779527
20
-1.5597068110236221
11
7.5249114566929132
21
-1.5566483070866142
0
LINE
8
BLACK
6
CONTINUOUS
10
7.5249114566929132
20
-1.5566483070866142
11
7.4820662204724409
21
-1.5551181102362204
0
LINE
8
BLACK
6
CONTINUOUS
10
7.4820662204724409
20
-1.5551181102362204
11
7.4391936220472443
21
-1.5551181102362204
0
LINE
8
BLACK
6
CONTINUOUS
10
7.4391936220472443
20
-1.5551181102362204
11
7.3963483858267711
21
-1.5566483070866142
0
LINE
8
BLACK
6
CONTINUOUS
10
7.556995275590551
20
-0.1395693307086614
11
7.62117437007874
21
-0.1427222440944882
0
LINE
8
BLACK
6
CONTINUOUS
10
7.62117437007874
20
-0.1427222440944882
11
7.685256732283464
21
-0.1474492519685039
0
LINE
8
BLACK
6
CONTINUOUS
10
7.685256732283464
20
-0.1474492519685039
11
7.7492038188976373
21
-0.1537474803149606
0
LINE
8
BLACK
6
CONTINUOUS
10
7.7492038188976373
20
-0.1537474803149606
11
7.812977047244094
21
-0.1616131889763779
0
LINE
8
BLACK
6
CONTINUOUS
10
7.812977047244094
20
-0.1616131889763779
11
7.8765380708661414
21
-0.1710415748031496
0
LINE
8
BLACK
6
CONTINUOUS
10
7.8765380708661414
20
-0.1710415748031496
11
7.939848543307086
21
-0.182026968503937
0
LINE
8
BLACK
6
CONTINUOUS
10
7.939848543307086
20
-0.182026968503937
11
8.0028703543307085
21
-0.1945627952755905
0
LINE
8
BLACK
6
CONTINUOUS
10
8.0028703543307085
20
-0.1945627952755905
11
8.0655655118110232
21
-0.2086414566929134
0
LINE
8
BLACK
6
CONTINUOUS
10
8.0655655118110232
20
-0.2086414566929134
11
8.1278962992125976
21
-0.2242545275590551
0
LINE
8
BLACK
6
CONTINUOUS
10
8.1278962992125976
20
-0.2242545275590551
11
8.189825157480314
21
-0.2413925196850394
0
LINE
8
BLACK
6
CONTINUOUS
10
8.189825157480314
20
-0.2413925196850394
11
8.2513148031496062
21
-0.2600451968503937
0
LINE
8
BLACK
6
CONTINUOUS
10
8.2513148031496062
20
-0.2600451968503937
11
8.312328110236221
21
-0.2802012992125984
0
LINE
8
BLACK
6
CONTINUOUS
10
8.312328110236221
20
-0.2802012992125984
11
8.3728284251968503
21
-0.3018486614173228
0
LINE
8
BLACK
6
CONTINUOUS
10
8.3728284251968503
20
-0.3018486614173228
11
8.432779251968503
21
-0.3249742519685039
0
LINE
8
BLACK
6
CONTINUOUS
10
8.432779251968503
20
-0.3249742519685039
11
8.4921445275590557
21
-0.3495641338582677
0
LINE
8
BLACK
6
CONTINUOUS
10
8.4921445275590557
20
-0.3495641338582677
11
8.5508884251968507
21
-0.3756035039370079
0
LINE
8
BLACK
6
CONTINUOUS
10
8.5508884251968507
20
-0.3756035039370079
11
8.6089755905511804
21
-0.4030766929133858
0
LINE
8
BLACK
6
CONTINUOUS
10
8.6089755905511804
20
-0.4030766929133858
11
8.6663710236220464
21
-0.431967125984252
0
LINE
8
BLACK
6
CONTINUOUS
10
8.6663710236220464
20
-0.431967125984252
11
8.723040196850393
21
-0.4622574409448819
0
LINE
8
BLACK
6
CONTINUOUS
10
8.723040196850393
20
-0.4622574409448819
11
8.7789489370078737
21
-0.4939293307086614
0
LINE
8
BLACK
6
CONTINUOUS
10
8.7789489370078737
20
-0.4939293307086614
11
8.8340635433070869
21
-0.526963779527559
0
LINE
8
BLACK
6
CONTINUOUS
10
8.8340635433070869
20
-0.526963779527559
11
8.8883508661417316
21
-0.5613408267716535
0
LINE
8
BLACK
6
CONTINUOUS
10
8.8883508661417316
20
-0.5613408267716535
11
8.9417781496062982
21
-0.5970398031496063
0
LINE
8
BLACK
6
CONTINUOUS
10
8.9417781496062982
20
-0.5970398031496063
11
8.9943133070866139
21
-0.6340392125984252
0
LINE
8
BLACK
6
CONTINUOUS
10
8.9943133070866139
20
-0.6340392125984252
11
9.0459245669291342
21
-0.6723167716535433
0
LINE
8
BLACK
6
CONTINUOUS
10
9.0459245669291342
20
-0.6723167716535433
11
9.0965809448818895
21
-0.7118493700787402
0
LINE
8
BLACK
6
CONTINUOUS
10
9.0965809448818895
20
-0.7118493700787402
11
9.1462518897637786
21
-0.7526132677165354
0
LINE
8
BLACK
6
CONTINUOUS
10
9.1462518897637786
20
-0.7526132677165354
11
9.1949074409448812
21
-0.7945838582677165
0
LINE
8
BLACK
6
CONTINUOUS
10
9.1949074409448812
20
-0.7945838582677165
11
9.2425183464566931
21
-0.8377358661417322
0
LINE
8
BLACK
6
CONTINUOUS
10
9.2425183464566931
20
-0.8377358661417322
11
9.2890559448818895
21
-0.8820433070866142
0
LINE
8
BLACK
6
CONTINUOUS
10
9.2890559448818895
20
-0.8820433070866142
11
9.3344921259842515
21
-0.9274794881889764
0
LINE
8
BLACK
6
CONTINUOUS
10
9.3344921259842515
20
-0.9274794881889764
11
9.3787995669291337
21
-0.9740170866141732
0
LINE
8
BLACK
6
CONTINUOUS
10
9.3787995669291337
20
-0.9740170866141732
11
9.421951574803149
21
-1.0216279921259843
0
LINE
8
BLACK
6
CONTINUOUS
10
9.421951574803149
20
-1.0216279921259843
11
9.4639221653543313
21
-1.0702835433070865
0
LINE
8
BLACK
6
CONTINUOUS
10
9.4639221653543313
20
-1.0702835433070865
11
9.5046860629921266
21
-1.1199544881889762
0
LINE
8
BLACK
6
CONTINUOUS
10
9.5046860629921266
20
-1.1199544881889762
11
9.5442186614173234
21
-1.1706108661417323
0
LINE
8
BLACK
6
CONTINUOUS
10
9.5442186614173234
20
-1.1706108661417323
11
9.5824962204724411
21
-1.2222221259842518
0
LINE
8
BLACK
6
CONTINUOUS
10
9.5824962204724411
20
-1.2222221259842518
11
9.6194956299212588
21
-1.2747572834645668
0
LINE
8
BLACK
6
CONTINUOUS
10
9.6194956299212588
20
-1.2747572834645668
11
9.6551946062992116
21
-1.3281845669291339
0
LINE
8
BLACK
6
CONTINUOUS
10
9.6551946062992116
20
-1.3281845669291339
11
9.6895716535433074
21
-1.3824718897637795
0
LINE
8
BLACK
6
CONTINUOUS
10
9.6895716535433074
20
-1.3824718897637795
11
9.7226061023622048
21
-1.437586496062992
0
LINE
8
BLACK
6
CONTINUOUS
10
9.7226061023622048
20
-1.437586496062992
11
9.7542779921259832
21
-1.4934952362204723
0
LINE
8
BLACK
6
CONTINUOUS
10
9.7542779921259832
20
-1.4934952362204723
11
9.7845683070866141
21
-1.5501644094488189
0
LINE
8
BLACK
6
CONTINUOUS
10
9.7845683070866141
20
-1.5501644094488189
11
9.8134587401574809
21
-1.6075598425196851
0
LINE
8
BLACK
6
CONTINUOUS
10
9.8134587401574809
20
-1.6075598425196851
11
9.8409319291338573
21
-1.6656470078740158
0
LINE
8
BLACK
6
CONTINUOUS
10
9.8409319291338573
20
-1.6656470078740158
11
9.8669712992125991
21
-1.724390905511811
0
LINE
8
BLACK
6
CONTINUOUS
10
9.8669712992125991
20
-1.724390905511811
11
9.8915611811023627
21
-1.7837561811023621
0
LINE
8
BLACK
6
CONTINUOUS
10
9.8915611811023627
20
-1.7837561811023621
11
9.9146867716535425
21
-1.8437070078740156
0
LINE
8
BLACK
6
CONTINUOUS
10
9.9146867716535425
20
-1.8437070078740156
11
9.9363341338582671
21
-1.9042073228346457
0
LINE
8
BLACK
6
CONTINUOUS
10
9.9363341338582671
20
-1.9042073228346457
11
9.956490236220473
21
-1.9652206299212598
0
LINE
8
BLACK
6
CONTINUOUS
10
9.956490236220473
20
-1.9652206299212598
11
9.9751429133858274
21
-2.0267102755905513
0
LINE
8
BLACK
6
CONTINUOUS
10
9.9751429133858274
20
-2.0267102755905513
11
9.9922809055118105
21
-2.0886391338582677
0
LINE
8
BLACK
6
CONTINUOUS
10
9.9922809055118105
20
-2.0886391338582677
11
10.007893976377952
21
-2.1509699212598425
0
LINE
8
BLACK
6
CONTINUOUS
10
10.007893976377952
20
-2.1509699212598425
11
10.021972637795276
21
-2.2136650787401573
0
LINE
8
BLACK
6
CONTINUOUS
10
10.021972637795276
20
-2.2136650787401573
11
10.0345084645669296
21
-2.2766868897637793
0
LINE
8
BLACK
6
CONTINUOUS
10
10.0345084645669296
20
-2.2766868897637793
11
10.0454938582677169
21
-2.3399973622047243
0
LINE
8
BLACK
6
CONTINUOUS
10
10.0454938582677169
20
-2.3399973622047243
11
10.0549222440944881
21
-2.4035583858267717
0
LINE
8
BLACK
6
CONTINUOUS
10
10.0549222440944881
20
-2.4035583858267717
11
10.0627879527559045
21
-2.4673316141732284
0
LINE
8
BLACK
6
CONTINUOUS
10
10.0627879527559045
20
-2.4673316141732284
11
10.069086181102362
21
-2.5312787007874014
0
LINE
8
BLACK
6
CONTINUOUS
10
10.069086181102362
20
-2.5312787007874014
11
10.0738131889763771
21
-2.5953610629921258
0
LINE
8
BLACK
6
CONTINUOUS
10
10.0738131889763771
20
-2.5953610629921258
11
10.0769661023622046
21
-2.6595401574803148
0
LINE
8
BLACK
6
CONTINUOUS
10
10.0769661023622046
20
-2.6595401574803148
11
10.0785430314960625
21
-2.723777283464567
0
LINE
8
BLACK
6
CONTINUOUS
10
10.0785430314960625
20
-2.723777283464567
11
10.0785430314960625
21
-2.7880337401574802
0
LINE
8
BLACK
6
CONTINUOUS
10
10.0785430314960625
20
-2.7880337401574802
11
10.0769661023622046
21
-2.8522708661417324
0
LINE
8
BLACK
6
CONTINUOUS
10
10.0769661023622046
20
-2.8522708661417324
11
10.0738131889763771
21
-2.916449960629921
0
LINE
8
BLACK
6
CONTINUOUS
10
10.0738131889763771
20
-2.916449960629921
11
10.069086181102362
21
-2.9805323228346454
0
LINE
8
BLACK
6
CONTINUOUS
10
10.069086181102362
20
-2.9805323228346454
11
10.0627879527559045
21
-3.0444794094488188
0
LINE
8
BLACK
6
CONTINUOUS
10
10.0627879527559045
20
-3.0444794094488188
11
10.0549222440944881
21
-3.1082526377952755
0
LINE
8
BLACK
6
CONTINUOUS
10
10.0549222440944881
20
-3.1082526377952755
11
10.0454938582677169
21
-3.1718136614173229
0
LINE
8
BLACK
6
CONTINUOUS
10
10.0454938582677169
20
-3.1718136614173229
11
10.0345084645669296
21
-3.2351241338582675
0
LINE
8
BLACK
6
CONTINUOUS
10
10.0345084645669296
20
-3.2351241338582675
11
10.021972637795276
21
-3.2981459448818895
0
LINE
8
BLACK
6
CONTINUOUS
10
10.021972637795276
20
-3.2981459448818895
11
10.007893976377952
21
-3.3608411023622047
0
LINE
8
BLACK
6
CONTINUOUS
10
10.007893976377952
20
-3.3608411023622047
11
9.9922809055118105
21
-3.4231718897637795
0
LINE
8
BLACK
6
CONTINUOUS
10
9.9922809055118105
20
-3.4231718897637795
11
9.9751429133858274
21
-3.4851007480314959
0
LINE
8
BLACK
6
CONTINUOUS
10
9.9751429133858274
20
-3.4851007480314959
11
9.956490236220473
21
-3.5465903937007872
0
LINE
8
BLACK
6
CONTINUOUS
10
9.956490236220473
20
-3.5465903937007872
11
9.9363341338582671
21
-3.6076037007874016
0
LINE
8
BLACK
6
CONTINUOUS
10
9.9363341338582671
20
-3.6076037007874016
11
9.9146867716535425
21
-3.6681040157480314
0
LINE
8
BLACK
6
CONTINUOUS
10
9.9146867716535425
20
-3.6681040157480314
11
9.8915611811023627
21
-3.7280548425196849
0
LINE
8
BLACK
6
CONTINUOUS
10
9.8915611811023627
20
-3.7280548425196849
11
9.8669712992125991
21
-3.7874201181102363
0
LINE
8
BLACK
6
CONTINUOUS
10
9.8669712992125991
20
-3.7874201181102363
11
9.8409319291338573
21
-3.8461640157480312
0
LINE
8
BLACK
6
CONTINUOUS
10
9.8409319291338573
20
-3.8461640157480312
11
9.8134587401574809
21
-3.9042511811023619
0
LINE
8
BLACK
6
CONTINUOUS
10
9.8134587401574809
20
-3.9042511811023619
11
9.7845683070866141
21
-3.9616466141732283
0
LINE
8
BLACK
6
CONTINUOUS
10
9.7845683070866141
20
-3.9616466141732283
11
9.7542779921259832
21
-4.0183157874015745
0
LINE
8
BLACK
6
CONTINUOUS
10
9.7542779921259832
20
-4.0183157874015745
11
9.7226061023622048
21
-4.0742245275590552
0
LINE
8
BLACK
6
CONTINUOUS
10
9.7226061023622048
20
-4.0742245275590552
11
9.6895716535433074
21
-4.1293391338582675
0
LINE
8
BLACK
6
CONTINUOUS
10
9.6895716535433074
20
-4.1293391338582675
11
9.6551946062992116
21
-4.1836264566929131
0
LINE
8
BLACK
6
CONTINUOUS
10
9.6551946062992116
20
-4.1836264566929131
11
9.6194956299212588
21
-4.2370537401574806
0
LINE
8
BLACK
6
CONTINUOUS
10
9.6194956299212588
20
-4.2370537401574806
11
9.5824962204724411
21
-4.2895888976377954
0
LINE
8
BLACK
6
CONTINUOUS
10
9.5824962204724411
20
-4.2895888976377954
11
9.5442186614173234
21
-4.3412001574803147
0
LINE
8
BLACK
6
CONTINUOUS
10
9.5442186614173234
20
-4.3412001574803147
11
9.5046860629921266
21
-4.391856535433071
0
LINE
8
BLACK
6
CONTINUOUS
10
9.5046860629921266
20
-4.391856535433071
11
9.4639221653543313
21
-4.4415274803149609
0
LINE
8
BLACK
6
CONTINUOUS
10
9.4639221653543313
20
-4.4415274803149609
11
9.421951574803149
21
-4.4901830314960627
0
LINE
8
BLACK
6
CONTINUOUS
10
9.421951574803149
20
-4.4901830314960627
11
9.3787995669291337
21
-4.5377939370078737
0
LINE
8
BLACK
6
CONTINUOUS
10
9.3787995669291337
20
-4.5377939370078737
11
9.3344921259842515
21
-4.5843315354330709
0
LINE
8
BLACK
6
CONTINUOUS
10
9.3344921259842515
20
-4.5843315354330709
11
9.2890559448818895
21
-4.629767716535433
0
LINE
8
BLACK
6
CONTINUOUS
10
9.2890559448818895
20
-4.629767716535433
11
9.2425183464566931
21
-4.6740751574803152
0
LINE
8
BLACK
6
CONTINUOUS
10
9.2425183464566931
20
-4.6740751574803152
11
9.1949074409448812
21
-4.7172271653543305
0
LINE
8
BLACK
6
CONTINUOUS
10
9.1949074409448812
20
-4.7172271653543305
11
9.1462518897637786
21
-4.7591977559055119
0
LINE
8
BLACK
6
CONTINUOUS
10
9.1462518897637786
20
-4.7591977559055119
11
9.0965809448818895
21
-4.7999616535433072
0
LINE
8
BLACK
6
CONTINUOUS
10
9.0965809448818895
20
-4.7999616535433072
11
9.0459245669291342
21
-4.839494251968504
0
LINE
8
BLACK
6
CONTINUOUS
10
9.0459245669291342
20
-4.839494251968504
11
8.9943133070866139
21
-4.8777718110236217
0
LINE
8
BLACK
6
CONTINUOUS
10
8.9943133070866139
20
-4.8777718110236217
11
8.9417781496062982
21
-4.9147712204724412
0
LINE
8
BLACK
6
CONTINUOUS
10
8.9417781496062982
20
-4.9147712204724412
11
8.8883508661417316
21
-4.9504701968503939
0
LINE
8
BLACK
6
CONTINUOUS
10
8.8883508661417316
20
-4.9504701968503939
11
8.8340635433070869
21
-4.984847244094488
0
LINE
8
BLACK
6
CONTINUOUS
10
8.8340635433070869
20
-4.984847244094488
11
8.7789489370078737
21
-5.0178816929133854
0
LINE
8
BLACK
6
CONTINUOUS
10
8.7789489370078737
20
-5.0178816929133854
11
8.723040196850393
21
-5.0495535826771656
0
LINE
8
BLACK
6
CONTINUOUS
10
8.723040196850393
20
-5.0495535826771656
11
8.6663710236220464
21
-5.0798438976377955
0
LINE
8
BLACK
6
CONTINUOUS
10
8.6663710236220464
20
-5.0798438976377955
11
8.6089755905511804
21
-5.1087343307086615
0
LINE
8
BLACK
6
CONTINUOUS
10
8.6089755905511804
20
-5.1087343307086615
11
8.5508884251968507
21
-5.1362075196850396
0
LINE
8
BLACK
6
CONTINUOUS
10
8.5508884251968507
20
-5.1362075196850396
11
8.4921445275590557
21
-5.1622468897637797
0
LINE
8
BLACK
6
CONTINUOUS
10
8.4921445275590557
20
-5.1622468897637797
11
8.432779251968503
21
-5.1868367716535433
0
LINE
8
BLACK
6
CONTINUOUS
10
8.432779251968503
20
-5.1868367716535433
11
8.3728284251968503
21
-5.209962362204724
0
LINE
8
BLACK
6
CONTINUOUS
10
8.3728284251968503
20
-5.209962362204724
11
8.312328110236221
21
-5.2316097244094486
0
LINE
8
BLACK
6
CONTINUOUS
10
8.312328110236221
20
-5.2316097244094486
11
8.2513148031496062
21
-5.2517658267716536
0
LINE
8
BLACK
6
CONTINUOUS
10
8.2513148031496062
20
-5.2517658267716536
11
8.189825157480314
21
-5.2704185039370079
0
LINE
8
BLACK
6
CONTINUOUS
10
8.189825157480314
20
-5.2704185039370079
11
8.1278962992125976
21
-5.2875564960629919
0
LINE
8
BLACK
6
CONTINUOUS
10
8.1278962992125976
20
-5.2875564960629919
11
8.0655655118110232
21
-5.3031695669291334
0
LINE
8
BLACK
6
CONTINUOUS
10
8.0655655118110232
20
-5.3031695669291334
11
8.0028703543307085
21
-5.3172482283464566
0
LINE
8
BLACK
6
CONTINUOUS
10
8.0028703543307085
20
-5.3172482283464566
11
7.939848543307086
21
-5.3297840551181102
0
LINE
8
BLACK
6
CONTINUOUS
10
7.939848543307086
20
-5.3297840551181102
11
7.8765380708661414
21
-5.3407694488188975
0
LINE
8
BLACK
6
CONTINUOUS
10
7.8765380708661414
20
-5.3407694488188975
11
7.812977047244094
21
-5.3501978346456696
0
LINE
8
BLACK
6
CONTINUOUS
10
7.812977047244094
20
-5.3501978346456696
11
7.7492038188976373
21
-5.3580635433070869
0
LINE
8
BLACK
6
CONTINUOUS
10
7.7492038188976373
20
-5.3580635433070869
11
7.685256732283464
21
-5.3643617716535434
0
LINE
8
BLACK
6
CONTINUOUS
10
7.685256732283464
20
-5.3643617716535434
11
7.62117437007874
21
-5.3690887795275586
0
LINE
8
BLACK
6
CONTINUOUS
10
7.62117437007874
20
-5.3690887795275586
11
7.556995275590551
21
-5.372241692913386
0
LINE
8
BLACK
6
CONTINUOUS
10
7.556995275590551
20
-5.372241692913386
11
7.4927581496062992
21
-5.3738186220472439
0
LINE
8
BLACK
6
CONTINUOUS
10
7.4927581496062992
20
-5.3738186220472439
11
7.428501692913386
21
-5.3738186220472439
0
LINE
8
BLACK
6
CONTINUOUS
10
7.428501692913386
20
-5.3738186220472439
11
7.3642645669291333
21
-5.372241692913386
0
LINE
8
BLACK
6
CONTINUOUS
10
7.3642645669291333
20
-5.372241692913386
11
7.3000854724409443
21
-5.3690887795275586
0
LINE
8
BLACK
6
CONTINUOUS
10
7.3000854724409443
20
-5.3690887795275586
11
7.2360031102362203
21
-5.3643617716535434
0
LINE
8
BLACK
6
CONTINUOUS
10
7.2360031102362203
20
-5.3643617716535434
11
7.172056023622047
21
-5.3580635433070869
0
LINE
8
BLACK
6
CONTINUOUS
10
7.172056023622047
20
-5.3580635433070869
11
7.1082827952755903
21
-5.3501978346456696
0
LINE
8
BLACK
6
CONTINUOUS
10
7.1082827952755903
20
-5.3501978346456696
11
7.0447217716535429
21
-5.3407694488188975
0
LINE
8
BLACK
6
CONTINUOUS
10
7.0447217716535429
20
-5.3407694488188975
11
6.9814112992125983
21
-5.3297840551181102
0
LINE
8
BLACK
6
CONTINUOUS
10
6.9814112992125983
20
-5.3297840551181102
11
6.9183894881889758
21
-5.3172482283464566
0
LINE
8
BLACK
6
CONTINUOUS
10
6.9183894881889758
20
-5.3172482283464566
11
6.8556943307086611
21
-5.3031695669291334
0
LINE
8
BLACK
6
CONTINUOUS
10
6.8556943307086611
20
-5.3031695669291334
11
6.7933635433070867
21
-5.2875564960629919
0
LINE
8
BLACK
6
CONTINUOUS
10
6.7933635433070867
20
-5.2875564960629919
11
6.7314346850393703
21
-5.2704185039370079
0
LINE
8
BLACK
6
CONTINUOUS
10
6.7314346850393703
20
-5.2704185039370079
11
6.669945039370079
21
-5.2517658267716536
0
LINE
8
BLACK
6
CONTINUOUS
10
6.669945039370079
20
-5.2517658267716536
11
6.6089317322834642
21
-5.2316097244094486
0
LINE
8
BLACK
6
CONTINUOUS
10
6.6089317322834642
20
-5.2316097244094486
11
6.5484314173228348
21
-5.209962362204724
0
LINE
8
BLACK
6
CONTINUOUS
10
6.5484314173228348
20
-5.209962362204724
11
6.4884805905511813
21
-5.1868367716535433
0
LINE
8
BLACK
6
CONTINUOUS
10
6.4884805905511813
20
-5.1868367716535433
11
6.4291153149606295
21
-5.1622468897637797
0
LINE
8
BLACK
6
CONTINUOUS
10
6.4291153149606295
20
-5.1622468897637797
11
6.3703714173228345
21
-5.1362075196850396
0
LINE
8
BLACK
6
CONTINUOUS
10
6.3703714173228345
20
-5.1362075196850396
11
6.3122842519685038
21
-5.1087343307086615
0
LINE
8
BLACK
6
CONTINUOUS
10
6.3122842519685038
20
-5.1087343307086615
11
6.2548888188976379
21
-5.0798438976377955
0
LINE
8
BLACK
6
CONTINUOUS
10
6.2548888188976379
20
-5.0798438976377955
11
6.1982196456692913
21
-5.0495535826771656
0
LINE
8
BLACK
6
CONTINUOUS
10
6.1982196456692913
20
-5.0495535826771656
11
6.1423109055118106
21
-5.0178816929133854
0
LINE
8
BLACK
6
CONTINUOUS
10
6.1423109055118106
20
-5.0178816929133854
11
6.0871962992125983
21
-4.984847244094488
0
LINE
8
BLACK
6
CONTINUOUS
10
6.0871962992125983
20
-4.984847244094488
11
6.0329089763779526
21
-4.9504701968503939
0
LINE
8
BLACK
6
CONTINUOUS
10
6.0329089763779526
20
-4.9504701968503939
11
5.979481692913386
21
-4.9147712204724412
0
LINE
8
BLACK
6
CONTINUOUS
10
5.979481692913386
20
-4.9147712204724412
11
5.9269465354330704
21
-4.8777718110236217
0
LINE
8
BLACK
6
CONTINUOUS
10
5.9269465354330704
20
-4.8777718110236217
11
5.875335275590551
21
-4.839494251968504
0
LINE
8
BLACK
6
CONTINUOUS
10
5.875335275590551
20
-4.839494251968504
11
5.8246788976377948
21
-4.7999616535433072
0
LINE
8
BLACK
6
CONTINUOUS
10
5.8246788976377948
20
-4.7999616535433072
11
5.7750079527559057
21
-4.7591977559055119
0
LINE
8
BLACK
6
CONTINUOUS
10
5.7750079527559057
20
-4.7591977559055119
11
5.7263524015748031
21
-4.7172271653543305
0
LINE
8
BLACK
6
CONTINUOUS
10
5.7263524015748031
20
-4.7172271653543305
11
5.6787414960629921
21
-4.6740751574803152
0
LINE
8
BLACK
6
CONTINUOUS
10
5.6787414960629921
20
-4.6740751574803152
11
5.6322038976377948
21
-4.629767716535433
0
LINE
8
BLACK
6
CONTINUOUS
10
5.6322038976377948
20
-4.629767716535433
11
5.5867677165354328
21
-4.5843315354330709
0
LINE
8
BLACK
6
CONTINUOUS
10
5.5867677165354328
20
-4.5843315354330709
11
5.5424602755905514
21
-4.5377939370078737
0
LINE
8
BLACK
6
CONTINUOUS
10
5.5424602755905514
20
-4.5377939370078737
11
5.4993082677165352
21
-4.4901830314960627
0
LINE
8
BLACK
6
CONTINUOUS
10
5.4993082677165352
20
-4.4901830314960627
11
5.4573376771653539
21
-4.4415274803149609
0
LINE
8
BLACK
6
CONTINUOUS
10
5.4573376771653539
20
-4.4415274803149609
11
5.4165737795275586
21
-4.391856535433071
0
LINE
8
BLACK
6
CONTINUOUS
10
5.4165737795275586
20
-4.391856535433071
11
5.3770411811023617
21
-4.3412001574803147
0
LINE
8
BLACK
6
CONTINUOUS
10
5.3770411811023617
20
-4.3412001574803147
11
5.3387636220472441
21
-4.2895888976377954
0
LINE
8
BLACK
6
CONTINUOUS
10
5.3387636220472441
20
-4.2895888976377954
11
5.3017642125984255
21
-4.2370537401574806
0
LINE
8
BLACK
6
CONTINUOUS
10
5.3017642125984255
20
-4.2370537401574806
11
5.2660652362204727
21
-4.1836264566929131
0
LINE
8
BLACK
6
CONTINUOUS
10
5.2660652362204727
20
-4.1836264566929131
11
5.2316881889763778
21
-4.1293391338582675
0
LINE
8
BLACK
6
CONTINUOUS
10
5.2316881889763778
20
-4.1293391338582675
11
5.1986537401574804
21
-4.0742245275590552
0
LINE
8
BLACK
6
CONTINUOUS
10
5.1986537401574804
20
-4.0742245275590552
11
5.1669818503937011
21
-4.0183157874015745
0
LINE
8
BLACK
6
CONTINUOUS
10
5.1669818503937011
20
-4.0183157874015745
11
5.1366915354330711
21
-3.9616466141732283
0
LINE
8
BLACK
6
CONTINUOUS
10
5.1366915354330711
20
-3.9616466141732283
11
5.1078011023622043
21
-3.9042511811023619
0
LINE
8
BLACK
6
CONTINUOUS
10
5.1078011023622043
20
-3.9042511811023619
11
5.080327913385827
21
-3.8461640157480312
0
LINE
8
BLACK
6
CONTINUOUS
10
5.080327913385827
20
-3.8461640157480312
11
5.0542885433070861
21
-3.7874201181102363
0
LINE
8
BLACK
6
CONTINUOUS
10
5.0542885433070861
20
-3.7874201181102363
11
5.0296986614173225
21
-3.7280548425196849
0
LINE
8
BLACK
6
CONTINUOUS
10
5.0296986614173225
20
-3.7280548425196849
11
5.0065730708661418
21
-3.6681040157480314
0
LINE
8
BLACK
6
CONTINUOUS
10
5.0065730708661418
20
-3.6681040157480314
11
4.9849257086614172
21
-3.6076037007874016
0
LINE
8
BLACK
6
CONTINUOUS
10
4.9849257086614172
20
-3.6076037007874016
11
4.9647696062992122
21
-3.5465903937007872
0
LINE
8
BLACK
6
CONTINUOUS
10
4.9647696062992122
20
-3.5465903937007872
11
4.9461169291338578
21
-3.4851007480314959
0
LINE
8
BLACK
6
CONTINUOUS
10
4.9461169291338578
20
-3.4851007480314959
11
4.9289789370078738
21
-3.4231718897637795
0
LINE
8
BLACK
6
CONTINUOUS
10
4.9289789370078738
20
-3.4231718897637795
11
4.9133658661417323
21
-3.3608411023622047
0
LINE
8
BLACK
6
CONTINUOUS
10
4.9133658661417323
20
-3.3608411023622047
11
4.8992872047244092
21
-3.2981459448818895
0
LINE
8
BLACK
6
CONTINUOUS
10
4.8992872047244092
20
-3.2981459448818895
11
4.8867513779527556
21
-3.2351241338582675
0
LINE
8
BLACK
6
CONTINUOUS
10
4.8867513779527556
20
-3.2351241338582675
11
4.8757659842519683
21
-3.1718136614173229
0
LINE
8
BLACK
6
CONTINUOUS
10
4.8757659842519683
20
-3.1718136614173229
11
4.8663375984251971
21
-3.1082526377952755
0
LINE
8
BLACK
6
CONTINUOUS
10
4.8663375984251971
20
-3.1082526377952755
11
4.8584718897637797
21
-3.0444794094488188
0
LINE
8
BLACK
6
CONTINUOUS
10
4.8584718897637797
20
-3.0444794094488188
11
4.8521736614173223
21
-2.9805323228346454
0
LINE
8
BLACK
6
CONTINUOUS
10
4.8521736614173223
20
-2.9805323228346454
11
4.8474466535433072
21
-2.916449960629921
0
LINE
8
BLACK
6
CONTINUOUS
10
4.8474466535433072
20
-2.916449960629921
11
4.8442937401574806
21
-2.8522708661417324
0
LINE
8
BLACK
6
CONTINUOUS
10
4.8442937401574806
20
-2.8522708661417324
11
4.8427168110236218
21
-2.7880337401574802
0
LINE
8
BLACK
6
CONTINUOUS
10
4.8427168110236218
20
-2.7880337401574802
11
4.8427168110236218
21
-2.7333846456692914
0
LINE
8
BLACK
6
CONTINUOUS
10
4.8427168110236218
20
-2.7333846456692914
11
4.8427168110236218
21
-2.723777283464567
0
LINE
8
BLACK
6
CONTINUOUS
10
4.8427168110236218
20
-2.723777283464567
11
4.8442937401574806
21
-2.6595401574803148
0
LINE
8
BLACK
6
CONTINUOUS
10
4.8442937401574806
20
-2.6595401574803148
11
4.8474466535433072
21
-2.5953610629921258
0
LINE
8
BLACK
6
CONTINUOUS
10
4.8474466535433072
20
-2.5953610629921258
11
4.8521736614173223
21
-2.5312787007874014
0
LINE
8
BLACK
6
CONTINUOUS
10
4.8521736614173223
20
-2.5312787007874014
11
4.8584718897637797
21
-2.4673316141732284
0
LINE
8
BLACK
6
CONTINUOUS
10
4.8584718897637797
20
-2.4673316141732284
11
4.8663375984251971
21
-2.4035583858267717
0
LINE
8
BLACK
6
CONTINUOUS
10
4.8663375984251971
20
-2.4035583858267717
11
4.8757659842519683
21
-2.3399973622047243
0
LINE
8
BLACK
6
CONTINUOUS
10
4.8757659842519683
20
-2.3399973622047243
11
4.8867513779527556
21
-2.2766868897637793
0
LINE
8
BLACK
6
CONTINUOUS
10
4.8867513779527556
20
-2.2766868897637793
11
4.8992872047244092
21
-2.2136650787401573
0
LINE
8
BLACK
6
CONTINUOUS
10
4.8992872047244092
20
-2.2136650787401573
11
4.9133658661417323
21
-2.1509699212598425
0
LINE
8
BLACK
6
CONTINUOUS
10
4.9133658661417323
20
-2.1509699212598425
11
4.9289789370078738
21
-2.0886391338582677
0
LINE
8
BLACK
6
CONTINUOUS
10
4.9289789370078738
20
-2.0886391338582677
11
4.9461169291338578
21
-2.0267102755905513
0
LINE
8
BLACK
6
CONTINUOUS
10
4.9461169291338578
20
-2.0267102755905513
11
4.9647696062992122
21
-1.9652206299212598
0
LINE
8
BLACK
6
CONTINUOUS
10
4.9647696062992122
20
-1.9652206299212598
11
4.9849257086614172
21
-1.9042073228346457
0
LINE
8
BLACK
6
CONTINUOUS
10
4.9849257086614172
20
-1.9042073228346457
11
5.0065730708661418
21
-1.8437070078740156
0
LINE
8
BLACK
6
CONTINUOUS
10
5.0065730708661418
20
-1.8437070078740156
11
5.0296986614173225
21
-1.7837561811023621
0
LINE
8
BLACK
6
CONTINUOUS
10
5.0296986614173225
20
-1.7837561811023621
11
5.0542885433070861
21
-1.724390905511811
0
LINE
8
BLACK
6
CONTINUOUS
10
5.0542885433070861
20
-1.724390905511811
11
5.080327913385827
21
-1.6656470078740158
0
LINE
8
BLACK
6
CONTINUOUS
10
5.080327913385827
20
-1.6656470078740158
11
5.1078011023622043
21
-1.6075598425196851
0
LINE
8
BLACK
6
CONTINUOUS
10
5.1078011023622043
20
-1.6075598425196851
11
5.1366915354330711
21
-1.5501644094488189
0
LINE
8
BLACK
6
CONTINUOUS
10
5.1366915354330711
20
-1.5501644094488189
11
5.1669818503937011
21
-1.4934952362204723
0
LINE
8
BLACK
6
CONTINUOUS
10
5.1669818503937011
20
-1.4934952362204723
11
5.1986537401574804
21
-1.437586496062992
0
LINE
8
BLACK
6
CONTINUOUS
10
5.1986537401574804
20
-1.437586496062992
11
5.2316881889763778
21
-1.3824718897637795
0
LINE
8
BLACK
6
CONTINUOUS
10
5.2316881889763778
20
-1.3824718897637795
11
5.2660652362204727
21
-1.3281845669291339
0
LINE
8
BLACK
6
CONTINUOUS
10
5.2660652362204727
20
-1.3281845669291339
11
5.3017642125984255
21
-1.2747572834645668
0
LINE
8
BLACK
6
CONTINUOUS
10
5.3017642125984255
20
-1.2747572834645668
11
5.3387636220472441
21
-1.2222221259842518
0
LINE
8
BLACK
6
CONTINUOUS
10
5.3387636220472441
20
-1.2222221259842518
11
5.3770411811023617
21
-1.1706108661417323
0
LINE
8
BLACK
6
CONTINUOUS
10
5.3770411811023617
20
-1.1706108661417323
11
5.4165737795275586
21
-1.1199544881889762
0
LINE
8
BLACK
6
CONTINUOUS
10
5.4165737795275586
20
-1.1199544881889762
11
5.4573376771653539
21
-1.0702835433070865
0
LINE
8
BLACK
6
CONTINUOUS
10
5.4573376771653539
20
-1.0702835433070865
11
5.4993082677165352
21
-1.0216279921259843
0
LINE
8
BLACK
6
CONTINUOUS
10
5.4993082677165352
20
-1.0216279921259843
11
5.5424602755905514
21
-0.9740170866141732
0
LINE
8
BLACK
6
CONTINUOUS
10
5.5424602755905514
20
-0.9740170866141732
11
5.5867677165354328
21
-0.9274794881889764
0
LINE
8
BLACK
6
CONTINUOUS
10
5.5867677165354328
20
-0.9274794881889764
11
5.6322038976377948
21
-0.8820433070866142
0
LINE
8
BLACK
6
CONTINUOUS
10
5.6322038976377948
20
-0.8820433070866142
11
5.6787414960629921
21
-0.8377358661417322
0
LINE
8
BLACK
6
CONTINUOUS
10
5.6787414960629921
20
-0.8377358661417322
11
5.7263524015748031
21
-0.7945838582677165
0
LINE
8
BLACK
6
CONTINUOUS
10
5.7263524015748031
20
-0.7945838582677165
11
5.7750079527559057
21
-0.7526132677165354
0
LINE
8
BLACK
6
CONTINUOUS
10
5.7750079527559057
20
-0.7526132677165354
11
5.8246788976377948
21
-0.7118493700787402
0
LINE
8
BLACK
6
CONTINUOUS
10
5.8246788976377948
20
-0.7118493700787402
11
5.875335275590551
21
-0.6723167716535433
0
LINE
8
BLACK
6
CONTINUOUS
10
5.875335275590551
20
-0.6723167716535433
11
5.9269465354330704
21
-0.6340392125984252
0
LINE
8
BLACK
6
CONTINUOUS
10
5.9269465354330704
20
-0.6340392125984252
11
5.979481692913386
21
-0.5970398031496063
0
LINE
8
BLACK
6
CONTINUOUS
10
5.979481692913386
20
-0.5970398031496063
11
6.0329089763779526
21
-0.5613408267716535
0
LINE
8
BLACK
6
CONTINUOUS
10
6.0329089763779526
20
-0.5613408267716535
11
6.0871962992125983
21
-0.526963779527559
0
LINE
8
BLACK
6
CONTINUOUS
10
6.0871962992125983
20
-0.526963779527559
11
6.1423109055118106
21
-0.4939293307086614
0
LINE
8
BLACK
6
CONTINUOUS
10
6.1423109055118106
20
-0.4939293307086614
11
6.1982196456692913
21
-0.4622574409448819
0
LINE
8
BLACK
6
CONTINUOUS
10
6.1982196456692913
20
-0.4622574409448819
11
6.2548888188976379
21
-0.431967125984252
0
LINE
8
BLACK
6
CONTINUOUS
10
6.2548888188976379
20
-0.431967125984252
11
6.3122842519685038
21
-0.4030766929133858
0
LINE
8
BLACK
6
CONTINUOUS
10
6.3122842519685038
20
-0.4030766929133858
11
6.3703714173228345
21
-0.3756035039370079
0
LINE
8
BLACK
6
CONTINUOUS
10
6.3703714173228345
20
-0.3756035039370079
11
6.4291153149606295
21
-0.3495641338582677
0
LINE
8
BLACK
6
CONTINUOUS
10
6.4291153149606295
20
-0.3495641338582677
11
6.4884805905511813
21
-0.3249742519685039
0
LINE
8
BLACK
6
CONTINUOUS
10
6.4884805905511813
20
-0.3249742519685039
11
6.5484314173228348
21
-0.3018486614173228
0
LINE
8
BLACK
6
CONTINUOUS
10
6.5484314173228348
20
-0.3018486614173228
11
6.6089317322834642
21
-0.2802012992125984
0
LINE
8
BLACK
6
CONTINUOUS
10
6.6089317322834642
20
-0.2802012992125984
11
6.669945039370079
21
-0.2600451968503937
0
LINE
8
BLACK
6
CONTINUOUS
10
6.669945039370079
20
-0.2600451968503937
11
6.7314346850393703
21
-0.2413925196850394
0
LINE
8
BLACK
6
CONTINUOUS
10
6.7314346850393703
20
-0.2413925196850394
11
6.7933635433070867
21
-0.2242545275590551
0
LINE
8
BLACK
6
CONTINUOUS
10
6.7933635433070867
20
-0.2242545275590551
11
6.8556943307086611
21
-0.2086414566929134
0
LINE
8
BLACK
6
CONTINUOUS
10
6.8556943307086611
20
-0.2086414566929134
11
6.9183894881889758
21
-0.1945627952755905
0
LINE
8
BLACK
6
CONTINUOUS
10
6.9183894881889758
20
-0.1945627952755905
11
6.9814112992125983
21
-0.182026968503937
0
LINE
8
BLACK
6
CONTINUOUS
10
6.9814112992125983
20
-0.182026968503937
11
7.0447217716535429
21
-0.1710415748031496
0
LINE
8
BLACK
6
CONTINUOUS
10
7.0447217716535429
20
-0.1710415748031496
11
7.1082827952755903
21
-0.1616131889763779
0
LINE
8
BLACK
6
CONTINUOUS
10
7.1082827952755903
20
-0.1616131889763779
11
7.172056023622047
21
-0.1537474803149606
0
LINE
8
BLACK
6
CONTINUOUS
10
7.172056023622047
20
-0.1537474803149606
11
7.2360031102362203
21
-0.1474492519685039
0
LINE
8
BLACK
6
CONTINUOUS
10
7.2360031102362203
20
-0.1474492519685039
11
7.3000854724409443
21
-0.1427222440944882
0
LINE
8
BLACK
6
CONTINUOUS
10
7.3000854724409443
20
-0.1427222440944882
11
7.3642645669291333
21
-0.1395693307086614
0
LINE
8
BLACK
6
CONTINUOUS
10
7.3642645669291333
20
-0.1395693307086614
11
7.428501692913386
21
-0.1379924015748031
0
LINE
8
BLACK
6
CONTINUOUS
10
7.428501692913386
20
-0.1379924015748031
11
7.4927581496062992
21
-0.1379924015748031
0
LINE
8
BLACK
6
CONTINUOUS
10
7.4927581496062992
20
-0.1379924015748031
11
7.556995275590551
21
-0.1395693307086614
0
LINE
8
BLACK
6
CONTINUOUS
10
6.1417322834645667
20
-2.7784263779527558
11
6.143270039370079
21
-2.8234418897637794
0
LINE
8
BLACK
6
CONTINUOUS
10
6.143270039370079
20
-2.8234418897637794
11
6.1463437795275588
21
-2.8683786614173226
0
LINE
8
BLACK
6
CONTINUOUS
10
6.1463437795275588
20
-2.8683786614173226
11
6.1509499606299212
21
-2.9131842519685041
0
LINE
8
BLACK
6
CONTINUOUS
10
6.1509499606299212
20
-2.9131842519685041
11
6.157083149606299
21
-2.9578064960629922
0
LINE
8
BLACK
6
CONTINUOUS
10
6.157083149606299
20
-2.9578064960629922
11
6.1647362204724407
21
-3.0021933464566928
0
LINE
8
BLACK
6
CONTINUOUS
10
6.1647362204724407
20
-3.0021933464566928
11
6.1739002362204722
21
-3.0462929921259843
0
LINE
8
BLACK
6
CONTINUOUS
10
6.1739002362204722
20
-3.0462929921259843
11
6.1845644881889763
21
-3.0900540944881887
0
LINE
8
BLACK
6
CONTINUOUS
10
6.1845644881889763
20
-3.0900540944881887
11
6.1967166141732282
21
-3.1334255905511812
0
LINE
8
BLACK
6
CONTINUOUS
10
6.1967166141732282
20
-3.1334255905511812
11
6.2103424015748034
21
-3.1763568897637793
0
LINE
8
BLACK
6
CONTINUOUS
10
6.2103424015748034
20
-3.1763568897637793
11
6.2254259842519684
21
-3.2187979921259844
0
LINE
8
BLACK
6
CONTINUOUS
10
6.2254259842519684
20
-3.2187979921259844
11
6.2419497244094488
21
-3.2606993700787399
0
LINE
8
BLACK
6
CONTINUOUS
10
6.2419497244094488
20
-3.2606993700787399
11
6.2598944094488189
21
-3.3020121653543306
0
LINE
8
BLACK
6
CONTINUOUS
10
6.2598944094488189
20
-3.3020121653543306
11
6.2792391338582672
21
-3.3426882677165355
0
LINE
8
BLACK
6
CONTINUOUS
10
6.2792391338582672
20
-3.3426882677165355
11
6.2999612598425196
21
-3.3826801574803147
0
LINE
8
BLACK
6
CONTINUOUS
10
6.2999612598425196
20
-3.3826801574803147
11
6.322036692913386
21
-3.4219412992125982
0
LINE
8
BLACK
6
CONTINUOUS
10
6.322036692913386
20
-3.4219412992125982
11
6.3454396456692912
21
-3.4604258267716537
0
LINE
8
BLACK
6
CONTINUOUS
10
6.3454396456692912
20
-3.4604258267716537
11
6.3701429133858269
21
-3.4980889763779528
0
LINE
8
BLACK
6
CONTINUOUS
10
6.3701429133858269
20
-3.4980889763779528
11
6.3961175984251968
21
-3.5348867322834643
0
LINE
8
BLACK
6
CONTINUOUS
10
6.3961175984251968
20
-3.5348867322834643
11
6.4233334645669293
21
-3.5707762204724407
0
LINE
8
BLACK
6
CONTINUOUS
10
6.4233334645669293
20
-3.5707762204724407
11
6.4517587795275588
21
-3.6057156299212596
0
LINE
8
BLACK
6
CONTINUOUS
10
6.4517587795275588
20
-3.6057156299212596
11
6.4813603937007871
21
-3.6396641732283466
0
LINE
8
BLACK
6
CONTINUOUS
10
6.4813603937007871
20
-3.6396641732283466
11
6.5121037795275587
21
-3.6725823228346455
0
LINE
8
BLACK
6
CONTINUOUS
10
6.5121037795275587
20
-3.6725823228346455
11
6.5439531102362203
21
-3.7044316535433071
0
LINE
8
BLACK
6
CONTINUOUS
10
6.5439531102362203
20
-3.7044316535433071
11
6.5768712598425196
21
-3.7351750393700787
0
LINE
8
BLACK
6
CONTINUOUS
10
6.5768712598425196
20
-3.7351750393700787
11
6.6108198031496057
21
-3.7647766535433069
0
LINE
8
BLACK
6
CONTINUOUS
10
6.6108198031496057
20
-3.7647766535433069
11
6.6457592125984251
21
-3.7932019685039369
0
LINE
8
BLACK
6
CONTINUOUS
10
6.6457592125984251
20
-3.7932019685039369
11
6.6816487007874015
21
-3.8204178346456694
0
LINE
8
BLACK
6
CONTINUOUS
10
6.6816487007874015
20
-3.8204178346456694
11
6.718446456692913
21
-3.8463925196850393
0
LINE
8
BLACK
6
CONTINUOUS
10
6.718446456692913
20
-3.8463925196850393
11
6.7561096062992121
21
-3.8710957874015746
0
LINE
8
BLACK
6
CONTINUOUS
10
6.7561096062992121
20
-3.8710957874015746
11
6.7945941338582676
21
-3.8944987401574802
0
LINE
8
BLACK
6
CONTINUOUS
10
6.7945941338582676
20
-3.8944987401574802
11
6.8338552755905511
21
-3.9165741732283466
0
LINE
8
BLACK
6
CONTINUOUS
10
6.8338552755905511
20
-3.9165741732283466
11
6.8738471653543307
21
-3.9372962992125982
0
LINE
8
BLACK
6
CONTINUOUS
10
6.8738471653543307
20
-3.9372962992125982
11
6.9145232677165351
21
-3.9566410236220473
0
LINE
8
BLACK
6
CONTINUOUS
10
6.9145232677165351
20
-3.9566410236220473
11
6.9558360629921259
21
-3.9745857086614174
0
LINE
8
BLACK
6
CONTINUOUS
10
6.9558360629921259
20
-3.9745857086614174
11
6.9977374409448814
21
-3.9911094488188974
0
LINE
8
BLACK
6
CONTINUOUS
10
6.9977374409448814
20
-3.9911094488188974
11
7.0401785433070865
21
-4.0061930314960632
0
LINE
8
BLACK
6
CONTINUOUS
10
7.0401785433070865
20
-4.0061930314960632
11
7.0831098425196846
21
-4.0198188188976376
0
LINE
8
BLACK
6
CONTINUOUS
10
7.0831098425196846
20
-4.0198188188976376
11
7.1264813385826766
21
-4.0319709448818895
0
LINE
8
BLACK
6
CONTINUOUS
10
7.1264813385826766
20
-4.0319709448818895
11
7.1702424409448815
21
-4.0426351968503935
0
LINE
8
BLACK
6
CONTINUOUS
10
7.1702424409448815
20
-4.0426351968503935
11
7.214342086614173
21
-4.051799212598425
0
LINE
8
BLACK
6
CONTINUOUS
10
7.214342086614173
20
-4.051799212598425
11
7.2587289370078736
21
-4.0594522834645668
0
LINE
8
BLACK
6
CONTINUOUS
10
7.2587289370078736
20
-4.0594522834645668
11
7.3033511811023617
21
-4.0655854724409446
0
LINE
8
BLACK
6
CONTINUOUS
10
7.3033511811023617
20
-4.0655854724409446
11
7.3481567716535432
21
-4.0701916535433069
0
LINE
8
BLACK
6
CONTINUOUS
10
7.3481567716535432
20
-4.0701916535433069
11
7.3930935433070868
21
-4.0732653937007877
0
LINE
8
BLACK
6
CONTINUOUS
10
7.3930935433070868
20
-4.0732653937007877
11
7.4381090551181099
21
-4.0748031496062991
0
LINE
8
BLACK
6
CONTINUOUS
10
7.4381090551181099
20
-4.0748031496062991
11
7.4831507874015744
21
-4.0748031496062991
0
LINE
8
BLACK
6
CONTINUOUS
10
7.4831507874015744
20
-4.0748031496062991
11
7.5281662992125984
21
-4.0732653937007877
0
LINE
8
BLACK
6
CONTINUOUS
10
7.5281662992125984
20
-4.0732653937007877
11
7.573103070866142
21
-4.0701916535433069
0
LINE
8
BLACK
6
CONTINUOUS
10
7.573103070866142
20
-4.0701916535433069
11
7.6179086614173226
21
-4.0655854724409446
0
LINE
8
BLACK
6
CONTINUOUS
10
7.6179086614173226
20
-4.0655854724409446
11
7.6625309055118107
21
-4.0594522834645668
0
LINE
8
BLACK
6
CONTINUOUS
10
7.6625309055118107
20
-4.0594522834645668
11
7.7069177559055113
21
-4.051799212598425
0
LINE
8
BLACK
6
CONTINUOUS
10
7.7069177559055113
20
-4.051799212598425
11
7.7510174015748028
21
-4.0426351968503935
0
LINE
8
BLACK
6
CONTINUOUS
10
7.7510174015748028
20
-4.0426351968503935
11
7.7947785039370077
21
-4.0319709448818895
0
LINE
8
BLACK
6
CONTINUOUS
10
7.7947785039370077
20
-4.0319709448818895
11
7.8381499999999997
21
-4.0198188188976376
0
LINE
8
BLACK
6
CONTINUOUS
10
7.8381499999999997
20
-4.0198188188976376
11
7.8810812992125978
21
-4.0061930314960632
0
LINE
8
BLACK
6
CONTINUOUS
10
7.8810812992125978
20
-4.0061930314960632
11
7.9235224015748029
21
-3.9911094488188974
0
LINE
8
BLACK
6
CONTINUOUS
10
7.9235224015748029
20
-3.9911094488188974
11
7.9654237795275593
21
-3.9745857086614174
0
LINE
8
BLACK
6
CONTINUOUS
10
7.9654237795275593
20
-3.9745857086614174
11
8.0067365748031492
21
-3.9566410236220473
0
LINE
8
BLACK
6
CONTINUOUS
10
8.0067365748031492
20
-3.9566410236220473
11
8.0474126771653545
21
-3.9372962992125982
0
LINE
8
BLACK
6
CONTINUOUS
10
8.0474126771653545
20
-3.9372962992125982
11
8.0874045669291341
21
-3.9165741732283466
0
LINE
8
BLACK
6
CONTINUOUS
10
8.0874045669291341
20
-3.9165741732283466
11
8.1266657086614167
21
-3.8944987401574802
0
LINE
8
BLACK
6
CONTINUOUS
10
8.1266657086614167
20
-3.8944987401574802
11
8.1651502362204731
21
-3.8710957874015746
0
LINE
8
BLACK
6
CONTINUOUS
10
8.1651502362204731
20
-3.8710957874015746
11
8.2028133858267722
21
-3.8463925196850393
0
LINE
8
BLACK
6
CONTINUOUS
10
8.2028133858267722
20
-3.8463925196850393
11
8.2396111417322828
21
-3.8204178346456694
0
LINE
8
BLACK
6
CONTINUOUS
10
8.2396111417322828
20
-3.8204178346456694
11
8.2755006299212592
21
-3.7932019685039369
0
LINE
8
BLACK
6
CONTINUOUS
10
8.2755006299212592
20
-3.7932019685039369
11
8.3104400393700786
21
-3.7647766535433069
0
LINE
8
BLACK
6
CONTINUOUS
10
8.3104400393700786
20
-3.7647766535433069
11
8.3443885826771655
21
-3.7351750393700787
0
LINE
8
BLACK
6
CONTINUOUS
10
8.3443885826771655
20
-3.7351750393700787
11
8.3773067322834649
21
-3.7044316535433071
0
LINE
8
BLACK
6
CONTINUOUS
10
8.3773067322834649
20
-3.7044316535433071
11
8.4091560629921265
21
-3.6725823228346455
0
LINE
8
BLACK
6
CONTINUOUS
10
8.4091560629921265
20
-3.6725823228346455
11
8.4398994488188972
21
-3.6396641732283466
0
LINE
8
BLACK
6
CONTINUOUS
10
8.4398994488188972
20
-3.6396641732283466
11
8.4695010629921264
21
-3.6057156299212596
0
LINE
8
BLACK
6
CONTINUOUS
10
8.4695010629921264
20
-3.6057156299212596
11
8.497926377952755
21
-3.5707762204724407
0
LINE
8
BLACK
6
CONTINUOUS
10
8.497926377952755
20
-3.5707762204724407
11
8.5251422440944875
21
-3.5348867322834643
0
LINE
8
BLACK
6
CONTINUOUS
10
8.5251422440944875
20
-3.5348867322834643
11
8.5511169291338582
21
-3.4980889763779528
0
LINE
8
BLACK
6
CONTINUOUS
10
8.5511169291338582
20
-3.4980889763779528
11
8.575820196850394
21
-3.4604258267716537
0
LINE
8
BLACK
6
CONTINUOUS
10
8.575820196850394
20
-3.4604258267716537
11
8.5992231496062992
21
-3.4219412992125982
0
LINE
8
BLACK
6
CONTINUOUS
10
8.5992231496062992
20
-3.4219412992125982
11
8.6212985826771646
21
-3.3826801574803147
0
LINE
8
BLACK
6
CONTINUOUS
10
8.6212985826771646
20
-3.3826801574803147
11
8.6420207086614163
21
-3.3426882677165355
0
LINE
8
BLACK
6
CONTINUOUS
10
8.6420207086614163
20
-3.3426882677165355
11
8.6613654330708663
21
-3.3020121653543306
0
LINE
8
BLACK
6
CONTINUOUS
10
8.6613654330708663
20
-3.3020121653543306
11
8.6793101181102355
21
-3.2606993700787399
0
LINE
8
BLACK
6
CONTINUOUS
10
8.6793101181102355
20
-3.2606993700787399
11
8.6958338582677168
21
-3.2187979921259844
0
LINE
8
BLACK
6
CONTINUOUS
10
8.6958338582677168
20
-3.2187979921259844
11
8.7109174409448809
21
-3.1763568897637793
0
LINE
8
BLACK
6
CONTINUOUS
10
8.7109174409448809
20
-3.1763568897637793
11
8.724543228346457
21
-3.1334255905511812
0
LINE
8
BLACK
6
CONTINUOUS
10
8.724543228346457
20
-3.1334255905511812
11
8.736695354330708
21
-3.0900540944881887
0
LINE
8
BLACK
6
CONTINUOUS
10
8.736695354330708
20
-3.0900540944881887
11
8.7473596062992129
21
-3.0462929921259843
0
LINE
8
BLACK
6
CONTINUOUS
10
8.7473596062992129
20
-3.0462929921259843
11
8.7565236220472435
21
-3.0021933464566928
0
LINE
8
BLACK
6
CONTINUOUS
10
8.7565236220472435
20
-3.0021933464566928
11
8.7641766929133862
21
-2.9578064960629922
0
LINE
8
BLACK
6
CONTINUOUS
10
8.7641766929133862
20
-2.9578064960629922
11
8.770309881889764
21
-2.9131842519685041
0
LINE
8
BLACK
6
CONTINUOUS
10
8.770309881889764
20
-2.9131842519685041
11
8.7749160629921263
21
-2.8683786614173226
0
LINE
8
BLACK
6
CONTINUOUS
10
8.7749160629921263
20
-2.8683786614173226
11
8.7779898031496053
21
-2.8234418897637794
0
LINE
8
BLACK
6
CONTINUOUS
10
8.7779898031496053
20
-2.8234418897637794
11
8.7795275590551185
21
-2.7784263779527558
0
LINE
8
BLACK
6
CONTINUOUS
10
8.7795275590551185
20
-2.7784263779527558
11
8.7795275590551185
21
-2.7333846456692914
0
LINE
8
BLACK
6
CONTINUOUS
10
8.7795275590551185
20
-2.7333846456692914
11
8.7779898031496053
21
-2.6883691338582678
0
LINE
8
BLACK
6
CONTINUOUS
10
8.7779898031496053
20
-2.6883691338582678
11
8.7749160629921263
21
-2.6434323622047242
0
LINE
8
BLACK
6
CONTINUOUS
10
8.7749160629921263
20
-2.6434323622047242
11
8.770309881889764
21
-2.5986267716535432
0
LINE
8
BLACK
6
CONTINUOUS
10
8.770309881889764
20
-2.5986267716535432
11
8.7641766929133862
21
-2.554004527559055
0
LINE
8
BLACK
6
CONTINUOUS
10
8.7641766929133862
20
-2.554004527559055
11
8.7565236220472435
21
-2.5096176771653544
0
LINE
8
BLACK
6
CONTINUOUS
10
8.7565236220472435
20
-2.5096176771653544
11
8.7473596062992129
21
-2.465518031496063
0
LINE
8
BLACK
6
CONTINUOUS
10
8.7473596062992129
20
-2.465518031496063
11
8.736695354330708
21
-2.4217569291338581
0
LINE
8
BLACK
6
CONTINUOUS
10
8.736695354330708
20
-2.4217569291338581
11
8.724543228346457
21
-2.378385433070866
0
LINE
8
BLACK
6
CONTINUOUS
10
8.724543228346457
20
-2.378385433070866
11
8.7109174409448809
21
-2.3354541338582675
0
LINE
8
BLACK
6
CONTINUOUS
10
8.7109174409448809
20
-2.3354541338582675
11
8.6958338582677168
21
-2.2930130314960628
0
LINE
8
BLACK
6
CONTINUOUS
10
8.6958338582677168
20
-2.2930130314960628
11
8.6793101181102355
21
-2.2511116535433069
0
LINE
8
BLACK
6
CONTINUOUS
10
8.6793101181102355
20
-2.2511116535433069
11
8.6613654330708663
21
-2.2097988582677166
0
LINE
8
BLACK
6
CONTINUOUS
10
8.6613654330708663
20
-2.2097988582677166
11
8.6420207086614163
21
-2.1691227559055117
0
LINE
8
BLACK
6
CONTINUOUS
10
8.6420207086614163
20
-2.1691227559055117
11
8.6212985826771646
21
-2.1291308661417321
0
LINE
8
BLACK
6
CONTINUOUS
10
8.6212985826771646
20
-2.1291308661417321
11
8.5992231496062992
21
-2.0898697244094486
0
LINE
8
BLACK
6
CONTINUOUS
10
8.5992231496062992
20
-2.0898697244094486
11
8.575820196850394
21
-2.0513851968503936
0
LINE
8
BLACK
6
CONTINUOUS
10
8.575820196850394
20
-2.0513851968503936
11
8.5511169291338582
21
-2.0137220472440944
0
LINE
8
BLACK
6
CONTINUOUS
10
8.5511169291338582
20
-2.0137220472440944
11
8.5251422440944875
21
-1.9769242913385827
0
LINE
8
BLACK
6
CONTINUOUS
10
8.5251422440944875
20
-1.9769242913385827
11
8.497926377952755
21
-1.9410348031496063
0
LINE
8
BLACK
6
CONTINUOUS
10
8.497926377952755
20
-1.9410348031496063
11
8.4695010629921264
21
-1.9060953937007874
0
LINE
8
BLACK
6
CONTINUOUS
10
8.4695010629921264
20
-1.9060953937007874
11
8.4398994488188972
21
-1.8721468503937007
0
LINE
8
BLACK
6
CONTINUOUS
10
8.4398994488188972
20
-1.8721468503937007
11
8.4091560629921265
21
-1.8392287007874015
0
LINE
8
BLACK
6
CONTINUOUS
10
8.4091560629921265
20
-1.8392287007874015
11
8.3773067322834649
21
-1.8073793700787402
0
LINE
8
BLACK
6
CONTINUOUS
10
8.3773067322834649
20
-1.8073793700787402
11
8.3443885826771655
21
-1.7766359842519686
0
LINE
8
BLACK
6
CONTINUOUS
10
8.3443885826771655
20
-1.7766359842519686
11
8.3104400393700786
21
-1.7470343700787401
0
LINE
8
BLACK
6
CONTINUOUS
10
8.3104400393700786
20
-1.7470343700787401
11
8.2755006299212592
21
-1.7186090551181101
0
LINE
8
BLACK
6
CONTINUOUS
10
8.2755006299212592
20
-1.7186090551181101
11
8.2396111417322828
21
-1.6913931889763778
0
LINE
8
BLACK
6
CONTINUOUS
10
8.2396111417322828
20
-1.6913931889763778
11
8.2028133858267722
21
-1.6654185039370077
0
LINE
8
BLACK
6
CONTINUOUS
10
8.2028133858267722
20
-1.6654185039370077
11
8.1651502362204731
21
-1.6407152362204724
0
LINE
8
BLACK
6
CONTINUOUS
10
8.1651502362204731
20
-1.6407152362204724
11
8.1266657086614167
21
-1.6173122834645668
0
LINE
8
BLACK
6
CONTINUOUS
10
8.1266657086614167
20
-1.6173122834645668
11
8.0874045669291341
21
-1.5952368503937007
0
LINE
8
BLACK
6
CONTINUOUS
10
8.0874045669291341
20
-1.5952368503937007
11
8.0474126771653545
21
-1.5745147244094488
0
LINE
8
BLACK
6
CONTINUOUS
10
8.0474126771653545
20
-1.5745147244094488
11
8.0067365748031492
21
-1.5551699999999999
0
LINE
8
BLACK
6
CONTINUOUS
10
8.0067365748031492
20
-1.5551699999999999
11
7.9654237795275593
21
-1.5372253149606299
0
LINE
8
BLACK
6
CONTINUOUS
10
7.9654237795275593
20
-1.5372253149606299
11
7.9235224015748029
21
-1.5207015748031496
0
LINE
8
BLACK
6
CONTINUOUS
10
7.9235224015748029
20
-1.5207015748031496
11
7.8810812992125978
21
-1.5056179921259842
0
LINE
8
BLACK
6
CONTINUOUS
10
7.8810812992125978
20
-1.5056179921259842
11
7.8381499999999997
21
-1.4919922047244094
0
LINE
8
BLACK
6
CONTINUOUS
10
7.8381499999999997
20
-1.4919922047244094
11
7.7947785039370077
21
-1.4798400787401575
0
LINE
8
BLACK
6
CONTINUOUS
10
7.7947785039370077
20
-1.4798400787401575
11
7.7510174015748028
21
-1.4691758267716535
0
LINE
8
BLACK
6
CONTINUOUS
10
7.7510174015748028
20
-1.4691758267716535
11
7.7069177559055113
21
-1.460011811023622
0
LINE
8
BLACK
6
CONTINUOUS
10
7.7069177559055113
20
-1.460011811023622
11
7.6625309055118107
21
-1.4523587401574802
0
LINE
8
BLACK
6
CONTINUOUS
10
7.6625309055118107
20
-1.4523587401574802
11
7.6179086614173226
21
-1.4462255511811024
0
LINE
8
BLACK
6
CONTINUOUS
10
7.6179086614173226
20
-1.4462255511811024
11
7.573103070866142
21
-1.4416193700787401
0
LINE
8
BLACK
6
CONTINUOUS
10
7.573103070866142
20
-1.4416193700787401
11
7.5281662992125984
21
-1.4385456299212598
0
LINE
8
BLACK
6
CONTINUOUS
10
7.5281662992125984
20
-1.4385456299212598
11
7.4831507874015744
21
-1.4370078740157479
0
LINE
8
BLACK
6
CONTINUOUS
10
7.4831507874015744
20
-1.4370078740157479
11
7.4381090551181099
21
-1.4370078740157479
0
LINE
8
BLACK
6
CONTINUOUS
10
7.4381090551181099
20
-1.4370078740157479
11
7.3930935433070868
21
-1.4385456299212598
0
LINE
8
BLACK
6
CONTINUOUS
10
7.3930935433070868
20
-1.4385456299212598
11
7.3481567716535432
21
-1.4416193700787401
0
LINE
8
BLACK
6
CONTINUOUS
10
7.3481567716535432
20
-1.4416193700787401
11
7.3033511811023617
21
-1.4462255511811024
0
LINE
8
BLACK
6
CONTINUOUS
10
7.3033511811023617
20
-1.4462255511811024
11
7.2587289370078736
21
-1.4523587401574802
0
LINE
8
BLACK
6
CONTINUOUS
10
7.2587289370078736
20
-1.4523587401574802
11
7.214342086614173
21
-1.460011811023622
0
LINE
8
BLACK
6
CONTINUOUS
10
7.214342086614173
20
-1.460011811023622
11
7.1702424409448815
21
-1.4691758267716535
0
LINE
8
BLACK
6
CONTINUOUS
10
7.1702424409448815
20
-1.4691758267716535
11
7.1264813385826766
21
-1.4798400787401575
0
LINE
8
BLACK
6
CONTINUOUS
10
7.1264813385826766
20
-1.4798400787401575
11
7.0831098425196846
21
-1.4919922047244094
0
LINE
8
BLACK
6
CONTINUOUS
10
7.0831098425196846
20
-1.4919922047244094
11
7.0401785433070865
21
-1.5056179921259842
0
LINE
8
BLACK
6
CONTINUOUS
10
7.0401785433070865
20
-1.5056179921259842
11
6.9977374409448814
21
-1.5207015748031496
0
LINE
8
BLACK
6
CONTINUOUS
10
6.9977374409448814
20
-1.5207015748031496
11
6.9558360629921259
21
-1.5372253149606299
0
LINE
8
BLACK
6
CONTINUOUS
10
6.9558360629921259
20
-1.5372253149606299
11
6.9145232677165351
21
-1.5551699999999999
0
LINE
8
BLACK
6
CONTINUOUS
10
6.9145232677165351
20
-1.5551699999999999
11
6.8738471653543307
21
-1.5745147244094488
0
LINE
8
BLACK
6
CONTINUOUS
10
6.8738471653543307
20
-1.5745147244094488
11
6.8338552755905511
21
-1.5952368503937007
0
LINE
8
BLACK
6
CONTINUOUS
10
6.8338552755905511
20
-1.5952368503937007
11
6.7945941338582676
21
-1.6173122834645668
0
LINE
8
BLACK
6
CONTINUOUS
10
6.7945941338582676
20
-1.6173122834645668
11
6.7561096062992121
21
-1.6407152362204724
0
LINE
8
BLACK
6
CONTINUOUS
10
6.7561096062992121
20
-1.6407152362204724
11
6.718446456692913
21
-1.6654185039370077
0
LINE
8
BLACK
6
CONTINUOUS
10
6.718446456692913
20
-1.6654185039370077
11
6.6816487007874015
21
-1.6913931889763778
0
LINE
8
BLACK
6
CONTINUOUS
10
6.6816487007874015
20
-1.6913931889763778
11
6.6457592125984251
21
-1.7186090551181101
0
LINE
8
BLACK
6
CONTINUOUS
10
6.6457592125984251
20
-1.7186090551181101
11
6.6108198031496057
21
-1.7470343700787401
0
LINE
8
BLACK
6
CONTINUOUS
10
6.6108198031496057
20
-1.7470343700787401
11
6.5768712598425196
21
-1.7766359842519686
0
LINE
8
BLACK
6
CONTINUOUS
10
6.5768712598425196
20
-1.7766359842519686
11
6.5439531102362203
21
-1.8073793700787402
0
LINE
8
BLACK
6
CONTINUOUS
10
6.5439531102362203
20
-1.8073793700787402
11
6.5121037795275587
21
-1.8392287007874015
0
LINE
8
BLACK
6
CONTINUOUS
10
6.5121037795275587
20
-1.8392287007874015
11
6.4813603937007871
21
-1.8721468503937007
0
LINE
8
BLACK
6
CONTINUOUS
10
6.4813603937007871
20
-1.8721468503937007
11
6.4517587795275588
21
-1.9060953937007874
0
LINE
8
BLACK
6
CONTINUOUS
10
6.4517587795275588
20
-1.9060953937007874
11
6.4233334645669293
21
-1.9410348031496063
0
LINE
8
BLACK
6
CONTINUOUS
10
6.4233334645669293
20
-1.9410348031496063
11
6.3961175984251968
21
-1.9769242913385827
0
LINE
8
BLACK
6
CONTINUOUS
10
6.3961175984251968
20
-1.9769242913385827
11
6.3701429133858269
21
-2.0137220472440944
0
LINE
8
BLACK
6
CONTINUOUS
10
6.3701429133858269
20
-2.0137220472440944
11
6.3454396456692912
21
-2.0513851968503936
0
LINE
8
BLACK
6
CONTINUOUS
10
6.3454396456692912
20
-2.0513851968503936
11
6.322036692913386
21
-2.0898697244094486
0
LINE
8
BLACK
6
CONTINUOUS
10
6.322036692913386
20
-2.0898697244094486
11
6.2999612598425196
21
-2.1291308661417321
0
LINE
8
BLACK
6
CONTINUOUS
10
6.2999612598425196
20
-2.1291308661417321
11
6.2792391338582672
21
-2.1691227559055117
0
LINE
8
BLACK
6
CONTINUOUS
10
6.2792391338582672
20
-2.1691227559055117
11
6.2598944094488189
21
-2.2097988582677166
0
LINE
8
BLACK
6
CONTINUOUS
10
6.2598944094488189
20
-2.2097988582677166
11
6.2419497244094488
21
-2.2511116535433069
0
LINE
8
BLACK
6
CONTINUOUS
10
6.2419497244094488
20
-2.2511116535433069
11
6.2254259842519684
21
-2.2930130314960628
0
LINE
8
BLACK
6
CONTINUOUS
10
6.2254259842519684
20
-2.2930130314960628
11
6.2103424015748034
21
-2.3354541338582675
0
LINE
8
BLACK
6
CONTINUOUS
10
6.2103424015748034
20
-2.3354541338582675
11
6.1967166141732282
21
-2.378385433070866
0
LINE
8
BLACK
6
CONTINUOUS
10
6.1967166141732282
20
-2.378385433070866
11
6.1845644881889763
21
-2.4217569291338581
0
LINE
8
BLACK
6
CONTINUOUS
10
6.1845644881889763
20
-2.4217569291338581
11
6.1739002362204722
21
-2.465518031496063
0
LINE
8
BLACK
6
CONTINUOUS
10
6.1739002362204722
20
-2.465518031496063
11
6.1647362204724407
21
-2.5096176771653544
0
LINE
8
BLACK
6
CONTINUOUS
10
6.1647362204724407
20
-2.5096176771653544
11
6.157083149606299
21
-2.554004527559055
0
LINE
8
BLACK
6
CONTINUOUS
10
6.157083149606299
20
-2.554004527559055
11
6.1509499606299212
21
-2.5986267716535432
0
LINE
8
BLACK
6
CONTINUOUS
10
6.1509499606299212
20
-2.5986267716535432
11
6.1463437795275588
21
-2.6434323622047242
0
LINE
8
BLACK
6
CONTINUOUS
10
6.1463437795275588
20
-2.6434323622047242
11
6.143270039370079
21
-2.6883691338582678
0
LINE
8
BLACK
6
CONTINUOUS
10
6.143270039370079
20
-2.6883691338582678
11
6.1417322834645667
21
-2.7333846456692914
0
LINE
8
BLACK
6
CONTINUOUS
10
6.1417322834645667
20
-2.7333846456692914
11
6.1417322834645667
21
-2.7784263779527558
0
CIRCLE
8
BLACK
10
8.2692913385826774
20
-2.9527559055118111
40
0.0068897637795276
0
CIRCLE
8
BLACK
10
8.1692913385826778
20
-2.9527559055118111
40
0.0068897637795276
0
CIRCLE
8
BLACK
10
8.0692913385826763
20
-2.9527559055118111
40
0.0068897637795276
0
CIRCLE
8
BLACK
10
8.4858267716535423
20
-2.5787401574803148
40
0.0068897637795276
0
CIRCLE
8
BLACK
10
8.3858267716535426
20
-2.5787401574803148
40
0.0068897637795276
0
CIRCLE
8
BLACK
10
8.285826771653543
20
-2.5787401574803148
40
0.0068897637795276
0
CIRCLE
8
BLACK
10
8.1858267716535433
20
-2.5787401574803148
40
0.0068897637795276
0
CIRCLE
8
BLACK
10
8.4744094488188981
20
-3.1692913385826773
40
0.0068897637795276
0
CIRCLE
8
BLACK
10
8.3759842519685037
20
-3.1692913385826773
40
0.0068897637795276
0
CIRCLE
8
BLACK
10
8.3283464566929126
20
-2.0866141732283463
40
0.0068897637795276
0
CIRCLE
8
BLACK
10
8.228346456692913
20
-2.0866141732283463
40
0.0068897637795276
0
CIRCLE
8
BLACK
10
8.1283464566929133
20
-2.0866141732283463
40
0.0068897637795276
0
CIRCLE
8
BLACK
10
8.3169291338582667
20
-3.4055118110236218
40
0.0068897637795276
0
CIRCLE
8
BLACK
10
8.2185039370078741
20
-3.4055118110236218
40
0.0068897637795276
0
CIRCLE
8
BLACK
10
6.8110236220472435
20
-1.889763779527559
40
0.0068897637795276
0
CIRCLE
8
BLACK
10
6.8110236220472435
20
-2.0866141732283463
40
0.0068897637795276
0
CIRCLE
8
BLACK
10
8.4960629921259834
20
-2.795275590551181
40
0.0068897637795276
0
CIRCLE
8
BLACK
10
8.4960629921259834
20
-2.8937007874015745
40
0.0068897637795276
0
CIRCLE
8
BLACK
10
6.9862204724409445
20
-2.5822834645669293
40
0.0068897637795276
0
CIRCLE
8
BLACK
10
6.9862204724409445
20
-3.282283464566929
40
0.0068897637795276
0
CIRCLE
8
BLACK
10
7.8862204724409448
20
-3.282283464566929
40
0.0068897637795276
0
CIRCLE
8
BLACK
10
7.8862204724409448
20
-3.3822834645669291
40
0.0068897637795276
0
CIRCLE
8
BLACK
10
6.9862204724409445
20
-1.9822834645669292
40
0.0068897637795276
0
CIRCLE
8
BLACK
10
6.9862204724409445
20
-2.282283464566929
40
0.0068897637795276
0
CIRCLE
8
BLACK
10
6.9862204724409445
20
-2.3822834645669291
40
0.0068897637795276
0
CIRCLE
8
BLACK
10
6.9862204724409445
20
-2.4822834645669292
40
0.0068897637795276
0
CIRCLE
8
BLACK
10
6.9862204724409445
20
-2.6822834645669289
40
0.0068897637795276
0
CIRCLE
8
BLACK
10
6.9862204724409445
20
-2.782283464566929
40
0.0068897637795276
0
CIRCLE
8
BLACK
10
6.9862204724409445
20
-2.8822834645669291
40
0.0068897637795276
0
CIRCLE
8
BLACK
10
6.9862204724409445
20
-2.9822834645669292
40
0.0068897637795276
0
CIRCLE
8
BLACK
10
6.9862204724409445
20
-3.0822834645669293
40
0.0068897637795276
0
CIRCLE
8
BLACK
10
6.9862204724409445
20
-3.1822834645669289
40
0.0068897637795276
0
CIRCLE
8
BLACK
10
7.8862204724409448
20
-3.1822834645669289
40
0.0068897637795276
0
CIRCLE
8
BLACK
10
7.8862204724409448
20
-3.0822834645669293
40
0.0068897637795276
0
CIRCLE
8
BLACK
10
7.8862204724409448
20
-2.9822834645669292
40
0.0068897637795276
0
CIRCLE
8
BLACK
10
7.8862204724409448
20
-2.8822834645669291
40
0.0068897637795276
0
CIRCLE
8
BLACK
10
7.8862204724409448
20
-2.782283464566929
40
0.0068897637795276
0
CIRCLE
8
BLACK
10
7.8862204724409448
20
-2.6822834645669289
40
0.0068897637795276
0
CIRCLE
8
BLACK
10
7.8862204724409448
20
-2.5822834645669293
40
0.0068897637795276
0
CIRCLE
8
BLACK
10
7.8862204724409448
20
-2.4822834645669292
40
0.0068897637795276
0
CIRCLE
8
BLACK
10
7.8862204724409448
20
-2.3822834645669291
40
0.0068897637795276
0
CIRCLE
8
BLACK
10
7.8862204724409448
20
-2.282283464566929
40
0.0068897637795276
0
CIRCLE
8
BLACK
10
7.8862204724409448
20
-2.1822834645669289
40
0.0068897637795276
0
CIRCLE
8
BLACK
10
7.8862204724409448
20
-2.0822834645669293
40
0.0068897637795276
0
CIRCLE
8
BLACK
10
7.8862204724409448
20
-1.9822834645669292
40
0.0068897637795276
0
CIRCLE
8
BLACK
10
6.9862204724409445
20
-3.3822834645669291
40
0.0068897637795276
0
CIRCLE
8
BLACK
10
6.9862204724409445
20
-2.1822834645669289
40
0.0068897637795276
0
CIRCLE
8
BLACK
10
6.9862204724409445
20
-2.0822834645669293
40
0.0068897637795276
0
CIRCLE
8
BLACK
10
7.1741141732283467
20
-3.6555118110236218
40
0.0068897637795276
0
CIRCLE
8
BLACK
10
7.1741141732283467
20
-3.5555118110236221
40
0.0068897637795276
0
CIRCLE
8
BLACK
10
7.1741141732283467
20
-3.455511811023622
40
0.0068897637795276
0
CIRCLE
8
BLACK
10
7.1741141732283467
20
-3.3555118110236219
40
0.0068897637795276
0
CIRCLE
8
BLACK
10
7.1741141732283467
20
-3.2555118110236219
40
0.0068897637795276
0
CIRCLE
8
BLACK
10
7.1741141732283467
20
-3.1555118110236218
40
0.0068897637795276
0
CIRCLE
8
BLACK
10
7.1802165354330709
20
-2.9803149606299213
40
0.0068897637795276
0
CIRCLE
8
BLACK
10
7.1802165354330709
20
-2.8803149606299212
40
0.0068897637795276
0
CIRCLE
8
BLACK
10
7.1802165354330709
20
-2.7803149606299211
40
0.0068897637795276
0
CIRCLE
8
BLACK
10
7.1802165354330709
20
-2.680314960629921
40
0.0068897637795276
0
CIRCLE
8
BLACK
10
7.1802165354330709
20
-2.5803149606299214
40
0.0068897637795276
0
CIRCLE
8
BLACK
10
7.1802165354330709
20
-2.4803149606299213
40
0.0068897637795276
0
CIRCLE
8
BLACK
10
7.1802165354330709
20
-2.3803149606299212
40
0.0068897637795276
0
CIRCLE
8
BLACK
10
7.1802165354330709
20
-2.2803149606299211
40
0.0068897637795276
0
CIRCLE
8
BLACK
10
7.1802165354330709
20
-2.180314960629921
40
0.0068897637795276
0
CIRCLE
8
BLACK
10
7.1802165354330709
20
-2.0803149606299214
40
0.0068897637795276
0
CIRCLE
8
BLACK
10
7.1802165354330709
20
-1.9803149606299213
40
0.0068897637795276
0
CIRCLE
8
BLACK
10
6.5944881889763778
20
-2.9527559055118111
40
0.015748031496063
0
CIRCLE
8
BLACK
10
6.6141732283464565
20
-2.3228346456692912
40
0.015748031496063
0
CIRCLE
8
BLACK
10
7.4753937007874018
20
-1.5206692913385826
40
0.0059055118110236
0
CIRCLE
8
BLACK
10
8.5039370078740149
20
-2.106299212598425
40
0.0059055118110236
0
CIRCLE
8
BLACK
10
7.5984251968503935
20
-3.0708661417322833
40
0.015748031496063
0
CIRCLE
8
BLACK
10
7.9921259842519685
20
-1.8700787401574803
40
0.015748031496063
0
CIRCLE
8
BLACK
10
8.0708661417322833
20
-1.811023622047244
40
0.015748031496063
0
CIRCLE
8
WHITE
10
6.5944881889763778
20
-2.9527559055118111
40
0.0068897637795276
0
CIRCLE
8
WHITE
10
6.6141732283464565
20
-2.3228346456692912
40
0.0068897637795276
0
CIRCLE
8
WHITE
10
7.4753937007874018
20
-1.5206692913385826
40
0.0059055118110236
0
CIRCLE
8
WHITE
10
8.5039370078740149
20
-2.106299212598425
40
0.0059055118110236
0
CIRCLE
8
WHITE
10
7.5984251968503935
20
-3.0708661417322833
40
0.0068897637795276
0
CIRCLE
8
WHITE
10
7.9921259842519685
20
-1.8700787401574803
40
0.0068897637795276
0
CIRCLE
8
WHITE
10
8.0708661417322833
20
-1.811023622047244
40
0.0068897637795276
0
CIRCLE
8
WHITE
10
8.2692913385826774
20
-2.9527559055118111
40
0.0068897637795276
0
CIRCLE
8
WHITE
10
8.1692913385826778
20
-2.9527559055118111
40
0.0068897637795276
0
CIRCLE
8
WHITE
10
8.0692913385826763
20
-2.9527559055118111
40
0.0068897637795276
0
CIRCLE
8
WHITE
10
8.4858267716535423
20
-2.5787401574803148
40
0.0068897637795276
0
CIRCLE
8
WHITE
10
8.3858267716535426
20
-2.5787401574803148
40
0.0068897637795276
0
CIRCLE
8
WHITE
10
8.285826771653543
20
-2.5787401574803148
40
0.0068897637795276
0
CIRCLE
8
WHITE
10
8.1858267716535433
20
-2.5787401574803148
40
0.0068897637795276
0
CIRCLE
8
WHITE
10
8.4744094488188981
20
-3.1692913385826773
40
0.0068897637795276
0
CIRCLE
8
WHITE
10
8.3759842519685037
20
-3.1692913385826773
40
0.0068897637795276
0
CIRCLE
8
WHITE
10
8.3283464566929126
20
-2.0866141732283463
40
0.0068897637795276
0
CIRCLE
8
WHITE
10
8.228346456692913
20
-2.0866141732283463
40
0.0068897637795276
0
CIRCLE
8
WHITE
10
8.1283464566929133
20
-2.0866141732283463
40
0.0068897637795276
0
CIRCLE
8
WHITE
10
8.3169291338582667
20
-3.4055118110236218
40
0.0068897637795276
0
CIRCLE
8
WHITE
10
8.2185039370078741
20
-3.4055118110236218
40
0.0068897637795276
0
CIRCLE
8
WHITE
10
6.8110236220472435
20
-1.889763779527559
40
0.0068897637795276
0
CIRCLE
8
WHITE
10
6.8110236220472435
20
-2.0866141732283463
40
0.0068897637795276
0
CIRCLE
8
WHITE
10
8.4960629921259834
20
-2.795275590551181
40
0.0068897637795276
0
CIRCLE
8
WHITE
10
8.4960629921259834
20
-2.8937007874015745
40
0.0068897637795276
0
CIRCLE
8
WHITE
10
6.9862204724409445
20
-2.5822834645669293
40
0.0068897637795276
0
CIRCLE
8
WHITE
10
6.9862204724409445
20
-3.282283464566929
40
0.0068897637795276
0
CIRCLE
8
WHITE
10
7.8862204724409448
20
-3.282283464566929
40
0.0068897637795276
0
CIRCLE
8
WHITE
10
7.8862204724409448
20
-3.3822834645669291
40
0.0068897637795276
0
CIRCLE
8
WHITE
10
6.9862204724409445
20
-1.9822834645669292
40
0.0068897637795276
0
CIRCLE
8
WHITE
10
6.9862204724409445
20
-2.282283464566929
40
0.0068897637795276
0
CIRCLE
8
WHITE
10
6.9862204724409445
20
-2.3822834645669291
40
0.0068897637795276
0
CIRCLE
8
WHITE
10
6.9862204724409445
20
-2.4822834645669292
40
0.0068897637795276
0
CIRCLE
8
WHITE
10
6.9862204724409445
20
-2.6822834645669289
40
0.0068897637795276
0
CIRCLE
8
WHITE
10
6.9862204724409445
20
-2.782283464566929
40
0.0068897637795276
0
CIRCLE
8
WHITE
10
6.9862204724409445
20
-2.8822834645669291
40
0.0068897637795276
0
CIRCLE
8
WHITE
10
6.9862204724409445
20
-2.9822834645669292
40
0.0068897637795276
0
CIRCLE
8
WHITE
10
6.9862204724409445
20
-3.0822834645669293
40
0.0068897637795276
0
CIRCLE
8
WHITE
10
6.9862204724409445
20
-3.1822834645669289
40
0.0068897637795276
0
CIRCLE
8
WHITE
10
7.8862204724409448
20
-3.1822834645669289
40
0.0068897637795276
0
CIRCLE
8
WHITE
10
7.8862204724409448
20
-3.0822834645669293
40
0.0068897637795276
0
CIRCLE
8
WHITE
10
7.8862204724409448
20
-2.9822834645669292
40
0.0068897637795276
0
CIRCLE
8
WHITE
10
7.8862204724409448
20
-2.8822834645669291
40
0.0068897637795276
0
CIRCLE
8
WHITE
10
7.8862204724409448
20
-2.782283464566929
40
0.0068897637795276
0
CIRCLE
8
WHITE
10
7.8862204724409448
20
-2.6822834645669289
40
0.0068897637795276
0
CIRCLE
8
WHITE
10
7.8862204724409448
20
-2.5822834645669293
40
0.0068897637795276
0
CIRCLE
8
WHITE
10
7.8862204724409448
20
-2.4822834645669292
40
0.0068897637795276
0
CIRCLE
8
WHITE
10
7.8862204724409448
20
-2.3822834645669291
40
0.0068897637795276
0
CIRCLE
8
WHITE
10
7.8862204724409448
20
-2.282283464566929
40
0.0068897637795276
0
CIRCLE
8
WHITE
10
7.8862204724409448
20
-2.1822834645669289
40
0.0068897637795276
0
CIRCLE
8
WHITE
10
7.8862204724409448
20
-2.0822834645669293
40
0.0068897637795276
0
CIRCLE
8
WHITE
10
7.8862204724409448
20
-1.9822834645669292
40
0.0068897637795276
0
CIRCLE
8
WHITE
10
6.9862204724409445
20
-3.3822834645669291
40
0.0068897637795276
0
CIRCLE
8
WHITE
10
6.9862204724409445
20
-2.1822834645669289
40
0.0068897637795276
0
CIRCLE
8
WHITE
10
6.9862204724409445
20
-2.0822834645669293
40
0.0068897637795276
0
CIRCLE
8
WHITE
10
7.1741141732283467
20
-3.6555118110236218
40
0.0068897637795276
0
CIRCLE
8
WHITE
10
7.1741141732283467
20
-3.5555118110236221
40
0.0068897637795276
0
CIRCLE
8
WHITE
10
7.1741141732283467
20
-3.455511811023622
40
0.0068897637795276
0
CIRCLE
8
WHITE
10
7.1741141732283467
20
-3.3555118110236219
40
0.0068897637795276
0
CIRCLE
8
WHITE
10
7.1741141732283467
20
-3.2555118110236219
40
0.0068897637795276
0
CIRCLE
8
WHITE
10
7.1741141732283467
20
-3.1555118110236218
40
0.0068897637795276
0
CIRCLE
8
WHITE
10
7.1802165354330709
20
-2.9803149606299213
40
0.0068897637795276
0
CIRCLE
8
WHITE
10
7.1802165354330709
20
-2.8803149606299212
40
0.0068897637795276
0
CIRCLE
8
WHITE
10
7.1802165354330709
20
-2.7803149606299211
40
0.0068897637795276
0
CIRCLE
8
WHITE
10
7.1802165354330709
20
-2.680314960629921
40
0.0068897637795276
0
CIRCLE
8
WHITE
10
7.1802165354330709
20
-2.5803149606299214
40
0.0068897637795276
0
CIRCLE
8
WHITE
10
7.1802165354330709
20
-2.4803149606299213
40
0.0068897637795276
0
CIRCLE
8
WHITE
10
7.1802165354330709
20
-2.3803149606299212
40
0.0068897637795276
0
CIRCLE
8
WHITE
10
7.1802165354330709
20
-2.2803149606299211
40
0.0068897637795276
0
CIRCLE
8
WHITE
10
7.1802165354330709
20
-2.180314960629921
40
0.0068897637795276
0
CIRCLE
8
WHITE
10
7.1802165354330709
20
-2.0803149606299214
40
0.0068897637795276
0
CIRCLE
8
WHITE
10
7.1802165354330709
20
-1.9803149606299213
40
0.0068897637795276
  0
ENDSEC
  0
EOF
